schema_version,study_id,security_service_cv,immigration_service_cv,joint_scenario_id,security_only_scenario_id,immigration_only_scenario_id,reference_scenario_id,metric,contrast,n_pairs,interaction_mean,standard_deviation,standard_error,degrees_of_freedom,ci_level,ci_low,ci_high,crn_alignment_status,analysis_role
1.0,TASK3_SERVICE_VARIABILITY_SENSITIVITY_V1,0.5,0.5,SERVICE_VARIABILITY_SCV050_ICV050,SERVICE_VARIABILITY_SCV050_ICV000,SERVICE_VARIABILITY_SCV000_ICV050,SERVICE_VARIABILITY_SCV000_ICV000,total_queue_wait_p95_seconds,JOINT_MINUS_SECURITY_ONLY_MINUS_IMMIGRATION_ONLY_PLUS_REFERENCE,50,0.07135227002,1.00408899461,0.1419996274,49,0.95,-0.214006664885,0.356711204925,PASS,DESCRIPTIVE_FACTORIAL_INTERACTION
1.0,TASK3_SERVICE_VARIABILITY_SENSITIVITY_V1,0.5,0.5,SERVICE_VARIABILITY_SCV050_ICV050,SERVICE_VARIABILITY_SCV050_ICV000,SERVICE_VARIABILITY_SCV000_ICV050,SERVICE_VARIABILITY_SCV000_ICV000,total_queue_wait_mean_seconds,JOINT_MINUS_SECURITY_ONLY_MINUS_IMMIGRATION_ONLY_PLUS_REFERENCE,50,0.0194878497962,0.219711678837,0.0310719236023,49,0.95,-0.042953518445,0.0819292180374,PASS,DESCRIPTIVE_FACTORIAL_INTERACTION
1.0,TASK3_SERVICE_VARIABILITY_SENSITIVITY_V1,0.5,0.5,SERVICE_VARIABILITY_SCV050_ICV050,SERVICE_VARIABILITY_SCV050_ICV000,SERVICE_VARIABILITY_SCV000_ICV050,SERVICE_VARIABILITY_SCV000_ICV000,security_wait_p95_seconds,JOINT_MINUS_SECURITY_ONLY_MINUS_IMMIGRATION_ONLY_PLUS_REFERENCE,50,0,0,0,49,0.95,0,0,PASS,DESCRIPTIVE_FACTORIAL_INTERACTION
1.0,TASK3_SERVICE_VARIABILITY_SENSITIVITY_V1,0.5,0.5,SERVICE_VARIABILITY_SCV050_ICV050,SERVICE_VARIABILITY_SCV050_ICV000,SERVICE_VARIABILITY_SCV000_ICV050,SERVICE_VARIABILITY_SCV000_ICV000,immigration_wait_p95_seconds,JOINT_MINUS_SECURITY_ONLY_MINUS_IMMIGRATION_ONLY_PLUS_REFERENCE,50,-0.00994907486001,1.02610972264,0.145113828624,49,0.95,-0.301566231428,0.281668081708,PASS,DESCRIPTIVE_FACTORIAL_INTERACTION
1.0,TASK3_SERVICE_VARIABILITY_SENSITIVITY_V1,0.5,0.5,SERVICE_VARIABILITY_SCV050_ICV050,SERVICE_VARIABILITY_SCV050_ICV000,SERVICE_VARIABILITY_SCV000_ICV050,SERVICE_VARIABILITY_SCV000_ICV000,peak_security_waiting_queue,JOINT_MINUS_SECURITY_ONLY_MINUS_IMMIGRATION_ONLY_PLUS_REFERENCE,50,0,0,0,49,0.95,0,0,PASS,DESCRIPTIVE_FACTORIAL_INTERACTION
1.0,TASK3_SERVICE_VARIABILITY_SENSITIVITY_V1,0.5,0.5,SERVICE_VARIABILITY_SCV050_ICV050,SERVICE_VARIABILITY_SCV050_ICV000,SERVICE_VARIABILITY_SCV000_ICV050,SERVICE_VARIABILITY_SCV000_ICV000,peak_immigration_waiting_queue,JOINT_MINUS_SECURITY_ONLY_MINUS_IMMIGRATION_ONLY_PLUS_REFERENCE,50,-0.04,2.57903636489,0.364730820508,49,0.95,-0.772954025111,0.692954025111,PASS,DESCRIPTIVE_FACTORIAL_INTERACTION
1.0,TASK3_SERVICE_VARIABILITY_SENSITIVITY_V1,0.5,0.5,SERVICE_VARIABILITY_SCV050_ICV050,SERVICE_VARIABILITY_SCV050_ICV000,SERVICE_VARIABILITY_SCV000_ICV050,SERVICE_VARIABILITY_SCV000_ICV000,peak_total_waiting_queue,JOINT_MINUS_SECURITY_ONLY_MINUS_IMMIGRATION_ONLY_PLUS_REFERENCE,50,0.32,2.46973517543,0.349273298056,49,0.95,-0.381890970763,1.02189097076,PASS,DESCRIPTIVE_FACTORIAL_INTERACTION
1.0,TASK3_SERVICE_VARIABILITY_SENSITIVITY_V1,0.5,0.5,SERVICE_VARIABILITY_SCV050_ICV050,SERVICE_VARIABILITY_SCV050_ICV000,SERVICE_VARIABILITY_SCV000_ICV050,SERVICE_VARIABILITY_SCV000_ICV000,time_weighted_mean_security_waiting_queue,JOINT_MINUS_SECURITY_ONLY_MINUS_IMMIGRATION_ONLY_PLUS_REFERENCE,50,3.99680288865e-17,5.24475921936e-16,7.4172096194e-17,49,0.95,-1.09086378911e-16,1.89022436684e-16,PASS,DESCRIPTIVE_FACTORIAL_INTERACTION
1.0,TASK3_SERVICE_VARIABILITY_SENSITIVITY_V1,0.5,0.5,SERVICE_VARIABILITY_SCV050_ICV050,SERVICE_VARIABILITY_SCV050_ICV000,SERVICE_VARIABILITY_SCV000_ICV050,SERVICE_VARIABILITY_SCV000_ICV000,time_weighted_mean_immigration_waiting_queue,JOINT_MINUS_SECURITY_ONLY_MINUS_IMMIGRATION_ONLY_PLUS_REFERENCE,50,0.0269006955441,0.282510332407,0.03995299436,49,0.95,-0.0533878525709,0.107189243659,PASS,DESCRIPTIVE_FACTORIAL_INTERACTION
1.0,TASK3_SERVICE_VARIABILITY_SENSITIVITY_V1,0.5,0.5,SERVICE_VARIABILITY_SCV050_ICV050,SERVICE_VARIABILITY_SCV050_ICV000,SERVICE_VARIABILITY_SCV000_ICV050,SERVICE_VARIABILITY_SCV000_ICV000,time_weighted_mean_total_waiting_queue,JOINT_MINUS_SECURITY_ONLY_MINUS_IMMIGRATION_ONLY_PLUS_REFERENCE,50,0.0269006955441,0.282510332407,0.03995299436,49,0.95,-0.0533878525709,0.107189243659,PASS,DESCRIPTIVE_FACTORIAL_INTERACTION
1.0,TASK3_SERVICE_VARIABILITY_SENSITIVITY_V1,0.5,0.5,SERVICE_VARIABILITY_SCV050_ICV050,SERVICE_VARIABILITY_SCV050_ICV000,SERVICE_VARIABILITY_SCV000_ICV050,SERVICE_VARIABILITY_SCV000_ICV000,system_time_p95_seconds,JOINT_MINUS_SECURITY_ONLY_MINUS_IMMIGRATION_ONLY_PLUS_REFERENCE,50,-6.5833906466,1.59455812713,0.225504572938,49,0.95,-7.03655905223,-6.13022224097,PASS,DESCRIPTIVE_FACTORIAL_INTERACTION
1.0,TASK3_SERVICE_VARIABILITY_SENSITIVITY_V1,0.5,0.5,SERVICE_VARIABILITY_SCV050_ICV050,SERVICE_VARIABILITY_SCV050_ICV000,SERVICE_VARIABILITY_SCV000_ICV050,SERVICE_VARIABILITY_SCV000_ICV000,system_time_p99_seconds,JOINT_MINUS_SECURITY_ONLY_MINUS_IMMIGRATION_ONLY_PLUS_REFERENCE,50,-14.1601836063,5.29187668002,0.748384377129,49,0.95,-15.6641183185,-12.6562488942,PASS,DESCRIPTIVE_FACTORIAL_INTERACTION
1.0,TASK3_SERVICE_VARIABILITY_SENSITIVITY_V1,0.5,0.5,SERVICE_VARIABILITY_SCV050_ICV050,SERVICE_VARIABILITY_SCV050_ICV000,SERVICE_VARIABILITY_SCV000_ICV050,SERVICE_VARIABILITY_SCV000_ICV000,system_time_max_seconds,JOINT_MINUS_SECURITY_ONLY_MINUS_IMMIGRATION_ONLY_PLUS_REFERENCE,50,-27.9634160182,10.0150820395,1.41634648486,49,0.95,-30.8096708414,-25.1171611951,PASS,DESCRIPTIVE_FACTORIAL_INTERACTION
1.0,TASK3_SERVICE_VARIABILITY_SENSITIVITY_V1,0.5,0.5,SERVICE_VARIABILITY_SCV050_ICV050,SERVICE_VARIABILITY_SCV050_ICV000,SERVICE_VARIABILITY_SCV000_ICV050,SERVICE_VARIABILITY_SCV000_ICV000,cutoff_backlog,JOINT_MINUS_SECURITY_ONLY_MINUS_IMMIGRATION_ONLY_PLUS_REFERENCE,50,0.02,2.46187252443,0.348161351288,49,0.95,-0.679656430074,0.719656430074,PASS,DESCRIPTIVE_FACTORIAL_INTERACTION
1.0,TASK3_SERVICE_VARIABILITY_SENSITIVITY_V1,0.5,0.5,SERVICE_VARIABILITY_SCV050_ICV050,SERVICE_VARIABILITY_SCV050_ICV000,SERVICE_VARIABILITY_SCV000_ICV050,SERVICE_VARIABILITY_SCV000_ICV000,cohort_clear_time_after_cutoff_seconds,JOINT_MINUS_SECURITY_ONLY_MINUS_IMMIGRATION_ONLY_PLUS_REFERENCE,50,-7.90775754358,7.92122576391,1.12023049059,49,0.95,-10.1589449974,-5.6565700898,PASS,DESCRIPTIVE_FACTORIAL_INTERACTION
1.0,TASK3_SERVICE_VARIABILITY_SENSITIVITY_V1,0.5,1,SERVICE_VARIABILITY_SCV050_ICV100,SERVICE_VARIABILITY_SCV050_ICV000,SERVICE_VARIABILITY_SCV000_ICV100,SERVICE_VARIABILITY_SCV000_ICV000,total_queue_wait_p95_seconds,JOINT_MINUS_SECURITY_ONLY_MINUS_IMMIGRATION_ONLY_PLUS_REFERENCE,50,0.12493196776,1.66805877544,0.235899134306,49,0.95,-0.349125091002,0.598989026522,PASS,DESCRIPTIVE_FACTORIAL_INTERACTION
1.0,TASK3_SERVICE_VARIABILITY_SENSITIVITY_V1,0.5,1,SERVICE_VARIABILITY_SCV050_ICV100,SERVICE_VARIABILITY_SCV050_ICV000,SERVICE_VARIABILITY_SCV000_ICV100,SERVICE_VARIABILITY_SCV000_ICV000,total_queue_wait_mean_seconds,JOINT_MINUS_SECURITY_ONLY_MINUS_IMMIGRATION_ONLY_PLUS_REFERENCE,50,0.0285546397366,0.342766630115,0.0484745217038,49,0.95,-0.0688585587109,0.125967838184,PASS,DESCRIPTIVE_FACTORIAL_INTERACTION
1.0,TASK3_SERVICE_VARIABILITY_SENSITIVITY_V1,0.5,1,SERVICE_VARIABILITY_SCV050_ICV100,SERVICE_VARIABILITY_SCV050_ICV000,SERVICE_VARIABILITY_SCV000_ICV100,SERVICE_VARIABILITY_SCV000_ICV000,security_wait_p95_seconds,JOINT_MINUS_SECURITY_ONLY_MINUS_IMMIGRATION_ONLY_PLUS_REFERENCE,50,0,0,0,49,0.95,0,0,PASS,DESCRIPTIVE_FACTORIAL_INTERACTION
1.0,TASK3_SERVICE_VARIABILITY_SENSITIVITY_V1,0.5,1,SERVICE_VARIABILITY_SCV050_ICV100,SERVICE_VARIABILITY_SCV050_ICV000,SERVICE_VARIABILITY_SCV000_ICV100,SERVICE_VARIABILITY_SCV000_ICV000,immigration_wait_p95_seconds,JOINT_MINUS_SECURITY_ONLY_MINUS_IMMIGRATION_ONLY_PLUS_REFERENCE,50,0.07063060236,1.79496799406,0.253846808123,49,0.95,-0.439493657268,0.580754861988,PASS,DESCRIPTIVE_FACTORIAL_INTERACTION
1.0,TASK3_SERVICE_VARIABILITY_SENSITIVITY_V1,0.5,1,SERVICE_VARIABILITY_SCV050_ICV100,SERVICE_VARIABILITY_SCV050_ICV000,SERVICE_VARIABILITY_SCV000_ICV100,SERVICE_VARIABILITY_SCV000_ICV000,peak_security_waiting_queue,JOINT_MINUS_SECURITY_ONLY_MINUS_IMMIGRATION_ONLY_PLUS_REFERENCE,50,0,0,0,49,0.95,0,0,PASS,DESCRIPTIVE_FACTORIAL_INTERACTION
1.0,TASK3_SERVICE_VARIABILITY_SENSITIVITY_V1,0.5,1,SERVICE_VARIABILITY_SCV050_ICV100,SERVICE_VARIABILITY_SCV050_ICV000,SERVICE_VARIABILITY_SCV000_ICV100,SERVICE_VARIABILITY_SCV000_ICV000,peak_immigration_waiting_queue,JOINT_MINUS_SECURITY_ONLY_MINUS_IMMIGRATION_ONLY_PLUS_REFERENCE,50,-0.1,3.4831958115,0.492598275702,49,0.95,-1.0899132967,0.889913296703,PASS,DESCRIPTIVE_FACTORIAL_INTERACTION
1.0,TASK3_SERVICE_VARIABILITY_SENSITIVITY_V1,0.5,1,SERVICE_VARIABILITY_SCV050_ICV100,SERVICE_VARIABILITY_SCV050_ICV000,SERVICE_VARIABILITY_SCV000_ICV100,SERVICE_VARIABILITY_SCV000_ICV000,peak_total_waiting_queue,JOINT_MINUS_SECURITY_ONLY_MINUS_IMMIGRATION_ONLY_PLUS_REFERENCE,50,0.14,3.23885845347,0.458043755151,49,0.95,-0.780473387873,1.06047338787,PASS,DESCRIPTIVE_FACTORIAL_INTERACTION
1.0,TASK3_SERVICE_VARIABILITY_SENSITIVITY_V1,0.5,1,SERVICE_VARIABILITY_SCV050_ICV100,SERVICE_VARIABILITY_SCV050_ICV000,SERVICE_VARIABILITY_SCV000_ICV100,SERVICE_VARIABILITY_SCV000_ICV000,time_weighted_mean_security_waiting_queue,JOINT_MINUS_SECURITY_ONLY_MINUS_IMMIGRATION_ONLY_PLUS_REFERENCE,50,6.2172489379e-17,5.11558922223e-16,7.2345356576e-17,49,0.95,-8.32109477174e-17,2.07555926475e-16,PASS,DESCRIPTIVE_FACTORIAL_INTERACTION
1.0,TASK3_SERVICE_VARIABILITY_SENSITIVITY_V1,0.5,1,SERVICE_VARIABILITY_SCV050_ICV100,SERVICE_VARIABILITY_SCV050_ICV000,SERVICE_VARIABILITY_SCV000_ICV100,SERVICE_VARIABILITY_SCV000_ICV000,time_weighted_mean_immigration_waiting_queue,JOINT_MINUS_SECURITY_ONLY_MINUS_IMMIGRATION_ONLY_PLUS_REFERENCE,50,0.0567340949809,0.414489538095,0.0586176726235,49,0.95,-0.0610625283815,0.174530718343,PASS,DESCRIPTIVE_FACTORIAL_INTERACTION
1.0,TASK3_SERVICE_VARIABILITY_SENSITIVITY_V1,0.5,1,SERVICE_VARIABILITY_SCV050_ICV100,SERVICE_VARIABILITY_SCV050_ICV000,SERVICE_VARIABILITY_SCV000_ICV100,SERVICE_VARIABILITY_SCV000_ICV000,time_weighted_mean_total_waiting_queue,JOINT_MINUS_SECURITY_ONLY_MINUS_IMMIGRATION_ONLY_PLUS_REFERENCE,50,0.0567340949809,0.414489538095,0.0586176726235,49,0.95,-0.0610625283815,0.174530718343,PASS,DESCRIPTIVE_FACTORIAL_INTERACTION
1.0,TASK3_SERVICE_VARIABILITY_SENSITIVITY_V1,0.5,1,SERVICE_VARIABILITY_SCV050_ICV100,SERVICE_VARIABILITY_SCV050_ICV000,SERVICE_VARIABILITY_SCV000_ICV100,SERVICE_VARIABILITY_SCV000_ICV000,system_time_p95_seconds,JOINT_MINUS_SECURITY_ONLY_MINUS_IMMIGRATION_ONLY_PLUS_REFERENCE,50,-9.94679757522,3.12527552556,0.44198070344,49,0.95,-10.8349910521,-9.0586040983,PASS,DESCRIPTIVE_FACTORIAL_INTERACTION
1.0,TASK3_SERVICE_VARIABILITY_SENSITIVITY_V1,0.5,1,SERVICE_VARIABILITY_SCV050_ICV100,SERVICE_VARIABILITY_SCV050_ICV000,SERVICE_VARIABILITY_SCV000_ICV100,SERVICE_VARIABILITY_SCV000_ICV000,system_time_p99_seconds,JOINT_MINUS_SECURITY_ONLY_MINUS_IMMIGRATION_ONLY_PLUS_REFERENCE,50,-23.6186475087,7.44545626945,1.05294652343,49,0.95,-25.7346227682,-21.5026722492,PASS,DESCRIPTIVE_FACTORIAL_INTERACTION
1.0,TASK3_SERVICE_VARIABILITY_SENSITIVITY_V1,0.5,1,SERVICE_VARIABILITY_SCV050_ICV100,SERVICE_VARIABILITY_SCV050_ICV000,SERVICE_VARIABILITY_SCV000_ICV100,SERVICE_VARIABILITY_SCV000_ICV000,system_time_max_seconds,JOINT_MINUS_SECURITY_ONLY_MINUS_IMMIGRATION_ONLY_PLUS_REFERENCE,50,-48.8517556824,15.0501688617,2.12841529202,49,0.95,-53.1289663475,-44.5745450172,PASS,DESCRIPTIVE_FACTORIAL_INTERACTION
1.0,TASK3_SERVICE_VARIABILITY_SENSITIVITY_V1,0.5,1,SERVICE_VARIABILITY_SCV050_ICV100,SERVICE_VARIABILITY_SCV050_ICV000,SERVICE_VARIABILITY_SCV000_ICV100,SERVICE_VARIABILITY_SCV000_ICV000,cutoff_backlog,JOINT_MINUS_SECURITY_ONLY_MINUS_IMMIGRATION_ONLY_PLUS_REFERENCE,50,0.08,2.50582993706,0.354377868199,49,0.95,-0.63214898852,0.79214898852,PASS,DESCRIPTIVE_FACTORIAL_INTERACTION
1.0,TASK3_SERVICE_VARIABILITY_SENSITIVITY_V1,0.5,1,SERVICE_VARIABILITY_SCV050_ICV100,SERVICE_VARIABILITY_SCV050_ICV000,SERVICE_VARIABILITY_SCV000_ICV100,SERVICE_VARIABILITY_SCV000_ICV000,cohort_clear_time_after_cutoff_seconds,JOINT_MINUS_SECURITY_ONLY_MINUS_IMMIGRATION_ONLY_PLUS_REFERENCE,50,-19.4995523129,12.1221027725,1.71432421453,49,0.95,-22.9446158029,-16.054488823,PASS,DESCRIPTIVE_FACTORIAL_INTERACTION
1.0,TASK3_SERVICE_VARIABILITY_SENSITIVITY_V1,1,0.5,SERVICE_VARIABILITY_SCV100_ICV050,SERVICE_VARIABILITY_SCV100_ICV000,SERVICE_VARIABILITY_SCV000_ICV050,SERVICE_VARIABILITY_SCV000_ICV000,total_queue_wait_p95_seconds,JOINT_MINUS_SECURITY_ONLY_MINUS_IMMIGRATION_ONLY_PLUS_REFERENCE,50,0.0127609716,1.02984583607,0.145642194852,49,0.95,-0.279917976656,0.305439919856,PASS,DESCRIPTIVE_FACTORIAL_INTERACTION
1.0,TASK3_SERVICE_VARIABILITY_SENSITIVITY_V1,1,0.5,SERVICE_VARIABILITY_SCV100_ICV050,SERVICE_VARIABILITY_SCV100_ICV000,SERVICE_VARIABILITY_SCV000_ICV050,SERVICE_VARIABILITY_SCV000_ICV000,total_queue_wait_mean_seconds,JOINT_MINUS_SECURITY_ONLY_MINUS_IMMIGRATION_ONLY_PLUS_REFERENCE,50,-0.0216210813633,0.249094071017,0.035227221354,49,0.95,-0.0924128330691,0.0491706703425,PASS,DESCRIPTIVE_FACTORIAL_INTERACTION
1.0,TASK3_SERVICE_VARIABILITY_SENSITIVITY_V1,1,0.5,SERVICE_VARIABILITY_SCV100_ICV050,SERVICE_VARIABILITY_SCV100_ICV000,SERVICE_VARIABILITY_SCV000_ICV050,SERVICE_VARIABILITY_SCV000_ICV000,security_wait_p95_seconds,JOINT_MINUS_SECURITY_ONLY_MINUS_IMMIGRATION_ONLY_PLUS_REFERENCE,50,0,0,0,49,0.95,0,0,PASS,DESCRIPTIVE_FACTORIAL_INTERACTION
1.0,TASK3_SERVICE_VARIABILITY_SENSITIVITY_V1,1,0.5,SERVICE_VARIABILITY_SCV100_ICV050,SERVICE_VARIABILITY_SCV100_ICV000,SERVICE_VARIABILITY_SCV000_ICV050,SERVICE_VARIABILITY_SCV000_ICV000,immigration_wait_p95_seconds,JOINT_MINUS_SECURITY_ONLY_MINUS_IMMIGRATION_ONLY_PLUS_REFERENCE,50,-0.15324071168,1.19915994391,0.169586825614,49,0.95,-0.494038196977,0.187556773617,PASS,DESCRIPTIVE_FACTORIAL_INTERACTION
1.0,TASK3_SERVICE_VARIABILITY_SENSITIVITY_V1,1,0.5,SERVICE_VARIABILITY_SCV100_ICV050,SERVICE_VARIABILITY_SCV100_ICV000,SERVICE_VARIABILITY_SCV000_ICV050,SERVICE_VARIABILITY_SCV000_ICV000,peak_security_waiting_queue,JOINT_MINUS_SECURITY_ONLY_MINUS_IMMIGRATION_ONLY_PLUS_REFERENCE,50,0,0,0,49,0.95,0,0,PASS,DESCRIPTIVE_FACTORIAL_INTERACTION
1.0,TASK3_SERVICE_VARIABILITY_SENSITIVITY_V1,1,0.5,SERVICE_VARIABILITY_SCV100_ICV050,SERVICE_VARIABILITY_SCV100_ICV000,SERVICE_VARIABILITY_SCV000_ICV050,SERVICE_VARIABILITY_SCV000_ICV000,peak_immigration_waiting_queue,JOINT_MINUS_SECURITY_ONLY_MINUS_IMMIGRATION_ONLY_PLUS_REFERENCE,50,-1.06,3.00618410234,0.425138632852,49,0.95,-1.91434806893,-0.205651931075,PASS,DESCRIPTIVE_FACTORIAL_INTERACTION
1.0,TASK3_SERVICE_VARIABILITY_SENSITIVITY_V1,1,0.5,SERVICE_VARIABILITY_SCV100_ICV050,SERVICE_VARIABILITY_SCV100_ICV000,SERVICE_VARIABILITY_SCV000_ICV050,SERVICE_VARIABILITY_SCV000_ICV000,peak_total_waiting_queue,JOINT_MINUS_SECURITY_ONLY_MINUS_IMMIGRATION_ONLY_PLUS_REFERENCE,50,-0.04,2.76243016349,0.390666620232,49,0.95,-0.825073965991,0.745073965991,PASS,DESCRIPTIVE_FACTORIAL_INTERACTION
1.0,TASK3_SERVICE_VARIABILITY_SENSITIVITY_V1,1,0.5,SERVICE_VARIABILITY_SCV100_ICV050,SERVICE_VARIABILITY_SCV100_ICV000,SERVICE_VARIABILITY_SCV000_ICV050,SERVICE_VARIABILITY_SCV000_ICV000,time_weighted_mean_security_waiting_queue,JOINT_MINUS_SECURITY_ONLY_MINUS_IMMIGRATION_ONLY_PLUS_REFERENCE,50,8.881784197e-18,2.05377480815e-16,2.90447618775e-17,49,0.95,-4.94858500404e-17,6.72494184344e-17,PASS,DESCRIPTIVE_FACTORIAL_INTERACTION
1.0,TASK3_SERVICE_VARIABILITY_SENSITIVITY_V1,1,0.5,SERVICE_VARIABILITY_SCV100_ICV050,SERVICE_VARIABILITY_SCV100_ICV000,SERVICE_VARIABILITY_SCV000_ICV050,SERVICE_VARIABILITY_SCV000_ICV000,time_weighted_mean_immigration_waiting_queue,JOINT_MINUS_SECURITY_ONLY_MINUS_IMMIGRATION_ONLY_PLUS_REFERENCE,50,0.000743105841933,0.31462670758,0.0444949356945,49,0.95,-0.0886728151073,0.0901590267912,PASS,DESCRIPTIVE_FACTORIAL_INTERACTION
1.0,TASK3_SERVICE_VARIABILITY_SENSITIVITY_V1,1,0.5,SERVICE_VARIABILITY_SCV100_ICV050,SERVICE_VARIABILITY_SCV100_ICV000,SERVICE_VARIABILITY_SCV000_ICV050,SERVICE_VARIABILITY_SCV000_ICV000,time_weighted_mean_total_waiting_queue,JOINT_MINUS_SECURITY_ONLY_MINUS_IMMIGRATION_ONLY_PLUS_REFERENCE,50,0.000743105841933,0.31462670758,0.0444949356945,49,0.95,-0.0886728151073,0.0901590267912,PASS,DESCRIPTIVE_FACTORIAL_INTERACTION
1.0,TASK3_SERVICE_VARIABILITY_SENSITIVITY_V1,1,0.5,SERVICE_VARIABILITY_SCV100_ICV050,SERVICE_VARIABILITY_SCV100_ICV000,SERVICE_VARIABILITY_SCV000_ICV050,SERVICE_VARIABILITY_SCV000_ICV000,system_time_p95_seconds,JOINT_MINUS_SECURITY_ONLY_MINUS_IMMIGRATION_ONLY_PLUS_REFERENCE,50,-8.16380307338,3.08203968759,0.435866232596,49,0.95,-9.03970906111,-7.28789708565,PASS,DESCRIPTIVE_FACTORIAL_INTERACTION
1.0,TASK3_SERVICE_VARIABILITY_SENSITIVITY_V1,1,0.5,SERVICE_VARIABILITY_SCV100_ICV050,SERVICE_VARIABILITY_SCV100_ICV000,SERVICE_VARIABILITY_SCV000_ICV050,SERVICE_VARIABILITY_SCV000_ICV000,system_time_p99_seconds,JOINT_MINUS_SECURITY_ONLY_MINUS_IMMIGRATION_ONLY_PLUS_REFERENCE,50,-17.402167894,6.89217637268,0.974700930051,49,0.95,-19.3609027466,-15.4434330413,PASS,DESCRIPTIVE_FACTORIAL_INTERACTION
1.0,TASK3_SERVICE_VARIABILITY_SENSITIVITY_V1,1,0.5,SERVICE_VARIABILITY_SCV100_ICV050,SERVICE_VARIABILITY_SCV100_ICV000,SERVICE_VARIABILITY_SCV000_ICV050,SERVICE_VARIABILITY_SCV000_ICV000,system_time_max_seconds,JOINT_MINUS_SECURITY_ONLY_MINUS_IMMIGRATION_ONLY_PLUS_REFERENCE,50,-31.0735555585,11.1138498879,1.57173572417,49,0.95,-34.2320767491,-27.9150343679,PASS,DESCRIPTIVE_FACTORIAL_INTERACTION
1.0,TASK3_SERVICE_VARIABILITY_SENSITIVITY_V1,1,0.5,SERVICE_VARIABILITY_SCV100_ICV050,SERVICE_VARIABILITY_SCV100_ICV000,SERVICE_VARIABILITY_SCV000_ICV050,SERVICE_VARIABILITY_SCV000_ICV000,cutoff_backlog,JOINT_MINUS_SECURITY_ONLY_MINUS_IMMIGRATION_ONLY_PLUS_REFERENCE,50,0.26,2.6014909383,0.367906376733,49,0.95,-0.479335544265,0.999335544265,PASS,DESCRIPTIVE_FACTORIAL_INTERACTION
1.0,TASK3_SERVICE_VARIABILITY_SENSITIVITY_V1,1,0.5,SERVICE_VARIABILITY_SCV100_ICV050,SERVICE_VARIABILITY_SCV100_ICV000,SERVICE_VARIABILITY_SCV000_ICV050,SERVICE_VARIABILITY_SCV000_ICV000,cohort_clear_time_after_cutoff_seconds,JOINT_MINUS_SECURITY_ONLY_MINUS_IMMIGRATION_ONLY_PLUS_REFERENCE,50,-9.13705324356,9.77787029875,1.38279967876,49,0.95,-11.9158932359,-6.35821325121,PASS,DESCRIPTIVE_FACTORIAL_INTERACTION
1.0,TASK3_SERVICE_VARIABILITY_SENSITIVITY_V1,1,1,SERVICE_VARIABILITY_SCV100_ICV100,SERVICE_VARIABILITY_SCV100_ICV000,SERVICE_VARIABILITY_SCV000_ICV100,SERVICE_VARIABILITY_SCV000_ICV000,total_queue_wait_p95_seconds,JOINT_MINUS_SECURITY_ONLY_MINUS_IMMIGRATION_ONLY_PLUS_REFERENCE,50,-0.0334200382,2.05673649937,0.290866465164,49,0.95,-0.617938083905,0.551098007505,PASS,DESCRIPTIVE_FACTORIAL_INTERACTION
1.0,TASK3_SERVICE_VARIABILITY_SENSITIVITY_V1,1,1,SERVICE_VARIABILITY_SCV100_ICV100,SERVICE_VARIABILITY_SCV100_ICV000,SERVICE_VARIABILITY_SCV000_ICV100,SERVICE_VARIABILITY_SCV000_ICV000,total_queue_wait_mean_seconds,JOINT_MINUS_SECURITY_ONLY_MINUS_IMMIGRATION_ONLY_PLUS_REFERENCE,50,-0.0160743746845,0.465861303031,0.0658827372932,49,0.95,-0.148470692103,0.116321942734,PASS,DESCRIPTIVE_FACTORIAL_INTERACTION
1.0,TASK3_SERVICE_VARIABILITY_SENSITIVITY_V1,1,1,SERVICE_VARIABILITY_SCV100_ICV100,SERVICE_VARIABILITY_SCV100_ICV000,SERVICE_VARIABILITY_SCV000_ICV100,SERVICE_VARIABILITY_SCV000_ICV000,security_wait_p95_seconds,JOINT_MINUS_SECURITY_ONLY_MINUS_IMMIGRATION_ONLY_PLUS_REFERENCE,50,0,0,0,49,0.95,0,0,PASS,DESCRIPTIVE_FACTORIAL_INTERACTION
1.0,TASK3_SERVICE_VARIABILITY_SENSITIVITY_V1,1,1,SERVICE_VARIABILITY_SCV100_ICV100,SERVICE_VARIABILITY_SCV100_ICV000,SERVICE_VARIABILITY_SCV000_ICV100,SERVICE_VARIABILITY_SCV000_ICV000,immigration_wait_p95_seconds,JOINT_MINUS_SECURITY_ONLY_MINUS_IMMIGRATION_ONLY_PLUS_REFERENCE,50,-0.08663149552,2.26793258636,0.320734102218,49,0.95,-0.73117080504,0.557907814,PASS,DESCRIPTIVE_FACTORIAL_INTERACTION
1.0,TASK3_SERVICE_VARIABILITY_SENSITIVITY_V1,1,1,SERVICE_VARIABILITY_SCV100_ICV100,SERVICE_VARIABILITY_SCV100_ICV000,SERVICE_VARIABILITY_SCV000_ICV100,SERVICE_VARIABILITY_SCV000_ICV000,peak_security_waiting_queue,JOINT_MINUS_SECURITY_ONLY_MINUS_IMMIGRATION_ONLY_PLUS_REFERENCE,50,0,0,0,49,0.95,0,0,PASS,DESCRIPTIVE_FACTORIAL_INTERACTION
1.0,TASK3_SERVICE_VARIABILITY_SENSITIVITY_V1,1,1,SERVICE_VARIABILITY_SCV100_ICV100,SERVICE_VARIABILITY_SCV100_ICV000,SERVICE_VARIABILITY_SCV000_ICV100,SERVICE_VARIABILITY_SCV000_ICV000,peak_immigration_waiting_queue,JOINT_MINUS_SECURITY_ONLY_MINUS_IMMIGRATION_ONLY_PLUS_REFERENCE,50,-0.88,3.88424341909,0.549314972284,49,0.95,-1.98388976569,0.223889765687,PASS,DESCRIPTIVE_FACTORIAL_INTERACTION
1.0,TASK3_SERVICE_VARIABILITY_SENSITIVITY_V1,1,1,SERVICE_VARIABILITY_SCV100_ICV100,SERVICE_VARIABILITY_SCV100_ICV000,SERVICE_VARIABILITY_SCV000_ICV100,SERVICE_VARIABILITY_SCV000_ICV000,peak_total_waiting_queue,JOINT_MINUS_SECURITY_ONLY_MINUS_IMMIGRATION_ONLY_PLUS_REFERENCE,50,0.04,3.61944859934,0.51186732975,49,0.95,-0.988635910561,1.06863591056,PASS,DESCRIPTIVE_FACTORIAL_INTERACTION
1.0,TASK3_SERVICE_VARIABILITY_SENSITIVITY_V1,1,1,SERVICE_VARIABILITY_SCV100_ICV100,SERVICE_VARIABILITY_SCV100_ICV000,SERVICE_VARIABILITY_SCV000_ICV100,SERVICE_VARIABILITY_SCV000_ICV000,time_weighted_mean_security_waiting_queue,JOINT_MINUS_SECURITY_ONLY_MINUS_IMMIGRATION_ONLY_PLUS_REFERENCE,50,1.7763568394e-16,1.38848098912e-15,1.96360864591e-16,49,0.95,-2.16966247083e-16,5.72237614963e-16,PASS,DESCRIPTIVE_FACTORIAL_INTERACTION
1.0,TASK3_SERVICE_VARIABILITY_SENSITIVITY_V1,1,1,SERVICE_VARIABILITY_SCV100_ICV100,SERVICE_VARIABILITY_SCV100_ICV000,SERVICE_VARIABILITY_SCV000_ICV100,SERVICE_VARIABILITY_SCV000_ICV000,time_weighted_mean_immigration_waiting_queue,JOINT_MINUS_SECURITY_ONLY_MINUS_IMMIGRATION_ONLY_PLUS_REFERENCE,50,0.0568887310736,0.504613504272,0.0713631261498,49,0.95,-0.0865208400812,0.200298302228,PASS,DESCRIPTIVE_FACTORIAL_INTERACTION
1.0,TASK3_SERVICE_VARIABILITY_SENSITIVITY_V1,1,1,SERVICE_VARIABILITY_SCV100_ICV100,SERVICE_VARIABILITY_SCV100_ICV000,SERVICE_VARIABILITY_SCV000_ICV100,SERVICE_VARIABILITY_SCV000_ICV000,time_weighted_mean_total_waiting_queue,JOINT_MINUS_SECURITY_ONLY_MINUS_IMMIGRATION_ONLY_PLUS_REFERENCE,50,0.0568887310736,0.504613504272,0.0713631261498,49,0.95,-0.0865208400812,0.200298302228,PASS,DESCRIPTIVE_FACTORIAL_INTERACTION
1.0,TASK3_SERVICE_VARIABILITY_SENSITIVITY_V1,1,1,SERVICE_VARIABILITY_SCV100_ICV100,SERVICE_VARIABILITY_SCV100_ICV000,SERVICE_VARIABILITY_SCV000_ICV100,SERVICE_VARIABILITY_SCV000_ICV000,system_time_p95_seconds,JOINT_MINUS_SECURITY_ONLY_MINUS_IMMIGRATION_ONLY_PLUS_REFERENCE,50,-12.0961774594,4.68841123878,0.663041475987,49,0.95,-13.4286091907,-10.763745728,PASS,DESCRIPTIVE_FACTORIAL_INTERACTION
1.0,TASK3_SERVICE_VARIABILITY_SENSITIVITY_V1,1,1,SERVICE_VARIABILITY_SCV100_ICV100,SERVICE_VARIABILITY_SCV100_ICV000,SERVICE_VARIABILITY_SCV000_ICV100,SERVICE_VARIABILITY_SCV000_ICV000,system_time_p99_seconds,JOINT_MINUS_SECURITY_ONLY_MINUS_IMMIGRATION_ONLY_PLUS_REFERENCE,50,-37.4913821594,11.8937728009,1.68203348028,49,0.95,-40.8715549894,-34.1112093294,PASS,DESCRIPTIVE_FACTORIAL_INTERACTION
1.0,TASK3_SERVICE_VARIABILITY_SENSITIVITY_V1,1,1,SERVICE_VARIABILITY_SCV100_ICV100,SERVICE_VARIABILITY_SCV100_ICV000,SERVICE_VARIABILITY_SCV000_ICV100,SERVICE_VARIABILITY_SCV000_ICV000,system_time_max_seconds,JOINT_MINUS_SECURITY_ONLY_MINUS_IMMIGRATION_ONLY_PLUS_REFERENCE,50,-88.5066254636,32.011579902,4.52712104505,49,0.95,-97.6042158112,-79.4090351159,PASS,DESCRIPTIVE_FACTORIAL_INTERACTION
1.0,TASK3_SERVICE_VARIABILITY_SENSITIVITY_V1,1,1,SERVICE_VARIABILITY_SCV100_ICV100,SERVICE_VARIABILITY_SCV100_ICV000,SERVICE_VARIABILITY_SCV000_ICV100,SERVICE_VARIABILITY_SCV000_ICV000,cutoff_backlog,JOINT_MINUS_SECURITY_ONLY_MINUS_IMMIGRATION_ONLY_PLUS_REFERENCE,50,0.08,3.78956677293,0.53592567258,49,0.95,-0.996982960559,1.15698296056,PASS,DESCRIPTIVE_FACTORIAL_INTERACTION
1.0,TASK3_SERVICE_VARIABILITY_SENSITIVITY_V1,1,1,SERVICE_VARIABILITY_SCV100_ICV100,SERVICE_VARIABILITY_SCV100_ICV000,SERVICE_VARIABILITY_SCV000_ICV100,SERVICE_VARIABILITY_SCV000_ICV000,cohort_clear_time_after_cutoff_seconds,JOINT_MINUS_SECURITY_ONLY_MINUS_IMMIGRATION_ONLY_PLUS_REFERENCE,50,-37.0031498204,25.214045795,3.56580455255,49,0.95,-44.1689023496,-29.8373972911,PASS,DESCRIPTIVE_FACTORIAL_INTERACTION
