schema_version,study_id,security_service_cv,immigration_service_cv,scenario_id,reference_scenario_id,metric,difference_direction,comparison_method,n_pairs,difference_mean,standard_deviation,standard_error,degrees_of_freedom,ci_level,ci_low,ci_high,crn_alignment_status,analysis_role
1.0,TASK3_SERVICE_VARIABILITY_SENSITIVITY_V1,0,0.5,SERVICE_VARIABILITY_SCV000_ICV050,SERVICE_VARIABILITY_SCV000_ICV000,total_queue_wait_p95_seconds,CELL_MINUS_CV_ZERO_REFERENCE,PAIRED_STUDENT_T,50,0.68311477214,1.20608374889,0.170565999504,49,0.95,0.340349563241,1.02587998104,PASS,DESCRIPTIVE_EXPLORATORY_CONTRAST
1.0,TASK3_SERVICE_VARIABILITY_SENSITIVITY_V1,0,0.5,SERVICE_VARIABILITY_SCV000_ICV050,SERVICE_VARIABILITY_SCV000_ICV000,total_queue_wait_mean_seconds,CELL_MINUS_CV_ZERO_REFERENCE,PAIRED_STUDENT_T,50,0.133733078137,0.303717905587,0.0429521981217,49,0.95,0.047417404411,0.220048751862,PASS,DESCRIPTIVE_EXPLORATORY_CONTRAST
1.0,TASK3_SERVICE_VARIABILITY_SENSITIVITY_V1,0,0.5,SERVICE_VARIABILITY_SCV000_ICV050,SERVICE_VARIABILITY_SCV000_ICV000,security_wait_p95_seconds,CELL_MINUS_CV_ZERO_REFERENCE,PAIRED_STUDENT_T,50,0,0,0,49,0.95,0,0,PASS,DESCRIPTIVE_EXPLORATORY_CONTRAST
1.0,TASK3_SERVICE_VARIABILITY_SENSITIVITY_V1,0,0.5,SERVICE_VARIABILITY_SCV000_ICV050,SERVICE_VARIABILITY_SCV000_ICV000,immigration_wait_p95_seconds,CELL_MINUS_CV_ZERO_REFERENCE,PAIRED_STUDENT_T,50,0.7907165189,1.18046891896,0.166943515516,49,0.95,0.45523096412,1.12620207368,PASS,DESCRIPTIVE_EXPLORATORY_CONTRAST
1.0,TASK3_SERVICE_VARIABILITY_SENSITIVITY_V1,0,0.5,SERVICE_VARIABILITY_SCV000_ICV050,SERVICE_VARIABILITY_SCV000_ICV000,peak_security_waiting_queue,CELL_MINUS_CV_ZERO_REFERENCE,PAIRED_STUDENT_T,50,0,0,0,49,0.95,0,0,PASS,DESCRIPTIVE_EXPLORATORY_CONTRAST
1.0,TASK3_SERVICE_VARIABILITY_SENSITIVITY_V1,0,0.5,SERVICE_VARIABILITY_SCV000_ICV050,SERVICE_VARIABILITY_SCV000_ICV000,peak_immigration_waiting_queue,CELL_MINUS_CV_ZERO_REFERENCE,PAIRED_STUDENT_T,50,1.76,2.32607227852,0.328956296334,49,0.95,1.09893757279,2.42106242721,PASS,DESCRIPTIVE_EXPLORATORY_CONTRAST
1.0,TASK3_SERVICE_VARIABILITY_SENSITIVITY_V1,0,0.5,SERVICE_VARIABILITY_SCV000_ICV050,SERVICE_VARIABILITY_SCV000_ICV000,peak_total_waiting_queue,CELL_MINUS_CV_ZERO_REFERENCE,PAIRED_STUDENT_T,50,1.08,2.33727558128,0.330540682605,49,0.95,0.415753629373,1.74424637063,PASS,DESCRIPTIVE_EXPLORATORY_CONTRAST
1.0,TASK3_SERVICE_VARIABILITY_SENSITIVITY_V1,0,0.5,SERVICE_VARIABILITY_SCV000_ICV050,SERVICE_VARIABILITY_SCV000_ICV000,time_weighted_mean_security_waiting_queue,CELL_MINUS_CV_ZERO_REFERENCE,PAIRED_STUDENT_T,50,7.1054273576e-17,3.84435528682e-16,5.4367393852e-17,49,0.95,-3.82010948162e-17,1.80309641968e-16,PASS,DESCRIPTIVE_EXPLORATORY_CONTRAST
1.0,TASK3_SERVICE_VARIABILITY_SENSITIVITY_V1,0,0.5,SERVICE_VARIABILITY_SCV000_ICV050,SERVICE_VARIABILITY_SCV000_ICV000,time_weighted_mean_immigration_waiting_queue,CELL_MINUS_CV_ZERO_REFERENCE,PAIRED_STUDENT_T,50,0.140781207866,0.409369790474,0.0578936309714,49,0.95,0.024439600678,0.257122815053,PASS,DESCRIPTIVE_EXPLORATORY_CONTRAST
1.0,TASK3_SERVICE_VARIABILITY_SENSITIVITY_V1,0,0.5,SERVICE_VARIABILITY_SCV000_ICV050,SERVICE_VARIABILITY_SCV000_ICV000,time_weighted_mean_total_waiting_queue,CELL_MINUS_CV_ZERO_REFERENCE,PAIRED_STUDENT_T,50,0.140781207866,0.409369790474,0.0578936309714,49,0.95,0.024439600678,0.257122815053,PASS,DESCRIPTIVE_EXPLORATORY_CONTRAST
1.0,TASK3_SERVICE_VARIABILITY_SENSITIVITY_V1,0,0.5,SERVICE_VARIABILITY_SCV000_ICV050,SERVICE_VARIABILITY_SCV000_ICV000,system_time_p95_seconds,CELL_MINUS_CV_ZERO_REFERENCE,PAIRED_STUDENT_T,50,9.68500407006,1.93683121701,0.273909297512,49,0.95,9.13456272856,10.2354454116,PASS,DESCRIPTIVE_EXPLORATORY_CONTRAST
1.0,TASK3_SERVICE_VARIABILITY_SENSITIVITY_V1,0,0.5,SERVICE_VARIABILITY_SCV000_ICV050,SERVICE_VARIABILITY_SCV000_ICV000,system_time_p99_seconds,CELL_MINUS_CV_ZERO_REFERENCE,PAIRED_STUDENT_T,50,18.0195438302,4.23462705073,0.598866700673,49,0.95,16.8160761382,19.2230115223,PASS,DESCRIPTIVE_EXPLORATORY_CONTRAST
1.0,TASK3_SERVICE_VARIABILITY_SENSITIVITY_V1,0,0.5,SERVICE_VARIABILITY_SCV000_ICV050,SERVICE_VARIABILITY_SCV000_ICV000,system_time_max_seconds,CELL_MINUS_CV_ZERO_REFERENCE,PAIRED_STUDENT_T,50,30.6035366143,10.4413242112,1.47662623086,49,0.95,27.6361451063,33.5709281224,PASS,DESCRIPTIVE_EXPLORATORY_CONTRAST
1.0,TASK3_SERVICE_VARIABILITY_SENSITIVITY_V1,0,0.5,SERVICE_VARIABILITY_SCV000_ICV050,SERVICE_VARIABILITY_SCV000_ICV000,cutoff_backlog,CELL_MINUS_CV_ZERO_REFERENCE,PAIRED_STUDENT_T,50,0.32,2.83879825106,0.401466698749,49,0.95,-0.486777536337,1.12677753634,PASS,DESCRIPTIVE_EXPLORATORY_CONTRAST
1.0,TASK3_SERVICE_VARIABILITY_SENSITIVITY_V1,0,0.5,SERVICE_VARIABILITY_SCV000_ICV050,SERVICE_VARIABILITY_SCV000_ICV000,cohort_clear_time_after_cutoff_seconds,CELL_MINUS_CV_ZERO_REFERENCE,PAIRED_STUDENT_T,50,10.8929182664,7.31008498037,1.03380213213,49,0.95,8.81541510155,12.9704214312,PASS,DESCRIPTIVE_EXPLORATORY_CONTRAST
1.0,TASK3_SERVICE_VARIABILITY_SENSITIVITY_V1,0,1,SERVICE_VARIABILITY_SCV000_ICV100,SERVICE_VARIABILITY_SCV000_ICV000,total_queue_wait_p95_seconds,CELL_MINUS_CV_ZERO_REFERENCE,PAIRED_STUDENT_T,50,1.66008809116,3.38686365789,0.478974851889,49,0.95,0.697552089596,2.62262409272,PASS,DESCRIPTIVE_EXPLORATORY_CONTRAST
1.0,TASK3_SERVICE_VARIABILITY_SENSITIVITY_V1,0,1,SERVICE_VARIABILITY_SCV000_ICV100,SERVICE_VARIABILITY_SCV000_ICV000,total_queue_wait_mean_seconds,CELL_MINUS_CV_ZERO_REFERENCE,PAIRED_STUDENT_T,50,0.344766910617,0.945246116925,0.133677987834,49,0.95,0.0761309365177,0.613402884717,PASS,DESCRIPTIVE_EXPLORATORY_CONTRAST
1.0,TASK3_SERVICE_VARIABILITY_SENSITIVITY_V1,0,1,SERVICE_VARIABILITY_SCV000_ICV100,SERVICE_VARIABILITY_SCV000_ICV000,security_wait_p95_seconds,CELL_MINUS_CV_ZERO_REFERENCE,PAIRED_STUDENT_T,50,0,0,0,49,0.95,0,0,PASS,DESCRIPTIVE_EXPLORATORY_CONTRAST
1.0,TASK3_SERVICE_VARIABILITY_SENSITIVITY_V1,0,1,SERVICE_VARIABILITY_SCV000_ICV100,SERVICE_VARIABILITY_SCV000_ICV000,immigration_wait_p95_seconds,CELL_MINUS_CV_ZERO_REFERENCE,PAIRED_STUDENT_T,50,1.79986484474,3.45460050631,0.48855428886,49,0.95,0.818078243854,2.78165144563,PASS,DESCRIPTIVE_EXPLORATORY_CONTRAST
1.0,TASK3_SERVICE_VARIABILITY_SENSITIVITY_V1,0,1,SERVICE_VARIABILITY_SCV000_ICV100,SERVICE_VARIABILITY_SCV000_ICV000,peak_security_waiting_queue,CELL_MINUS_CV_ZERO_REFERENCE,PAIRED_STUDENT_T,50,0,0,0,49,0.95,0,0,PASS,DESCRIPTIVE_EXPLORATORY_CONTRAST
1.0,TASK3_SERVICE_VARIABILITY_SENSITIVITY_V1,0,1,SERVICE_VARIABILITY_SCV000_ICV100,SERVICE_VARIABILITY_SCV000_ICV000,peak_immigration_waiting_queue,CELL_MINUS_CV_ZERO_REFERENCE,PAIRED_STUDENT_T,50,3.14,4.79374592568,0.677938050267,49,0.95,1.77763248188,4.50236751812,PASS,DESCRIPTIVE_EXPLORATORY_CONTRAST
1.0,TASK3_SERVICE_VARIABILITY_SENSITIVITY_V1,0,1,SERVICE_VARIABILITY_SCV000_ICV100,SERVICE_VARIABILITY_SCV000_ICV000,peak_total_waiting_queue,CELL_MINUS_CV_ZERO_REFERENCE,PAIRED_STUDENT_T,50,2.42,4.62067227196,0.653461739429,49,0.95,1.10681947003,3.73318052997,PASS,DESCRIPTIVE_EXPLORATORY_CONTRAST
1.0,TASK3_SERVICE_VARIABILITY_SENSITIVITY_V1,0,1,SERVICE_VARIABILITY_SCV000_ICV100,SERVICE_VARIABILITY_SCV000_ICV000,time_weighted_mean_security_waiting_queue,CELL_MINUS_CV_ZERO_REFERENCE,PAIRED_STUDENT_T,50,-1.24344978758e-16,8.80395415359e-16,1.24506713665e-16,49,0.95,-3.74550587396e-16,1.2586062988e-16,PASS,DESCRIPTIVE_EXPLORATORY_CONTRAST
1.0,TASK3_SERVICE_VARIABILITY_SENSITIVITY_V1,0,1,SERVICE_VARIABILITY_SCV000_ICV100,SERVICE_VARIABILITY_SCV000_ICV000,time_weighted_mean_immigration_waiting_queue,CELL_MINUS_CV_ZERO_REFERENCE,PAIRED_STUDENT_T,50,0.308028706021,0.999262824323,0.141317103853,49,0.95,0.0240413535345,0.592016058507,PASS,DESCRIPTIVE_EXPLORATORY_CONTRAST
1.0,TASK3_SERVICE_VARIABILITY_SENSITIVITY_V1,0,1,SERVICE_VARIABILITY_SCV000_ICV100,SERVICE_VARIABILITY_SCV000_ICV000,time_weighted_mean_total_waiting_queue,CELL_MINUS_CV_ZERO_REFERENCE,PAIRED_STUDENT_T,50,0.308028706021,0.999262824323,0.141317103853,49,0.95,0.0240413535345,0.592016058507,PASS,DESCRIPTIVE_EXPLORATORY_CONTRAST
1.0,TASK3_SERVICE_VARIABILITY_SENSITIVITY_V1,0,1,SERVICE_VARIABILITY_SCV000_ICV100,SERVICE_VARIABILITY_SCV000_ICV000,system_time_p95_seconds,CELL_MINUS_CV_ZERO_REFERENCE,PAIRED_STUDENT_T,50,20.3856978009,4.3062925855,0.609001737796,49,0.95,19.1618629893,21.6095326125,PASS,DESCRIPTIVE_EXPLORATORY_CONTRAST
1.0,TASK3_SERVICE_VARIABILITY_SENSITIVITY_V1,0,1,SERVICE_VARIABILITY_SCV000_ICV100,SERVICE_VARIABILITY_SCV000_ICV000,system_time_p99_seconds,CELL_MINUS_CV_ZERO_REFERENCE,PAIRED_STUDENT_T,50,47.8521022564,12.1410801819,1.71700802551,49,0.95,44.4016454464,51.3025590664,PASS,DESCRIPTIVE_EXPLORATORY_CONTRAST
1.0,TASK3_SERVICE_VARIABILITY_SENSITIVITY_V1,0,1,SERVICE_VARIABILITY_SCV000_ICV100,SERVICE_VARIABILITY_SCV000_ICV000,system_time_max_seconds,CELL_MINUS_CV_ZERO_REFERENCE,PAIRED_STUDENT_T,50,98.2130585725,45.4608064186,6.42912889936,49,0.95,85.29324034,111.132876805,PASS,DESCRIPTIVE_EXPLORATORY_CONTRAST
1.0,TASK3_SERVICE_VARIABILITY_SENSITIVITY_V1,0,1,SERVICE_VARIABILITY_SCV000_ICV100,SERVICE_VARIABILITY_SCV000_ICV000,cutoff_backlog,CELL_MINUS_CV_ZERO_REFERENCE,PAIRED_STUDENT_T,50,1.34,5.355180593,0.757336902358,49,0.95,-0.181925485143,2.86192548514,PASS,DESCRIPTIVE_EXPLORATORY_CONTRAST
1.0,TASK3_SERVICE_VARIABILITY_SENSITIVITY_V1,0,1,SERVICE_VARIABILITY_SCV000_ICV100,SERVICE_VARIABILITY_SCV000_ICV000,cohort_clear_time_after_cutoff_seconds,CELL_MINUS_CV_ZERO_REFERENCE,PAIRED_STUDENT_T,50,47.4598563328,29.9809644151,4.23994864888,49,0.95,38.9393605213,55.9803521443,PASS,DESCRIPTIVE_EXPLORATORY_CONTRAST
1.0,TASK3_SERVICE_VARIABILITY_SENSITIVITY_V1,0.5,0,SERVICE_VARIABILITY_SCV050_ICV000,SERVICE_VARIABILITY_SCV000_ICV000,total_queue_wait_p95_seconds,CELL_MINUS_CV_ZERO_REFERENCE,PAIRED_STUDENT_T,50,0.07380518422,1.38987636678,0.196558200793,49,0.95,-0.321193308747,0.468803677187,PASS,DESCRIPTIVE_EXPLORATORY_CONTRAST
1.0,TASK3_SERVICE_VARIABILITY_SENSITIVITY_V1,0.5,0,SERVICE_VARIABILITY_SCV050_ICV000,SERVICE_VARIABILITY_SCV000_ICV000,total_queue_wait_mean_seconds,CELL_MINUS_CV_ZERO_REFERENCE,PAIRED_STUDENT_T,50,-0.00853871742385,0.335017163989,0.0473785816941,49,0.95,-0.103749541967,0.0866721071188,PASS,DESCRIPTIVE_EXPLORATORY_CONTRAST
1.0,TASK3_SERVICE_VARIABILITY_SENSITIVITY_V1,0.5,0,SERVICE_VARIABILITY_SCV050_ICV000,SERVICE_VARIABILITY_SCV000_ICV000,security_wait_p95_seconds,CELL_MINUS_CV_ZERO_REFERENCE,PAIRED_STUDENT_T,50,-0.10182262076,1.42356494495,0.201322485207,49,0.95,-0.50639530171,0.30275006019,PASS,DESCRIPTIVE_EXPLORATORY_CONTRAST
1.0,TASK3_SERVICE_VARIABILITY_SENSITIVITY_V1,0.5,0,SERVICE_VARIABILITY_SCV050_ICV000,SERVICE_VARIABILITY_SCV000_ICV000,immigration_wait_p95_seconds,CELL_MINUS_CV_ZERO_REFERENCE,PAIRED_STUDENT_T,50,0.17557785702,1.07429113018,0.151927708623,49,0.95,-0.129732304063,0.480888018103,PASS,DESCRIPTIVE_EXPLORATORY_CONTRAST
1.0,TASK3_SERVICE_VARIABILITY_SENSITIVITY_V1,0.5,0,SERVICE_VARIABILITY_SCV050_ICV000,SERVICE_VARIABILITY_SCV000_ICV000,peak_security_waiting_queue,CELL_MINUS_CV_ZERO_REFERENCE,PAIRED_STUDENT_T,50,-0.66,3.19827759768,0.452304755488,49,0.95,-1.56894043626,0.248940436264,PASS,DESCRIPTIVE_EXPLORATORY_CONTRAST
1.0,TASK3_SERVICE_VARIABILITY_SENSITIVITY_V1,0.5,0,SERVICE_VARIABILITY_SCV050_ICV000,SERVICE_VARIABILITY_SCV000_ICV000,peak_immigration_waiting_queue,CELL_MINUS_CV_ZERO_REFERENCE,PAIRED_STUDENT_T,50,0.7,2.34085280117,0.331046577893,49,0.95,0.0347369947298,1.36526300527,PASS,DESCRIPTIVE_EXPLORATORY_CONTRAST
1.0,TASK3_SERVICE_VARIABILITY_SENSITIVITY_V1,0.5,0,SERVICE_VARIABILITY_SCV050_ICV000,SERVICE_VARIABILITY_SCV000_ICV000,peak_total_waiting_queue,CELL_MINUS_CV_ZERO_REFERENCE,PAIRED_STUDENT_T,50,0.1,2.46816464902,0.349051192082,49,0.95,-0.601444632098,0.801444632098,PASS,DESCRIPTIVE_EXPLORATORY_CONTRAST
1.0,TASK3_SERVICE_VARIABILITY_SENSITIVITY_V1,0.5,0,SERVICE_VARIABILITY_SCV050_ICV000,SERVICE_VARIABILITY_SCV000_ICV000,time_weighted_mean_security_waiting_queue,CELL_MINUS_CV_ZERO_REFERENCE,PAIRED_STUDENT_T,50,-0.0153120833797,0.262047906909,0.0370591703943,49,0.95,-0.0897852745126,0.0591611077531,PASS,DESCRIPTIVE_EXPLORATORY_CONTRAST
1.0,TASK3_SERVICE_VARIABILITY_SENSITIVITY_V1,0.5,0,SERVICE_VARIABILITY_SCV050_ICV000,SERVICE_VARIABILITY_SCV000_ICV000,time_weighted_mean_immigration_waiting_queue,CELL_MINUS_CV_ZERO_REFERENCE,PAIRED_STUDENT_T,50,0.00512209550967,0.30977486195,0.0438087811052,49,0.95,-0.0829149461682,0.0931591371876,PASS,DESCRIPTIVE_EXPLORATORY_CONTRAST
1.0,TASK3_SERVICE_VARIABILITY_SENSITIVITY_V1,0.5,0,SERVICE_VARIABILITY_SCV050_ICV000,SERVICE_VARIABILITY_SCV000_ICV000,time_weighted_mean_total_waiting_queue,CELL_MINUS_CV_ZERO_REFERENCE,PAIRED_STUDENT_T,50,-0.0101899878701,0.442660918743,0.0626017074819,49,0.95,-0.135992829028,0.115612853288,PASS,DESCRIPTIVE_EXPLORATORY_CONTRAST
1.0,TASK3_SERVICE_VARIABILITY_SENSITIVITY_V1,0.5,0,SERVICE_VARIABILITY_SCV050_ICV000,SERVICE_VARIABILITY_SCV000_ICV000,system_time_p95_seconds,CELL_MINUS_CV_ZERO_REFERENCE,PAIRED_STUDENT_T,50,17.4029911066,2.71424878019,0.38385274366,49,0.95,16.6316101382,18.174372075,PASS,DESCRIPTIVE_EXPLORATORY_CONTRAST
1.0,TASK3_SERVICE_VARIABILITY_SENSITIVITY_V1,0.5,0,SERVICE_VARIABILITY_SCV050_ICV000,SERVICE_VARIABILITY_SCV000_ICV000,system_time_p99_seconds,CELL_MINUS_CV_ZERO_REFERENCE,PAIRED_STUDENT_T,50,30.8576708511,4.58151028966,0.647923398779,49,0.95,29.5556200333,32.1597216688,PASS,DESCRIPTIVE_EXPLORATORY_CONTRAST
1.0,TASK3_SERVICE_VARIABILITY_SENSITIVITY_V1,0.5,0,SERVICE_VARIABILITY_SCV050_ICV000,SERVICE_VARIABILITY_SCV000_ICV000,system_time_max_seconds,CELL_MINUS_CV_ZERO_REFERENCE,PAIRED_STUDENT_T,50,51.6610383961,12.9238710782,1.82771137571,49,0.95,47.9881148748,55.3339619173,PASS,DESCRIPTIVE_EXPLORATORY_CONTRAST
1.0,TASK3_SERVICE_VARIABILITY_SENSITIVITY_V1,0.5,0,SERVICE_VARIABILITY_SCV050_ICV000,SERVICE_VARIABILITY_SCV000_ICV000,cutoff_backlog,CELL_MINUS_CV_ZERO_REFERENCE,PAIRED_STUDENT_T,50,-0.22,2.69761799689,0.38150079573,49,0.95,-0.986654552045,0.546654552045,PASS,DESCRIPTIVE_EXPLORATORY_CONTRAST
1.0,TASK3_SERVICE_VARIABILITY_SENSITIVITY_V1,0.5,0,SERVICE_VARIABILITY_SCV050_ICV000,SERVICE_VARIABILITY_SCV000_ICV000,cohort_clear_time_after_cutoff_seconds,CELL_MINUS_CV_ZERO_REFERENCE,PAIRED_STUDENT_T,50,24.9659334707,14.3949139109,2.03574824819,49,0.95,20.8749442021,29.0569227393,PASS,DESCRIPTIVE_EXPLORATORY_CONTRAST
1.0,TASK3_SERVICE_VARIABILITY_SENSITIVITY_V1,0.5,0.5,SERVICE_VARIABILITY_SCV050_ICV050,SERVICE_VARIABILITY_SCV000_ICV000,total_queue_wait_p95_seconds,CELL_MINUS_CV_ZERO_REFERENCE,PAIRED_STUDENT_T,50,0.82827222638,1.7827723331,0.25212208121,49,0.95,0.321613935247,1.33493051751,PASS,DESCRIPTIVE_EXPLORATORY_CONTRAST
1.0,TASK3_SERVICE_VARIABILITY_SENSITIVITY_V1,0.5,0.5,SERVICE_VARIABILITY_SCV050_ICV050,SERVICE_VARIABILITY_SCV000_ICV000,total_queue_wait_mean_seconds,CELL_MINUS_CV_ZERO_REFERENCE,PAIRED_STUDENT_T,50,0.144682210509,0.43609090908,0.0616725678049,49,0.95,0.0207465454381,0.26861787558,PASS,DESCRIPTIVE_EXPLORATORY_CONTRAST
1.0,TASK3_SERVICE_VARIABILITY_SENSITIVITY_V1,0.5,0.5,SERVICE_VARIABILITY_SCV050_ICV050,SERVICE_VARIABILITY_SCV000_ICV000,security_wait_p95_seconds,CELL_MINUS_CV_ZERO_REFERENCE,PAIRED_STUDENT_T,50,-0.10182262076,1.42356494495,0.201322485207,49,0.95,-0.50639530171,0.30275006019,PASS,DESCRIPTIVE_EXPLORATORY_CONTRAST
1.0,TASK3_SERVICE_VARIABILITY_SENSITIVITY_V1,0.5,0.5,SERVICE_VARIABILITY_SCV050_ICV050,SERVICE_VARIABILITY_SCV000_ICV000,immigration_wait_p95_seconds,CELL_MINUS_CV_ZERO_REFERENCE,PAIRED_STUDENT_T,50,0.95634530106,1.69160569575,0.239229171711,49,0.95,0.47559628159,1.43709432053,PASS,DESCRIPTIVE_EXPLORATORY_CONTRAST
1.0,TASK3_SERVICE_VARIABILITY_SENSITIVITY_V1,0.5,0.5,SERVICE_VARIABILITY_SCV050_ICV050,SERVICE_VARIABILITY_SCV000_ICV000,peak_security_waiting_queue,CELL_MINUS_CV_ZERO_REFERENCE,PAIRED_STUDENT_T,50,-0.66,3.19827759768,0.452304755488,49,0.95,-1.56894043626,0.248940436264,PASS,DESCRIPTIVE_EXPLORATORY_CONTRAST
1.0,TASK3_SERVICE_VARIABILITY_SENSITIVITY_V1,0.5,0.5,SERVICE_VARIABILITY_SCV050_ICV050,SERVICE_VARIABILITY_SCV000_ICV000,peak_immigration_waiting_queue,CELL_MINUS_CV_ZERO_REFERENCE,PAIRED_STUDENT_T,50,2.42,3.13042997633,0.442709652859,49,0.95,1.53034164438,3.30965835562,PASS,DESCRIPTIVE_EXPLORATORY_CONTRAST
1.0,TASK3_SERVICE_VARIABILITY_SENSITIVITY_V1,0.5,0.5,SERVICE_VARIABILITY_SCV050_ICV050,SERVICE_VARIABILITY_SCV000_ICV000,peak_total_waiting_queue,CELL_MINUS_CV_ZERO_REFERENCE,PAIRED_STUDENT_T,50,1.5,2.93640068444,0.41526976725,49,0.95,0.665484159006,2.33451584099,PASS,DESCRIPTIVE_EXPLORATORY_CONTRAST
1.0,TASK3_SERVICE_VARIABILITY_SENSITIVITY_V1,0.5,0.5,SERVICE_VARIABILITY_SCV050_ICV050,SERVICE_VARIABILITY_SCV000_ICV000,time_weighted_mean_security_waiting_queue,CELL_MINUS_CV_ZERO_REFERENCE,PAIRED_STUDENT_T,50,-0.0153120833797,0.262047906909,0.0370591703943,49,0.95,-0.0897852745126,0.0591611077531,PASS,DESCRIPTIVE_EXPLORATORY_CONTRAST
1.0,TASK3_SERVICE_VARIABILITY_SENSITIVITY_V1,0.5,0.5,SERVICE_VARIABILITY_SCV050_ICV050,SERVICE_VARIABILITY_SCV000_ICV000,time_weighted_mean_immigration_waiting_queue,CELL_MINUS_CV_ZERO_REFERENCE,PAIRED_STUDENT_T,50,0.172803998919,0.520998833206,0.0736803615901,49,0.95,0.0247377688053,0.320870229034,PASS,DESCRIPTIVE_EXPLORATORY_CONTRAST
1.0,TASK3_SERVICE_VARIABILITY_SENSITIVITY_V1,0.5,0.5,SERVICE_VARIABILITY_SCV050_ICV050,SERVICE_VARIABILITY_SCV000_ICV000,time_weighted_mean_total_waiting_queue,CELL_MINUS_CV_ZERO_REFERENCE,PAIRED_STUDENT_T,50,0.15749191554,0.555080193546,0.0785001937918,49,0.95,-0.000260130014064,0.315243961094,PASS,DESCRIPTIVE_EXPLORATORY_CONTRAST
1.0,TASK3_SERVICE_VARIABILITY_SENSITIVITY_V1,0.5,0.5,SERVICE_VARIABILITY_SCV050_ICV050,SERVICE_VARIABILITY_SCV000_ICV000,system_time_p95_seconds,CELL_MINUS_CV_ZERO_REFERENCE,PAIRED_STUDENT_T,50,20.5046045301,2.8966592471,0.409649479282,49,0.95,19.6813830806,21.3278259795,PASS,DESCRIPTIVE_EXPLORATORY_CONTRAST
1.0,TASK3_SERVICE_VARIABILITY_SENSITIVITY_V1,0.5,0.5,SERVICE_VARIABILITY_SCV050_ICV050,SERVICE_VARIABILITY_SCV000_ICV000,system_time_p99_seconds,CELL_MINUS_CV_ZERO_REFERENCE,PAIRED_STUDENT_T,50,34.717031075,5.78234915609,0.817747659892,49,0.95,33.0737056275,36.3603565225,PASS,DESCRIPTIVE_EXPLORATORY_CONTRAST
1.0,TASK3_SERVICE_VARIABILITY_SENSITIVITY_V1,0.5,0.5,SERVICE_VARIABILITY_SCV050_ICV050,SERVICE_VARIABILITY_SCV000_ICV000,system_time_max_seconds,CELL_MINUS_CV_ZERO_REFERENCE,PAIRED_STUDENT_T,50,54.3011589922,12.2896724608,1.73802214712,49,0.95,50.8084727237,57.7938452606,PASS,DESCRIPTIVE_EXPLORATORY_CONTRAST
1.0,TASK3_SERVICE_VARIABILITY_SENSITIVITY_V1,0.5,0.5,SERVICE_VARIABILITY_SCV050_ICV050,SERVICE_VARIABILITY_SCV000_ICV000,cutoff_backlog,CELL_MINUS_CV_ZERO_REFERENCE,PAIRED_STUDENT_T,50,0.12,3.36027209783,0.475214237401,49,0.95,-0.834978763812,1.07497876381,PASS,DESCRIPTIVE_EXPLORATORY_CONTRAST
1.0,TASK3_SERVICE_VARIABILITY_SENSITIVITY_V1,0.5,0.5,SERVICE_VARIABILITY_SCV050_ICV050,SERVICE_VARIABILITY_SCV000_ICV000,cohort_clear_time_after_cutoff_seconds,CELL_MINUS_CV_ZERO_REFERENCE,PAIRED_STUDENT_T,50,27.9510941935,13.1903189567,1.86539279606,49,0.95,24.2024470231,31.699741364,PASS,DESCRIPTIVE_EXPLORATORY_CONTRAST
1.0,TASK3_SERVICE_VARIABILITY_SENSITIVITY_V1,0.5,1,SERVICE_VARIABILITY_SCV050_ICV100,SERVICE_VARIABILITY_SCV000_ICV000,total_queue_wait_p95_seconds,CELL_MINUS_CV_ZERO_REFERENCE,PAIRED_STUDENT_T,50,1.85882524314,3.47737253538,0.491774740097,49,0.95,0.870566903196,2.84708358308,PASS,DESCRIPTIVE_EXPLORATORY_CONTRAST
1.0,TASK3_SERVICE_VARIABILITY_SENSITIVITY_V1,0.5,1,SERVICE_VARIABILITY_SCV050_ICV100,SERVICE_VARIABILITY_SCV000_ICV000,total_queue_wait_mean_seconds,CELL_MINUS_CV_ZERO_REFERENCE,PAIRED_STUDENT_T,50,0.36478283293,0.974215203092,0.137774835288,49,0.95,0.0879139356353,0.641651730225,PASS,DESCRIPTIVE_EXPLORATORY_CONTRAST
1.0,TASK3_SERVICE_VARIABILITY_SENSITIVITY_V1,0.5,1,SERVICE_VARIABILITY_SCV050_ICV100,SERVICE_VARIABILITY_SCV000_ICV000,security_wait_p95_seconds,CELL_MINUS_CV_ZERO_REFERENCE,PAIRED_STUDENT_T,50,-0.10182262076,1.42356494495,0.201322485207,49,0.95,-0.50639530171,0.30275006019,PASS,DESCRIPTIVE_EXPLORATORY_CONTRAST
1.0,TASK3_SERVICE_VARIABILITY_SENSITIVITY_V1,0.5,1,SERVICE_VARIABILITY_SCV050_ICV100,SERVICE_VARIABILITY_SCV000_ICV000,immigration_wait_p95_seconds,CELL_MINUS_CV_ZERO_REFERENCE,PAIRED_STUDENT_T,50,2.04607330412,3.54745563594,0.501685987226,49,0.95,1.03789756738,3.05424904086,PASS,DESCRIPTIVE_EXPLORATORY_CONTRAST
1.0,TASK3_SERVICE_VARIABILITY_SENSITIVITY_V1,0.5,1,SERVICE_VARIABILITY_SCV050_ICV100,SERVICE_VARIABILITY_SCV000_ICV000,peak_security_waiting_queue,CELL_MINUS_CV_ZERO_REFERENCE,PAIRED_STUDENT_T,50,-0.66,3.19827759768,0.452304755488,49,0.95,-1.56894043626,0.248940436264,PASS,DESCRIPTIVE_EXPLORATORY_CONTRAST
1.0,TASK3_SERVICE_VARIABILITY_SENSITIVITY_V1,0.5,1,SERVICE_VARIABILITY_SCV050_ICV100,SERVICE_VARIABILITY_SCV000_ICV000,peak_immigration_waiting_queue,CELL_MINUS_CV_ZERO_REFERENCE,PAIRED_STUDENT_T,50,3.74,5.3597517457,0.757983360972,49,0.95,2.21677540763,5.26322459237,PASS,DESCRIPTIVE_EXPLORATORY_CONTRAST
1.0,TASK3_SERVICE_VARIABILITY_SENSITIVITY_V1,0.5,1,SERVICE_VARIABILITY_SCV050_ICV100,SERVICE_VARIABILITY_SCV000_ICV000,peak_total_waiting_queue,CELL_MINUS_CV_ZERO_REFERENCE,PAIRED_STUDENT_T,50,2.66,5.40827031084,0.764844922257,49,0.95,1.12298658399,4.19701341601,PASS,DESCRIPTIVE_EXPLORATORY_CONTRAST
1.0,TASK3_SERVICE_VARIABILITY_SENSITIVITY_V1,0.5,1,SERVICE_VARIABILITY_SCV050_ICV100,SERVICE_VARIABILITY_SCV000_ICV000,time_weighted_mean_security_waiting_queue,CELL_MINUS_CV_ZERO_REFERENCE,PAIRED_STUDENT_T,50,-0.0153120833797,0.262047906909,0.0370591703943,49,0.95,-0.0897852745126,0.0591611077531,PASS,DESCRIPTIVE_EXPLORATORY_CONTRAST
1.0,TASK3_SERVICE_VARIABILITY_SENSITIVITY_V1,0.5,1,SERVICE_VARIABILITY_SCV050_ICV100,SERVICE_VARIABILITY_SCV000_ICV000,time_weighted_mean_immigration_waiting_queue,CELL_MINUS_CV_ZERO_REFERENCE,PAIRED_STUDENT_T,50,0.369884896511,1.07911139456,0.152609396951,49,0.95,0.0632048314464,0.676564961576,PASS,DESCRIPTIVE_EXPLORATORY_CONTRAST
1.0,TASK3_SERVICE_VARIABILITY_SENSITIVITY_V1,0.5,1,SERVICE_VARIABILITY_SCV050_ICV100,SERVICE_VARIABILITY_SCV000_ICV000,time_weighted_mean_total_waiting_queue,CELL_MINUS_CV_ZERO_REFERENCE,PAIRED_STUDENT_T,50,0.354572813132,1.0591546904,0.149787092781,49,0.95,0.0535643806378,0.655581245625,PASS,DESCRIPTIVE_EXPLORATORY_CONTRAST
1.0,TASK3_SERVICE_VARIABILITY_SENSITIVITY_V1,0.5,1,SERVICE_VARIABILITY_SCV050_ICV100,SERVICE_VARIABILITY_SCV000_ICV000,system_time_p95_seconds,CELL_MINUS_CV_ZERO_REFERENCE,PAIRED_STUDENT_T,50,27.8418913323,3.84212786312,0.543358933239,49,0.95,26.7499706752,28.9338119894,PASS,DESCRIPTIVE_EXPLORATORY_CONTRAST
1.0,TASK3_SERVICE_VARIABILITY_SENSITIVITY_V1,0.5,1,SERVICE_VARIABILITY_SCV050_ICV100,SERVICE_VARIABILITY_SCV000_ICV000,system_time_p99_seconds,CELL_MINUS_CV_ZERO_REFERENCE,PAIRED_STUDENT_T,50,55.0911255988,13.7839646598,1.94934697652,49,0.95,51.1737661862,59.0084850114,PASS,DESCRIPTIVE_EXPLORATORY_CONTRAST
1.0,TASK3_SERVICE_VARIABILITY_SENSITIVITY_V1,0.5,1,SERVICE_VARIABILITY_SCV050_ICV100,SERVICE_VARIABILITY_SCV000_ICV000,system_time_max_seconds,CELL_MINUS_CV_ZERO_REFERENCE,PAIRED_STUDENT_T,50,101.022341286,44.5518572346,6.300584073,49,0.95,88.3608435536,113.683839019,PASS,DESCRIPTIVE_EXPLORATORY_CONTRAST
1.0,TASK3_SERVICE_VARIABILITY_SENSITIVITY_V1,0.5,1,SERVICE_VARIABILITY_SCV050_ICV100,SERVICE_VARIABILITY_SCV000_ICV000,cutoff_backlog,CELL_MINUS_CV_ZERO_REFERENCE,PAIRED_STUDENT_T,50,1.2,5.85540043769,0.828078671211,49,0.95,-0.46408639206,2.86408639206,PASS,DESCRIPTIVE_EXPLORATORY_CONTRAST
1.0,TASK3_SERVICE_VARIABILITY_SENSITIVITY_V1,0.5,1,SERVICE_VARIABILITY_SCV050_ICV100,SERVICE_VARIABILITY_SCV000_ICV000,cohort_clear_time_after_cutoff_seconds,CELL_MINUS_CV_ZERO_REFERENCE,PAIRED_STUDENT_T,50,52.9262374906,27.847146949,3.93818128887,49,0.95,45.0121658931,60.840309088,PASS,DESCRIPTIVE_EXPLORATORY_CONTRAST
1.0,TASK3_SERVICE_VARIABILITY_SENSITIVITY_V1,1,0,SERVICE_VARIABILITY_SCV100_ICV000,SERVICE_VARIABILITY_SCV000_ICV000,total_queue_wait_p95_seconds,CELL_MINUS_CV_ZERO_REFERENCE,PAIRED_STUDENT_T,50,0.0417158344,1.59076062106,0.22496752448,49,0.95,-0.410373331953,0.493805000753,PASS,DESCRIPTIVE_EXPLORATORY_CONTRAST
1.0,TASK3_SERVICE_VARIABILITY_SENSITIVITY_V1,1,0,SERVICE_VARIABILITY_SCV100_ICV000,SERVICE_VARIABILITY_SCV000_ICV000,total_queue_wait_mean_seconds,CELL_MINUS_CV_ZERO_REFERENCE,PAIRED_STUDENT_T,50,-0.0165481516765,0.360540820052,0.0509881717507,49,0.95,-0.119012719013,0.0859164156603,PASS,DESCRIPTIVE_EXPLORATORY_CONTRAST
1.0,TASK3_SERVICE_VARIABILITY_SENSITIVITY_V1,1,0,SERVICE_VARIABILITY_SCV100_ICV000,SERVICE_VARIABILITY_SCV000_ICV000,security_wait_p95_seconds,CELL_MINUS_CV_ZERO_REFERENCE,PAIRED_STUDENT_T,50,-0.35132091268,1.62856544781,0.23031393435,49,0.95,-0.814154091915,0.111512266555,PASS,DESCRIPTIVE_EXPLORATORY_CONTRAST
1.0,TASK3_SERVICE_VARIABILITY_SENSITIVITY_V1,1,0,SERVICE_VARIABILITY_SCV100_ICV000,SERVICE_VARIABILITY_SCV000_ICV000,immigration_wait_p95_seconds,CELL_MINUS_CV_ZERO_REFERENCE,PAIRED_STUDENT_T,50,0.3825609476,1.22289499336,0.172943468497,49,0.95,0.035018035886,0.730103859314,PASS,DESCRIPTIVE_EXPLORATORY_CONTRAST
1.0,TASK3_SERVICE_VARIABILITY_SENSITIVITY_V1,1,0,SERVICE_VARIABILITY_SCV100_ICV000,SERVICE_VARIABILITY_SCV000_ICV000,peak_security_waiting_queue,CELL_MINUS_CV_ZERO_REFERENCE,PAIRED_STUDENT_T,50,-1.54,4.22919879516,0.598099029409,49,0.95,-2.74192499885,-0.338075001149,PASS,DESCRIPTIVE_EXPLORATORY_CONTRAST
1.0,TASK3_SERVICE_VARIABILITY_SENSITIVITY_V1,1,0,SERVICE_VARIABILITY_SCV100_ICV000,SERVICE_VARIABILITY_SCV000_ICV000,peak_immigration_waiting_queue,CELL_MINUS_CV_ZERO_REFERENCE,PAIRED_STUDENT_T,50,1.54,2.68943511253,0.380343561126,49,0.95,0.77567099796,2.30432900204,PASS,DESCRIPTIVE_EXPLORATORY_CONTRAST
1.0,TASK3_SERVICE_VARIABILITY_SENSITIVITY_V1,1,0,SERVICE_VARIABILITY_SCV100_ICV000,SERVICE_VARIABILITY_SCV000_ICV000,peak_total_waiting_queue,CELL_MINUS_CV_ZERO_REFERENCE,PAIRED_STUDENT_T,50,0.28,3.01045796231,0.425743047926,49,0.95,-0.575562686492,1.13556268649,PASS,DESCRIPTIVE_EXPLORATORY_CONTRAST
1.0,TASK3_SERVICE_VARIABILITY_SENSITIVITY_V1,1,0,SERVICE_VARIABILITY_SCV100_ICV000,SERVICE_VARIABILITY_SCV000_ICV000,time_weighted_mean_security_waiting_queue,CELL_MINUS_CV_ZERO_REFERENCE,PAIRED_STUDENT_T,50,-0.0769480479793,0.301394380392,0.0426236020374,49,0.95,-0.162603383151,0.0087072871922,PASS,DESCRIPTIVE_EXPLORATORY_CONTRAST
1.0,TASK3_SERVICE_VARIABILITY_SENSITIVITY_V1,1,0,SERVICE_VARIABILITY_SCV100_ICV000,SERVICE_VARIABILITY_SCV000_ICV000,time_weighted_mean_immigration_waiting_queue,CELL_MINUS_CV_ZERO_REFERENCE,PAIRED_STUDENT_T,50,0.0618208788624,0.36318814351,0.0513625598244,49,0.95,-0.0413960494764,0.165037807201,PASS,DESCRIPTIVE_EXPLORATORY_CONTRAST
1.0,TASK3_SERVICE_VARIABILITY_SENSITIVITY_V1,1,0,SERVICE_VARIABILITY_SCV100_ICV000,SERVICE_VARIABILITY_SCV000_ICV000,time_weighted_mean_total_waiting_queue,CELL_MINUS_CV_ZERO_REFERENCE,PAIRED_STUDENT_T,50,-0.0151271691169,0.488809726252,0.0691281344286,49,0.95,-0.154045356254,0.12379101802,PASS,DESCRIPTIVE_EXPLORATORY_CONTRAST
1.0,TASK3_SERVICE_VARIABILITY_SENSITIVITY_V1,1,0,SERVICE_VARIABILITY_SCV100_ICV000,SERVICE_VARIABILITY_SCV000_ICV000,system_time_p95_seconds,CELL_MINUS_CV_ZERO_REFERENCE,PAIRED_STUDENT_T,50,35.1810415827,5.51532918113,0.779985332891,49,0.95,33.6136023724,36.748480793,PASS,DESCRIPTIVE_EXPLORATORY_CONTRAST
1.0,TASK3_SERVICE_VARIABILITY_SENSITIVITY_V1,1,0,SERVICE_VARIABILITY_SCV100_ICV000,SERVICE_VARIABILITY_SCV000_ICV000,system_time_p99_seconds,CELL_MINUS_CV_ZERO_REFERENCE,PAIRED_STUDENT_T,50,75.7134248849,13.6857580742,1.935458468,49,0.95,71.8239754751,79.6028742947,PASS,DESCRIPTIVE_EXPLORATORY_CONTRAST
1.0,TASK3_SERVICE_VARIABILITY_SENSITIVITY_V1,1,0,SERVICE_VARIABILITY_SCV100_ICV000,SERVICE_VARIABILITY_SCV000_ICV000,system_time_max_seconds,CELL_MINUS_CV_ZERO_REFERENCE,PAIRED_STUDENT_T,50,154.493679279,57.533013762,8.13639683465,49,0.95,138.14297768,170.844380877,PASS,DESCRIPTIVE_EXPLORATORY_CONTRAST
1.0,TASK3_SERVICE_VARIABILITY_SENSITIVITY_V1,1,0,SERVICE_VARIABILITY_SCV100_ICV000,SERVICE_VARIABILITY_SCV000_ICV000,cutoff_backlog,CELL_MINUS_CV_ZERO_REFERENCE,PAIRED_STUDENT_T,50,-0.52,4.39962892684,0.622201489774,49,0.95,-1.77036070636,0.730360706356,PASS,DESCRIPTIVE_EXPLORATORY_CONTRAST
1.0,TASK3_SERVICE_VARIABILITY_SENSITIVITY_V1,1,0,SERVICE_VARIABILITY_SCV100_ICV000,SERVICE_VARIABILITY_SCV000_ICV000,cohort_clear_time_after_cutoff_seconds,CELL_MINUS_CV_ZERO_REFERENCE,PAIRED_STUDENT_T,50,85.5359816331,57.7038615218,8.16055835654,49,0.95,69.1367256386,101.935237628,PASS,DESCRIPTIVE_EXPLORATORY_CONTRAST
1.0,TASK3_SERVICE_VARIABILITY_SENSITIVITY_V1,1,0.5,SERVICE_VARIABILITY_SCV100_ICV050,SERVICE_VARIABILITY_SCV000_ICV000,total_queue_wait_p95_seconds,CELL_MINUS_CV_ZERO_REFERENCE,PAIRED_STUDENT_T,50,0.73759157814,1.93554992942,0.273728096084,49,0.95,0.187514374543,1.28766878174,PASS,DESCRIPTIVE_EXPLORATORY_CONTRAST
1.0,TASK3_SERVICE_VARIABILITY_SENSITIVITY_V1,1,0.5,SERVICE_VARIABILITY_SCV100_ICV050,SERVICE_VARIABILITY_SCV000_ICV000,total_queue_wait_mean_seconds,CELL_MINUS_CV_ZERO_REFERENCE,PAIRED_STUDENT_T,50,0.0955638450968,0.478056869639,0.067607450863,49,0.95,-0.0402984140028,0.231426104196,PASS,DESCRIPTIVE_EXPLORATORY_CONTRAST
1.0,TASK3_SERVICE_VARIABILITY_SENSITIVITY_V1,1,0.5,SERVICE_VARIABILITY_SCV100_ICV050,SERVICE_VARIABILITY_SCV000_ICV000,security_wait_p95_seconds,CELL_MINUS_CV_ZERO_REFERENCE,PAIRED_STUDENT_T,50,-0.35132091268,1.62856544781,0.23031393435,49,0.95,-0.814154091915,0.111512266555,PASS,DESCRIPTIVE_EXPLORATORY_CONTRAST
1.0,TASK3_SERVICE_VARIABILITY_SENSITIVITY_V1,1,0.5,SERVICE_VARIABILITY_SCV100_ICV050,SERVICE_VARIABILITY_SCV000_ICV000,immigration_wait_p95_seconds,CELL_MINUS_CV_ZERO_REFERENCE,PAIRED_STUDENT_T,50,1.02003675482,1.80133699569,0.254747520971,49,0.95,0.508102444957,1.53197106468,PASS,DESCRIPTIVE_EXPLORATORY_CONTRAST
1.0,TASK3_SERVICE_VARIABILITY_SENSITIVITY_V1,1,0.5,SERVICE_VARIABILITY_SCV100_ICV050,SERVICE_VARIABILITY_SCV000_ICV000,peak_security_waiting_queue,CELL_MINUS_CV_ZERO_REFERENCE,PAIRED_STUDENT_T,50,-1.54,4.22919879516,0.598099029409,49,0.95,-2.74192499885,-0.338075001149,PASS,DESCRIPTIVE_EXPLORATORY_CONTRAST
1.0,TASK3_SERVICE_VARIABILITY_SENSITIVITY_V1,1,0.5,SERVICE_VARIABILITY_SCV100_ICV050,SERVICE_VARIABILITY_SCV000_ICV000,peak_immigration_waiting_queue,CELL_MINUS_CV_ZERO_REFERENCE,PAIRED_STUDENT_T,50,2.24,3.0004081355,0.424321787788,49,0.95,1.38729344269,3.09270655731,PASS,DESCRIPTIVE_EXPLORATORY_CONTRAST
1.0,TASK3_SERVICE_VARIABILITY_SENSITIVITY_V1,1,0.5,SERVICE_VARIABILITY_SCV100_ICV050,SERVICE_VARIABILITY_SCV000_ICV000,peak_total_waiting_queue,CELL_MINUS_CV_ZERO_REFERENCE,PAIRED_STUDENT_T,50,1.32,3.08677230539,0.436535525824,49,0.95,0.442749017178,2.19725098282,PASS,DESCRIPTIVE_EXPLORATORY_CONTRAST
1.0,TASK3_SERVICE_VARIABILITY_SENSITIVITY_V1,1,0.5,SERVICE_VARIABILITY_SCV100_ICV050,SERVICE_VARIABILITY_SCV000_ICV000,time_weighted_mean_security_waiting_queue,CELL_MINUS_CV_ZERO_REFERENCE,PAIRED_STUDENT_T,50,-0.0769480479793,0.301394380392,0.0426236020374,49,0.95,-0.162603383151,0.0087072871922,PASS,DESCRIPTIVE_EXPLORATORY_CONTRAST
1.0,TASK3_SERVICE_VARIABILITY_SENSITIVITY_V1,1,0.5,SERVICE_VARIABILITY_SCV100_ICV050,SERVICE_VARIABILITY_SCV000_ICV000,time_weighted_mean_immigration_waiting_queue,CELL_MINUS_CV_ZERO_REFERENCE,PAIRED_STUDENT_T,50,0.20334519257,0.575717117183,0.081418695521,49,0.95,0.0397281982117,0.366962186928,PASS,DESCRIPTIVE_EXPLORATORY_CONTRAST
1.0,TASK3_SERVICE_VARIABILITY_SENSITIVITY_V1,1,0.5,SERVICE_VARIABILITY_SCV100_ICV050,SERVICE_VARIABILITY_SCV000_ICV000,time_weighted_mean_total_waiting_queue,CELL_MINUS_CV_ZERO_REFERENCE,PAIRED_STUDENT_T,50,0.126397144591,0.639030794153,0.0903726015866,49,0.95,-0.0552133976726,0.308007686854,PASS,DESCRIPTIVE_EXPLORATORY_CONTRAST
1.0,TASK3_SERVICE_VARIABILITY_SENSITIVITY_V1,1,0.5,SERVICE_VARIABILITY_SCV100_ICV050,SERVICE_VARIABILITY_SCV000_ICV000,system_time_p95_seconds,CELL_MINUS_CV_ZERO_REFERENCE,PAIRED_STUDENT_T,50,36.7022425794,6.13540640604,0.867677495009,49,0.95,34.9585793716,38.4459057872,PASS,DESCRIPTIVE_EXPLORATORY_CONTRAST
1.0,TASK3_SERVICE_VARIABILITY_SENSITIVITY_V1,1,0.5,SERVICE_VARIABILITY_SCV100_ICV050,SERVICE_VARIABILITY_SCV000_ICV000,system_time_p99_seconds,CELL_MINUS_CV_ZERO_REFERENCE,PAIRED_STUDENT_T,50,76.3308008212,13.9468116008,1.97237701178,49,0.95,72.36716082,80.2944408223,PASS,DESCRIPTIVE_EXPLORATORY_CONTRAST
1.0,TASK3_SERVICE_VARIABILITY_SENSITIVITY_V1,1,0.5,SERVICE_VARIABILITY_SCV100_ICV050,SERVICE_VARIABILITY_SCV000_ICV000,system_time_max_seconds,CELL_MINUS_CV_ZERO_REFERENCE,PAIRED_STUDENT_T,50,154.023660335,56.543540685,7.99646421013,49,0.95,137.954163873,170.093156796,PASS,DESCRIPTIVE_EXPLORATORY_CONTRAST
1.0,TASK3_SERVICE_VARIABILITY_SENSITIVITY_V1,1,0.5,SERVICE_VARIABILITY_SCV100_ICV050,SERVICE_VARIABILITY_SCV000_ICV000,cutoff_backlog,CELL_MINUS_CV_ZERO_REFERENCE,PAIRED_STUDENT_T,50,0.06,4.22050388712,0.596869383722,49,0.95,-1.13945393333,1.25945393333,PASS,DESCRIPTIVE_EXPLORATORY_CONTRAST
1.0,TASK3_SERVICE_VARIABILITY_SENSITIVITY_V1,1,0.5,SERVICE_VARIABILITY_SCV100_ICV050,SERVICE_VARIABILITY_SCV000_ICV000,cohort_clear_time_after_cutoff_seconds,CELL_MINUS_CV_ZERO_REFERENCE,PAIRED_STUDENT_T,50,87.2918466559,55.1207840695,7.79525603997,49,0.95,71.6266931509,102.957000161,PASS,DESCRIPTIVE_EXPLORATORY_CONTRAST
1.0,TASK3_SERVICE_VARIABILITY_SENSITIVITY_V1,1,1,SERVICE_VARIABILITY_SCV100_ICV100,SERVICE_VARIABILITY_SCV000_ICV000,total_queue_wait_p95_seconds,CELL_MINUS_CV_ZERO_REFERENCE,PAIRED_STUDENT_T,50,1.66838388736,3.48802588497,0.493281351243,49,0.95,0.677097898964,2.65966987576,PASS,DESCRIPTIVE_EXPLORATORY_CONTRAST
1.0,TASK3_SERVICE_VARIABILITY_SENSITIVITY_V1,1,1,SERVICE_VARIABILITY_SCV100_ICV100,SERVICE_VARIABILITY_SCV000_ICV000,total_queue_wait_mean_seconds,CELL_MINUS_CV_ZERO_REFERENCE,PAIRED_STUDENT_T,50,0.312144384256,0.951551719471,0.134569734697,49,0.95,0.0417163777414,0.582572390772,PASS,DESCRIPTIVE_EXPLORATORY_CONTRAST
1.0,TASK3_SERVICE_VARIABILITY_SENSITIVITY_V1,1,1,SERVICE_VARIABILITY_SCV100_ICV100,SERVICE_VARIABILITY_SCV000_ICV000,security_wait_p95_seconds,CELL_MINUS_CV_ZERO_REFERENCE,PAIRED_STUDENT_T,50,-0.35132091268,1.62856544781,0.23031393435,49,0.95,-0.814154091915,0.111512266555,PASS,DESCRIPTIVE_EXPLORATORY_CONTRAST
1.0,TASK3_SERVICE_VARIABILITY_SENSITIVITY_V1,1,1,SERVICE_VARIABILITY_SCV100_ICV100,SERVICE_VARIABILITY_SCV000_ICV000,immigration_wait_p95_seconds,CELL_MINUS_CV_ZERO_REFERENCE,PAIRED_STUDENT_T,50,2.09579429682,3.4984719273,0.494758644717,49,0.95,1.10153957604,3.0900490176,PASS,DESCRIPTIVE_EXPLORATORY_CONTRAST
1.0,TASK3_SERVICE_VARIABILITY_SENSITIVITY_V1,1,1,SERVICE_VARIABILITY_SCV100_ICV100,SERVICE_VARIABILITY_SCV000_ICV000,peak_security_waiting_queue,CELL_MINUS_CV_ZERO_REFERENCE,PAIRED_STUDENT_T,50,-1.54,4.22919879516,0.598099029409,49,0.95,-2.74192499885,-0.338075001149,PASS,DESCRIPTIVE_EXPLORATORY_CONTRAST
1.0,TASK3_SERVICE_VARIABILITY_SENSITIVITY_V1,1,1,SERVICE_VARIABILITY_SCV100_ICV100,SERVICE_VARIABILITY_SCV000_ICV000,peak_immigration_waiting_queue,CELL_MINUS_CV_ZERO_REFERENCE,PAIRED_STUDENT_T,50,3.8,5.11500393999,0.723370794353,49,0.95,2.34633196441,5.25366803559,PASS,DESCRIPTIVE_EXPLORATORY_CONTRAST
1.0,TASK3_SERVICE_VARIABILITY_SENSITIVITY_V1,1,1,SERVICE_VARIABILITY_SCV100_ICV100,SERVICE_VARIABILITY_SCV000_ICV000,peak_total_waiting_queue,CELL_MINUS_CV_ZERO_REFERENCE,PAIRED_STUDENT_T,50,2.74,5.38633948626,0.761743435301,49,0.95,1.20921925537,4.27078074463,PASS,DESCRIPTIVE_EXPLORATORY_CONTRAST
1.0,TASK3_SERVICE_VARIABILITY_SENSITIVITY_V1,1,1,SERVICE_VARIABILITY_SCV100_ICV100,SERVICE_VARIABILITY_SCV000_ICV000,time_weighted_mean_security_waiting_queue,CELL_MINUS_CV_ZERO_REFERENCE,PAIRED_STUDENT_T,50,-0.0769480479793,0.301394380392,0.0426236020374,49,0.95,-0.162603383151,0.0087072871922,PASS,DESCRIPTIVE_EXPLORATORY_CONTRAST
1.0,TASK3_SERVICE_VARIABILITY_SENSITIVITY_V1,1,1,SERVICE_VARIABILITY_SCV100_ICV100,SERVICE_VARIABILITY_SCV000_ICV000,time_weighted_mean_immigration_waiting_queue,CELL_MINUS_CV_ZERO_REFERENCE,PAIRED_STUDENT_T,50,0.426738315957,1.11187116302,0.157242327836,49,0.95,0.110748027709,0.742728604204,PASS,DESCRIPTIVE_EXPLORATORY_CONTRAST
1.0,TASK3_SERVICE_VARIABILITY_SENSITIVITY_V1,1,1,SERVICE_VARIABILITY_SCV100_ICV100,SERVICE_VARIABILITY_SCV000_ICV000,time_weighted_mean_total_waiting_queue,CELL_MINUS_CV_ZERO_REFERENCE,PAIRED_STUDENT_T,50,0.349790267977,1.12965065347,0.159756727489,49,0.95,0.0287471044515,0.670833431503,PASS,DESCRIPTIVE_EXPLORATORY_CONTRAST
1.0,TASK3_SERVICE_VARIABILITY_SENSITIVITY_V1,1,1,SERVICE_VARIABILITY_SCV100_ICV100,SERVICE_VARIABILITY_SCV000_ICV000,system_time_p95_seconds,CELL_MINUS_CV_ZERO_REFERENCE,PAIRED_STUDENT_T,50,43.4705619242,6.70540961737,0.948288122216,49,0.95,41.5649055962,45.3762182523,PASS,DESCRIPTIVE_EXPLORATORY_CONTRAST
1.0,TASK3_SERVICE_VARIABILITY_SENSITIVITY_V1,1,1,SERVICE_VARIABILITY_SCV100_ICV100,SERVICE_VARIABILITY_SCV000_ICV000,system_time_p99_seconds,CELL_MINUS_CV_ZERO_REFERENCE,PAIRED_STUDENT_T,50,86.0741449819,17.2906785506,2.44527121088,49,0.95,81.1601885085,90.9881014554,PASS,DESCRIPTIVE_EXPLORATORY_CONTRAST
1.0,TASK3_SERVICE_VARIABILITY_SENSITIVITY_V1,1,1,SERVICE_VARIABILITY_SCV100_ICV100,SERVICE_VARIABILITY_SCV000_ICV000,system_time_max_seconds,CELL_MINUS_CV_ZERO_REFERENCE,PAIRED_STUDENT_T,50,164.200112388,55.9253536177,7.90903935666,49,0.95,148.306302747,180.093922028,PASS,DESCRIPTIVE_EXPLORATORY_CONTRAST
1.0,TASK3_SERVICE_VARIABILITY_SENSITIVITY_V1,1,1,SERVICE_VARIABILITY_SCV100_ICV100,SERVICE_VARIABILITY_SCV000_ICV000,cutoff_backlog,CELL_MINUS_CV_ZERO_REFERENCE,PAIRED_STUDENT_T,50,0.9,6.44996440427,0.912162713734,49,0.95,-0.933059601752,2.73305960175,PASS,DESCRIPTIVE_EXPLORATORY_CONTRAST
1.0,TASK3_SERVICE_VARIABILITY_SENSITIVITY_V1,1,1,SERVICE_VARIABILITY_SCV100_ICV100,SERVICE_VARIABILITY_SCV000_ICV000,cohort_clear_time_after_cutoff_seconds,CELL_MINUS_CV_ZERO_REFERENCE,PAIRED_STUDENT_T,50,95.9926881455,52.1842985289,7.37997427225,49,0.95,81.1620745973,110.823301694,PASS,DESCRIPTIVE_EXPLORATORY_CONTRAST
