schema_version,study_id,metric,reference_study_cell_id,illustrative_study_cell_id,reference_separate_minus_pooled_mean,illustrative_separate_minus_pooled_mean,illustrative_minus_reference_layout_effect_mean,paired_standard_error,paired_degrees_of_freedom,ci_level,ci_low,ci_high,analysis_status,claim_boundary
1.0,TASK3_QUEUE_LAYOUT_REPLAY_REFERENCE_SCALE_V1,total_queue_wait_p95_seconds,REFERENCE_SCALE,ILLUSTRATIVE_NORMALIZED_SMALL_SCALE,7.580189850019999,7.040165250779892,-0.540024599240108,0.5283234461967456,49.0,0.95,-1.6017303139118702,0.5216811154316541,DESCRIPTIVE_CROSS_SCALE_MECHANISM,"Illustrative normalized scale is a transparent assumption probe, not AnyLogic or site validation."
1.0,TASK3_QUEUE_LAYOUT_REPLAY_REFERENCE_SCALE_V1,peak_security_waiting_queue,REFERENCE_SCALE,ILLUSTRATIVE_NORMALIZED_SMALL_SCALE,0.4,0.96,0.56,0.15428571428571428,49.0,0.95,0.24995124912863176,0.8700487508713683,DESCRIPTIVE_CROSS_SCALE_MECHANISM,"Illustrative normalized scale is a transparent assumption probe, not AnyLogic or site validation."
1.0,TASK3_QUEUE_LAYOUT_REPLAY_REFERENCE_SCALE_V1,peak_immigration_waiting_queue,REFERENCE_SCALE,ILLUSTRATIVE_NORMALIZED_SMALL_SCALE,0.32,1.2,0.88,0.2072955102539092,49.0,0.95,0.4634240758256738,1.2965759241743262,DESCRIPTIVE_CROSS_SCALE_MECHANISM,"Illustrative normalized scale is a transparent assumption probe, not AnyLogic or site validation."
1.0,TASK3_QUEUE_LAYOUT_REPLAY_REFERENCE_SCALE_V1,peak_total_waiting_queue,REFERENCE_SCALE,ILLUSTRATIVE_NORMALIZED_SMALL_SCALE,1.78,1.62,-0.16,0.232747564050472,49.0,0.95,-0.6277237412179801,0.3077237412179801,DESCRIPTIVE_CROSS_SCALE_MECHANISM,"Illustrative normalized scale is a transparent assumption probe, not AnyLogic or site validation."
1.0,TASK3_QUEUE_LAYOUT_REPLAY_REFERENCE_SCALE_V1,peak_security_lane_waiting_queue,REFERENCE_SCALE,ILLUSTRATIVE_NORMALIZED_SMALL_SCALE,0.0,0.16,0.16,0.05237229365663817,49.0,0.95,0.0547539355559592,0.2652460644440408,DESCRIPTIVE_CROSS_SCALE_MECHANISM,"Illustrative normalized scale is a transparent assumption probe, not AnyLogic or site validation."
1.0,TASK3_QUEUE_LAYOUT_REPLAY_REFERENCE_SCALE_V1,peak_immigration_lane_waiting_queue,REFERENCE_SCALE,ILLUSTRATIVE_NORMALIZED_SMALL_SCALE,0.0,0.0,0.0,0.0,49.0,0.95,0.0,0.0,DESCRIPTIVE_CROSS_SCALE_MECHANISM,"Illustrative normalized scale is a transparent assumption probe, not AnyLogic or site validation."
1.0,TASK3_QUEUE_LAYOUT_REPLAY_REFERENCE_SCALE_V1,security_fragmentation_fraction,REFERENCE_SCALE,ILLUSTRATIVE_NORMALIZED_SMALL_SCALE,0.23480260494837318,0.06368690703583219,-0.17111569791254103,0.020189724480833567,49.0,0.95,-0.21168846827368615,-0.1305429275513959,DESCRIPTIVE_CROSS_SCALE_MECHANISM,"Illustrative normalized scale is a transparent assumption probe, not AnyLogic or site validation."
1.0,TASK3_QUEUE_LAYOUT_REPLAY_REFERENCE_SCALE_V1,immigration_fragmentation_fraction,REFERENCE_SCALE,ILLUSTRATIVE_NORMALIZED_SMALL_SCALE,0.3443964420773127,0.22172802367398123,-0.12266841840333148,0.011406390786259126,49.0,0.95,-0.14559041887241694,-0.09974641793424603,DESCRIPTIVE_CROSS_SCALE_MECHANISM,"Illustrative normalized scale is a transparent assumption probe, not AnyLogic or site validation."
1.0,TASK3_QUEUE_LAYOUT_REPLAY_REFERENCE_SCALE_V1,total_fragmentation_fraction,REFERENCE_SCALE,ILLUSTRATIVE_NORMALIZED_SMALL_SCALE,0.28905617198240025,0.14254127458635668,-0.1465148973960436,0.015013246136134823,49.0,0.95,-0.17668514506014638,-0.11634464973194082,DESCRIPTIVE_CROSS_SCALE_MECHANISM,"Illustrative normalized scale is a transparent assumption probe, not AnyLogic or site validation."
