schema_version,study_id,scenario_id,input_sample_id,replication_id,study_cell_id,layout_id,traveller_count,security_observation_span_seconds,immigration_observation_span_seconds,total_stage_observation_span_seconds,total_queue_wait_p95_seconds,peak_security_waiting_queue,peak_immigration_waiting_queue,peak_total_waiting_queue,peak_security_lane_waiting_queue,peak_immigration_lane_waiting_queue,security_fragmentation_seconds,immigration_fragmentation_seconds,total_fragmentation_seconds,security_fragmentation_fraction,immigration_fragmentation_fraction,total_fragmentation_fraction,immutable_input_sha256,pooled_replay_status,crn_status
1.0,TASK3_QUEUE_LAYOUT_REPLAY_REFERENCE_SCALE_V1,REFERENCE_ASSUMPTION_SANDBOX_V1,LOCAL_WINDOW_HPP_BASE,1,REFERENCE_SCALE,POOLED_FCFS,396,320.942186427,312.124004609,633.066191036,2.2085533380000015,4,9,9,1,1,0.0,0.0,0.0,0.0,0.0,0.0,bc9620c3b85f8506e16b295a83f92e2211f26a5d1c72066d980129777b8f63ad,PASS,PASS
1.0,TASK3_QUEUE_LAYOUT_REPLAY_REFERENCE_SCALE_V1,REFERENCE_ASSUMPTION_SANDBOX_V1,LOCAL_WINDOW_HPP_BASE,1,REFERENCE_SCALE,SEPARATE_JSQ_NO_JOCKEYING,396,320.942186427,312.124004609,633.066191036,9.212737207000004,4,9,9,1,1,45.405371680999984,111.35706875599983,156.7624404369998,0.14147523635484321,0.35677188268649074,0.24762409153529627,bc9620c3b85f8506e16b295a83f92e2211f26a5d1c72066d980129777b8f63ad,PASS,PASS
1.0,TASK3_QUEUE_LAYOUT_REPLAY_REFERENCE_SCALE_V1,REFERENCE_ASSUMPTION_SANDBOX_V1,LOCAL_WINDOW_HPP_BASE,2,REFERENCE_SCALE,POOLED_FCFS,442,326.1902936849999,318.35207773700006,644.542371422,3.4866995620000125,8,8,9,1,1,0.0,0.0,0.0,0.0,0.0,0.0,ac1b797a8fcf1e677c505869257e4f91f25c22924ba69d907b3da3077a624c9e,PASS,PASS
1.0,TASK3_QUEUE_LAYOUT_REPLAY_REFERENCE_SCALE_V1,REFERENCE_ASSUMPTION_SANDBOX_V1,LOCAL_WINDOW_HPP_BASE,2,REFERENCE_SCALE,SEPARATE_JSQ_NO_JOCKEYING,442,340.47686330399995,331.658681486,672.1355447899999,12.928201017999996,8,8,10,1,1,125.90172252500022,143.822384531,269.7241070560002,0.3697805522032989,0.4336457706658014,0.4012942168387658,ac1b797a8fcf1e677c505869257e4f91f25c22924ba69d907b3da3077a624c9e,PASS,PASS
1.0,TASK3_QUEUE_LAYOUT_REPLAY_REFERENCE_SCALE_V1,REFERENCE_ASSUMPTION_SANDBOX_V1,LOCAL_WINDOW_HPP_BASE,3,REFERENCE_SCALE,POOLED_FCFS,393,320.99136620800004,312.17318439,633.164550598,2.3653948810000145,4,6,6,1,1,0.0,0.0,0.0,0.0,0.0,0.0,934b2e7c04a0a9030bd46d673cc930775a597d37c419d67e4100e55cdc3ffc94,PASS,PASS
1.0,TASK3_QUEUE_LAYOUT_REPLAY_REFERENCE_SCALE_V1,REFERENCE_ASSUMPTION_SANDBOX_V1,LOCAL_WINDOW_HPP_BASE,3,REFERENCE_SCALE,SEPARATE_JSQ_NO_JOCKEYING,393,320.99136620800004,312.17318439,633.164550598,9.70746862499999,6,6,7,1,1,51.92830904199998,82.73655662699998,134.66486566899997,0.16177478433594633,0.2650341565649555,0.2126854157293141,934b2e7c04a0a9030bd46d673cc930775a597d37c419d67e4100e55cdc3ffc94,PASS,PASS
1.0,TASK3_QUEUE_LAYOUT_REPLAY_REFERENCE_SCALE_V1,REFERENCE_ASSUMPTION_SANDBOX_V1,LOCAL_WINDOW_HPP_BASE,4,REFERENCE_SCALE,POOLED_FCFS,410,320.483823494,312.81962919,633.3034526839999,1.4306200639999815,3,4,4,1,1,0.0,0.0,0.0,0.0,0.0,0.0,75a02ecf12c610f0c335ad8055977a87c94c06e4f3aded702555a896a5c98543,PASS,PASS
1.0,TASK3_QUEUE_LAYOUT_REPLAY_REFERENCE_SCALE_V1,REFERENCE_ASSUMPTION_SANDBOX_V1,LOCAL_WINDOW_HPP_BASE,4,REFERENCE_SCALE,SEPARATE_JSQ_NO_JOCKEYING,410,339.201003382,330.382821564,669.583824946,9.232764664000001,3,4,7,1,1,68.52491649400004,109.13010173099991,177.65501822499994,0.20201861377405458,0.33031409204143447,0.26532154990351997,75a02ecf12c610f0c335ad8055977a87c94c06e4f3aded702555a896a5c98543,PASS,PASS
1.0,TASK3_QUEUE_LAYOUT_REPLAY_REFERENCE_SCALE_V1,REFERENCE_ASSUMPTION_SANDBOX_V1,LOCAL_WINDOW_HPP_BASE,5,REFERENCE_SCALE,POOLED_FCFS,388,319.78423313900004,310.966051321,630.7502844600001,1.915322451999998,5,4,5,1,1,0.0,0.0,0.0,0.0,0.0,0.0,434bea1332585483848cf72516563be15037605d24680d074480498b334b6769,PASS,PASS
1.0,TASK3_QUEUE_LAYOUT_REPLAY_REFERENCE_SCALE_V1,REFERENCE_ASSUMPTION_SANDBOX_V1,LOCAL_WINDOW_HPP_BASE,5,REFERENCE_SCALE,SEPARATE_JSQ_NO_JOCKEYING,388,319.78423313900004,310.966051321,630.7502844600001,9.562103484999994,5,6,7,1,1,47.665956690000044,113.38504372300002,161.05100041300005,0.14905661927766517,0.3646219361931453,0.2553324261294302,434bea1332585483848cf72516563be15037605d24680d074480498b334b6769,PASS,PASS
1.0,TASK3_QUEUE_LAYOUT_REPLAY_REFERENCE_SCALE_V1,REFERENCE_ASSUMPTION_SANDBOX_V1,LOCAL_WINDOW_HPP_BASE,6,REFERENCE_SCALE,POOLED_FCFS,419,319.11316615899995,310.300099902,629.413266061,2.2018370999999775,3,5,5,1,1,0.0,0.0,0.0,0.0,0.0,0.0,d90d0ebfb1803ca5ac6ad075310229a9931f431669186cd9d1a52b58d0fced64,PASS,PASS
1.0,TASK3_QUEUE_LAYOUT_REPLAY_REFERENCE_SCALE_V1,REFERENCE_ASSUMPTION_SANDBOX_V1,LOCAL_WINDOW_HPP_BASE,6,REFERENCE_SCALE,SEPARATE_JSQ_NO_JOCKEYING,419,337.923948587,329.105766769,667.029715356,9.854981898999995,4,5,7,1,1,123.53880676700003,138.5386591149997,262.07746588199973,0.3655816857123236,0.42095482092308717,0.39290223486089604,d90d0ebfb1803ca5ac6ad075310229a9931f431669186cd9d1a52b58d0fced64,PASS,PASS
1.0,TASK3_QUEUE_LAYOUT_REPLAY_REFERENCE_SCALE_V1,REFERENCE_ASSUMPTION_SANDBOX_V1,LOCAL_WINDOW_HPP_BASE,7,REFERENCE_SCALE,POOLED_FCFS,408,320.79453702600006,312.35398547999995,633.1485225060001,2.5790754580000907,8,7,8,1,1,0.0,0.0,0.0,0.0,0.0,0.0,bd94589f00fec48b43544f51fbb23dca7e88c1ee87029b1503eff20152804d58,PASS,PASS
1.0,TASK3_QUEUE_LAYOUT_REPLAY_REFERENCE_SCALE_V1,REFERENCE_ASSUMPTION_SANDBOX_V1,LOCAL_WINDOW_HPP_BASE,7,REFERENCE_SCALE,SEPARATE_JSQ_NO_JOCKEYING,408,330.57516094799996,321.75697912999993,652.3321400779998,9.510295348,8,7,8,1,1,67.48552231399998,108.29958268099986,175.78510499499984,0.20414577465672193,0.3365881385815828,0.26947178315325854,bd94589f00fec48b43544f51fbb23dca7e88c1ee87029b1503eff20152804d58,PASS,PASS
1.0,TASK3_QUEUE_LAYOUT_REPLAY_REFERENCE_SCALE_V1,REFERENCE_ASSUMPTION_SANDBOX_V1,LOCAL_WINDOW_HPP_BASE,8,REFERENCE_SCALE,POOLED_FCFS,442,319.873193114,311.05501129600003,630.92820441,7.716276927000024,13,10,16,1,1,0.0,0.0,0.0,0.0,0.0,0.0,68dfb69793975f9962ca61dc06fc202ebb21559aaf843298a125a978ae0d175b,PASS,PASS
1.0,TASK3_QUEUE_LAYOUT_REPLAY_REFERENCE_SCALE_V1,REFERENCE_ASSUMPTION_SANDBOX_V1,LOCAL_WINDOW_HPP_BASE,8,REFERENCE_SCALE,SEPARATE_JSQ_NO_JOCKEYING,442,319.873193114,311.05501129600003,630.92820441,18.862540042999996,14,12,19,1,1,138.183970683,160.88202848200007,299.0659991650001,0.43199609613348394,0.5172140703076623,0.4740095577826731,68dfb69793975f9962ca61dc06fc202ebb21559aaf843298a125a978ae0d175b,PASS,PASS
1.0,TASK3_QUEUE_LAYOUT_REPLAY_REFERENCE_SCALE_V1,REFERENCE_ASSUMPTION_SANDBOX_V1,LOCAL_WINDOW_HPP_BASE,9,REFERENCE_SCALE,POOLED_FCFS,395,320.07672142900003,311.258539611,631.33526104,4.277478308999989,8,8,8,1,1,0.0,0.0,0.0,0.0,0.0,0.0,d71ec109fd1d8cd6ba14022d82557a4ee99c95774171782a5a2ae1144715b5c7,PASS,PASS
1.0,TASK3_QUEUE_LAYOUT_REPLAY_REFERENCE_SCALE_V1,REFERENCE_ASSUMPTION_SANDBOX_V1,LOCAL_WINDOW_HPP_BASE,9,REFERENCE_SCALE,SEPARATE_JSQ_NO_JOCKEYING,395,320.07672142900003,316.491775828,636.568497257,9.996545849,8,6,9,1,1,55.788134242000105,94.16022927900006,149.94836352100018,0.17429613123044665,0.297512404651463,0.23555731106257047,d71ec109fd1d8cd6ba14022d82557a4ee99c95774171782a5a2ae1144715b5c7,PASS,PASS
1.0,TASK3_QUEUE_LAYOUT_REPLAY_REFERENCE_SCALE_V1,REFERENCE_ASSUMPTION_SANDBOX_V1,LOCAL_WINDOW_HPP_BASE,10,REFERENCE_SCALE,POOLED_FCFS,394,320.956107711,312.137925893,633.0940336040001,2.0469291359999886,4,6,6,1,1,0.0,0.0,0.0,0.0,0.0,0.0,a8d48ca4025296907714327dee599795b7921f57baac604ebd6b7e271fc8aba1,PASS,PASS
1.0,TASK3_QUEUE_LAYOUT_REPLAY_REFERENCE_SCALE_V1,REFERENCE_ASSUMPTION_SANDBOX_V1,LOCAL_WINDOW_HPP_BASE,10,REFERENCE_SCALE,SEPARATE_JSQ_NO_JOCKEYING,394,320.956107711,321.28909846700003,642.245206178,7.6111837629999854,4,5,8,1,1,49.899793697999996,75.99591736799991,125.8957110659999,0.15547232939069505,0.23653437894596208,0.1960243686600715,a8d48ca4025296907714327dee599795b7921f57baac604ebd6b7e271fc8aba1,PASS,PASS
1.0,TASK3_QUEUE_LAYOUT_REPLAY_REFERENCE_SCALE_V1,REFERENCE_ASSUMPTION_SANDBOX_V1,LOCAL_WINDOW_HPP_BASE,11,REFERENCE_SCALE,POOLED_FCFS,409,321.017424544,312.19924272599997,633.21666727,3.7276290410000144,7,8,8,1,1,0.0,0.0,0.0,0.0,0.0,0.0,0f77b869380d29bae442627fe0f332946ae2ef68e291414c66d49918da2f8367,PASS,PASS
1.0,TASK3_QUEUE_LAYOUT_REPLAY_REFERENCE_SCALE_V1,REFERENCE_ASSUMPTION_SANDBOX_V1,LOCAL_WINDOW_HPP_BASE,11,REFERENCE_SCALE,SEPARATE_JSQ_NO_JOCKEYING,409,321.017424544,312.19924272599997,633.21666727,12.822075060000003,7,9,13,1,1,108.53403832400002,125.75766451899986,234.29170284299988,0.3380939164849723,0.40281220230047265,0.37000242563593044,0f77b869380d29bae442627fe0f332946ae2ef68e291414c66d49918da2f8367,PASS,PASS
1.0,TASK3_QUEUE_LAYOUT_REPLAY_REFERENCE_SCALE_V1,REFERENCE_ASSUMPTION_SANDBOX_V1,LOCAL_WINDOW_HPP_BASE,12,REFERENCE_SCALE,POOLED_FCFS,423,320.93437343299996,312.116191615,633.050565048,5.195606569999995,14,6,14,1,1,0.0,0.0,0.0,0.0,0.0,0.0,34fd9dcc86c712ed88b2324c4213f84ee3c52bf6d9eaf6a4d558252cd62cc8cb,PASS,PASS
1.0,TASK3_QUEUE_LAYOUT_REPLAY_REFERENCE_SCALE_V1,REFERENCE_ASSUMPTION_SANDBOX_V1,LOCAL_WINDOW_HPP_BASE,12,REFERENCE_SCALE,SEPARATE_JSQ_NO_JOCKEYING,423,324.04425688399994,315.22607506599996,639.2703319499999,12.798719747999996,16,6,16,1,1,105.23209763500009,91.59712406800011,196.8292217030002,0.32474606600625744,0.29057597487397613,0.30789669388003926,34fd9dcc86c712ed88b2324c4213f84ee3c52bf6d9eaf6a4d558252cd62cc8cb,PASS,PASS
1.0,TASK3_QUEUE_LAYOUT_REPLAY_REFERENCE_SCALE_V1,REFERENCE_ASSUMPTION_SANDBOX_V1,LOCAL_WINDOW_HPP_BASE,13,REFERENCE_SCALE,POOLED_FCFS,455,320.888815143,312.070633325,632.959448468,18.740817072,32,13,35,1,1,0.0,0.0,0.0,0.0,0.0,0.0,ccb5cb3bd06f210be046acf31e68f491570e084b4de7a53dacb0afaa64c0fc20,PASS,PASS
1.0,TASK3_QUEUE_LAYOUT_REPLAY_REFERENCE_SCALE_V1,REFERENCE_ASSUMPTION_SANDBOX_V1,LOCAL_WINDOW_HPP_BASE,13,REFERENCE_SCALE,SEPARATE_JSQ_NO_JOCKEYING,455,327.4671799209999,320.38219160799997,647.8493715289999,28.079342242999985,32,18,38,1,1,69.143112416,116.93939708800013,186.08250950400014,0.21114516707500422,0.36499967898053465,0.287231133781644,ccb5cb3bd06f210be046acf31e68f491570e084b4de7a53dacb0afaa64c0fc20,PASS,PASS
1.0,TASK3_QUEUE_LAYOUT_REPLAY_REFERENCE_SCALE_V1,REFERENCE_ASSUMPTION_SANDBOX_V1,LOCAL_WINDOW_HPP_BASE,14,REFERENCE_SCALE,POOLED_FCFS,374,319.9823754650001,311.16419364700005,631.1465691120002,3.122620387000012,5,8,8,1,1,0.0,0.0,0.0,0.0,0.0,0.0,362f2c1098dc90b75eaf3dfc0113bcaa5e55e4f503e9bd182ced0937c31251f5,PASS,PASS
1.0,TASK3_QUEUE_LAYOUT_REPLAY_REFERENCE_SCALE_V1,REFERENCE_ASSUMPTION_SANDBOX_V1,LOCAL_WINDOW_HPP_BASE,14,REFERENCE_SCALE,SEPARATE_JSQ_NO_JOCKEYING,374,319.9823754650001,311.16419364700005,631.1465691120002,10.630547463,7,7,7,1,1,55.51251792499998,84.34480723599992,139.8573251609999,0.17348617355668075,0.27106205970371006,0.22159246679859793,362f2c1098dc90b75eaf3dfc0113bcaa5e55e4f503e9bd182ced0937c31251f5,PASS,PASS
1.0,TASK3_QUEUE_LAYOUT_REPLAY_REFERENCE_SCALE_V1,REFERENCE_ASSUMPTION_SANDBOX_V1,LOCAL_WINDOW_HPP_BASE,15,REFERENCE_SCALE,POOLED_FCFS,386,320.12028986400003,311.30210804600006,631.4223979100001,2.6207238169999982,7,4,7,1,1,0.0,0.0,0.0,0.0,0.0,0.0,8d73debbc937e6fd1d57fdfc3fdb717eb150b700f78bbc06713c494c919b9489,PASS,PASS
1.0,TASK3_QUEUE_LAYOUT_REPLAY_REFERENCE_SCALE_V1,REFERENCE_ASSUMPTION_SANDBOX_V1,LOCAL_WINDOW_HPP_BASE,15,REFERENCE_SCALE,SEPARATE_JSQ_NO_JOCKEYING,386,320.12028986400003,313.066098174,633.186388038,6.490415820999971,7,5,10,1,1,37.67724891599997,79.23873235999989,116.91598127599985,0.11769715981453965,0.2531054394652453,0.18464702255883503,8d73debbc937e6fd1d57fdfc3fdb717eb150b700f78bbc06713c494c919b9489,PASS,PASS
1.0,TASK3_QUEUE_LAYOUT_REPLAY_REFERENCE_SCALE_V1,REFERENCE_ASSUMPTION_SANDBOX_V1,LOCAL_WINDOW_HPP_BASE,16,REFERENCE_SCALE,POOLED_FCFS,401,321.71958364,314.29947105,636.0190546900001,1.9989252380000266,4,5,5,1,1,0.0,0.0,0.0,0.0,0.0,0.0,6aec6d93b004116d801c6f27010ae99d6a6d822f382b8e9077856612cc78cb3f,PASS,PASS
1.0,TASK3_QUEUE_LAYOUT_REPLAY_REFERENCE_SCALE_V1,REFERENCE_ASSUMPTION_SANDBOX_V1,LOCAL_WINDOW_HPP_BASE,16,REFERENCE_SCALE,SEPARATE_JSQ_NO_JOCKEYING,401,339.670445406,330.85226358799997,670.5227089939999,9.921793478999973,5,5,7,1,1,65.72100742199993,98.75831675000002,164.47932417199996,0.19348462108160505,0.29849672382166526,0.2453001545895022,6aec6d93b004116d801c6f27010ae99d6a6d822f382b8e9077856612cc78cb3f,PASS,PASS
1.0,TASK3_QUEUE_LAYOUT_REPLAY_REFERENCE_SCALE_V1,REFERENCE_ASSUMPTION_SANDBOX_V1,LOCAL_WINDOW_HPP_BASE,17,REFERENCE_SCALE,POOLED_FCFS,429,320.515009246,311.696827428,632.211836674,5.150024982000019,12,7,12,1,1,0.0,0.0,0.0,0.0,0.0,0.0,f1ac0cecb9da7988461b07f5d4ec62eba326266d2999b10085a2c4b5f53c72d5,PASS,PASS
1.0,TASK3_QUEUE_LAYOUT_REPLAY_REFERENCE_SCALE_V1,REFERENCE_ASSUMPTION_SANDBOX_V1,LOCAL_WINDOW_HPP_BASE,17,REFERENCE_SCALE,SEPARATE_JSQ_NO_JOCKEYING,429,329.55731523099996,320.739133413,650.296448644,13.459106255999998,12,9,15,1,1,78.41835461800004,150.024203838,228.44255845600003,0.23795058095746854,0.46774524281332774,0.3512898754596448,f1ac0cecb9da7988461b07f5d4ec62eba326266d2999b10085a2c4b5f53c72d5,PASS,PASS
1.0,TASK3_QUEUE_LAYOUT_REPLAY_REFERENCE_SCALE_V1,REFERENCE_ASSUMPTION_SANDBOX_V1,LOCAL_WINDOW_HPP_BASE,18,REFERENCE_SCALE,POOLED_FCFS,419,320.43977209799993,311.62159027999996,632.0613623779999,4.213769509000031,7,6,7,1,1,0.0,0.0,0.0,0.0,0.0,0.0,3714bdc9e51b458fc379e9ce952f59d5a177039e1c0bbfc0344309ec88c2fc02,PASS,PASS
1.0,TASK3_QUEUE_LAYOUT_REPLAY_REFERENCE_SCALE_V1,REFERENCE_ASSUMPTION_SANDBOX_V1,LOCAL_WINDOW_HPP_BASE,18,REFERENCE_SCALE,SEPARATE_JSQ_NO_JOCKEYING,419,320.43977209799993,319.745662402,640.1854344999999,12.936032920000002,7,7,10,1,1,91.65164893999997,130.33683513100007,221.98848407100004,0.28601833143224864,0.4076265934364238,0.34675653663438677,3714bdc9e51b458fc379e9ce952f59d5a177039e1c0bbfc0344309ec88c2fc02,PASS,PASS
1.0,TASK3_QUEUE_LAYOUT_REPLAY_REFERENCE_SCALE_V1,REFERENCE_ASSUMPTION_SANDBOX_V1,LOCAL_WINDOW_HPP_BASE,19,REFERENCE_SCALE,POOLED_FCFS,445,323.2086438129999,314.757744488,637.9663883009999,2.4310207450000405,5,6,6,1,1,0.0,0.0,0.0,0.0,0.0,0.0,83bae9f47c504abf6516e47deeb216c36f8f036c8a5f4e7dc720c48032d2bb14,PASS,PASS
1.0,TASK3_QUEUE_LAYOUT_REPLAY_REFERENCE_SCALE_V1,REFERENCE_ASSUMPTION_SANDBOX_V1,LOCAL_WINDOW_HPP_BASE,19,REFERENCE_SCALE,SEPARATE_JSQ_NO_JOCKEYING,445,335.205920424,326.387738606,661.59365903,12.474306307999996,6,8,11,1,1,137.06841085899995,144.80555484999968,281.87396570899966,0.408908084575663,0.4436611358884476,0.4260530037761714,83bae9f47c504abf6516e47deeb216c36f8f036c8a5f4e7dc720c48032d2bb14,PASS,PASS
1.0,TASK3_QUEUE_LAYOUT_REPLAY_REFERENCE_SCALE_V1,REFERENCE_ASSUMPTION_SANDBOX_V1,LOCAL_WINDOW_HPP_BASE,20,REFERENCE_SCALE,POOLED_FCFS,418,320.073457488,311.25527566999995,631.328733158,3.101551373999996,6,6,6,1,1,0.0,0.0,0.0,0.0,0.0,0.0,1b53287edf46985db99431f502e1f8e2cfc9c51260bed11fb396f8d4a5990f40,PASS,PASS
1.0,TASK3_QUEUE_LAYOUT_REPLAY_REFERENCE_SCALE_V1,REFERENCE_ASSUMPTION_SANDBOX_V1,LOCAL_WINDOW_HPP_BASE,20,REFERENCE_SCALE,SEPARATE_JSQ_NO_JOCKEYING,418,320.073457488,316.023902131,636.0973596189999,12.401170894000018,7,7,11,1,1,84.93494360300022,125.13476376899992,210.06970737200015,0.26536078395749063,0.3959661371345524,0.3302477273256166,1b53287edf46985db99431f502e1f8e2cfc9c51260bed11fb396f8d4a5990f40,PASS,PASS
1.0,TASK3_QUEUE_LAYOUT_REPLAY_REFERENCE_SCALE_V1,REFERENCE_ASSUMPTION_SANDBOX_V1,LOCAL_WINDOW_HPP_BASE,21,REFERENCE_SCALE,POOLED_FCFS,417,322.808045639,314.15215648300006,636.960202122,5.966949004000043,12,8,13,1,1,0.0,0.0,0.0,0.0,0.0,0.0,c88aa4ad6d5d34ce7d5fb287c6fa2a21245c9648e99758ffd6dd1b86eddf3ef4,PASS,PASS
1.0,TASK3_QUEUE_LAYOUT_REPLAY_REFERENCE_SCALE_V1,REFERENCE_ASSUMPTION_SANDBOX_V1,LOCAL_WINDOW_HPP_BASE,21,REFERENCE_SCALE,SEPARATE_JSQ_NO_JOCKEYING,417,340.0337859769999,331.21560415899995,671.2493901359999,14.621136594999967,12,9,15,1,1,92.10121475500007,111.84970344200022,203.9509181970003,0.27085901034913584,0.33769454710928054,0.3038377705723925,c88aa4ad6d5d34ce7d5fb287c6fa2a21245c9648e99758ffd6dd1b86eddf3ef4,PASS,PASS
1.0,TASK3_QUEUE_LAYOUT_REPLAY_REFERENCE_SCALE_V1,REFERENCE_ASSUMPTION_SANDBOX_V1,LOCAL_WINDOW_HPP_BASE,22,REFERENCE_SCALE,POOLED_FCFS,410,320.65507977699997,311.836897959,632.491977736,3.2657125750000233,7,8,8,1,1,0.0,0.0,0.0,0.0,0.0,0.0,97ecc05fb9cb9173f4d858ae2fc6754b891beb5875418ec9d7757f77ed4f2b7d,PASS,PASS
1.0,TASK3_QUEUE_LAYOUT_REPLAY_REFERENCE_SCALE_V1,REFERENCE_ASSUMPTION_SANDBOX_V1,LOCAL_WINDOW_HPP_BASE,22,REFERENCE_SCALE,SEPARATE_JSQ_NO_JOCKEYING,410,320.65507977699997,311.836897959,632.491977736,8.526168794,7,7,8,1,1,35.02903829200007,92.32112137400001,127.35015966600008,0.1092421124791195,0.2960557970472702,0.2013466797189254,97ecc05fb9cb9173f4d858ae2fc6754b891beb5875418ec9d7757f77ed4f2b7d,PASS,PASS
1.0,TASK3_QUEUE_LAYOUT_REPLAY_REFERENCE_SCALE_V1,REFERENCE_ASSUMPTION_SANDBOX_V1,LOCAL_WINDOW_HPP_BASE,23,REFERENCE_SCALE,POOLED_FCFS,439,320.994479545,312.176297727,633.170777272,4.291825543999998,8,8,8,1,1,0.0,0.0,0.0,0.0,0.0,0.0,b34d91026c6dece5d757322e4f6e812c8b5212b81c84765bc95eb58ea8c9c668,PASS,PASS
1.0,TASK3_QUEUE_LAYOUT_REPLAY_REFERENCE_SCALE_V1,REFERENCE_ASSUMPTION_SANDBOX_V1,LOCAL_WINDOW_HPP_BASE,23,REFERENCE_SCALE,SEPARATE_JSQ_NO_JOCKEYING,439,320.994479545,312.176297727,633.170777272,15.132897807000006,8,8,11,1,1,132.69522961800016,144.29815504700002,276.9933846650002,0.41338788693840356,0.46223289883843005,0.43747026016964813,b34d91026c6dece5d757322e4f6e812c8b5212b81c84765bc95eb58ea8c9c668,PASS,PASS
1.0,TASK3_QUEUE_LAYOUT_REPLAY_REFERENCE_SCALE_V1,REFERENCE_ASSUMPTION_SANDBOX_V1,LOCAL_WINDOW_HPP_BASE,24,REFERENCE_SCALE,POOLED_FCFS,412,322.047750547,315.729357011,637.777107558,3.664500746999977,8,9,9,1,1,0.0,0.0,0.0,0.0,0.0,0.0,4bd65269aa0f258ecd3381f633795f55c609f84ec396da3714f4d01ec9562932,PASS,PASS
1.0,TASK3_QUEUE_LAYOUT_REPLAY_REFERENCE_SCALE_V1,REFERENCE_ASSUMPTION_SANDBOX_V1,LOCAL_WINDOW_HPP_BASE,24,REFERENCE_SCALE,SEPARATE_JSQ_NO_JOCKEYING,412,335.211389744,326.393207926,661.60459767,9.92203987100001,8,9,9,1,1,45.49257562400004,111.40058887900001,156.89316450300004,0.13571309632033265,0.34130792606522864,0.23714037818893208,4bd65269aa0f258ecd3381f633795f55c609f84ec396da3714f4d01ec9562932,PASS,PASS
1.0,TASK3_QUEUE_LAYOUT_REPLAY_REFERENCE_SCALE_V1,REFERENCE_ASSUMPTION_SANDBOX_V1,LOCAL_WINDOW_HPP_BASE,25,REFERENCE_SCALE,POOLED_FCFS,424,321.9579977159999,315.63225059399997,637.5902483099999,3.3022100240000043,9,7,9,1,1,0.0,0.0,0.0,0.0,0.0,0.0,19429cabab5422fc7b781181a91499729f2fc94f41a47d2b3f458eaa77ae1c75,PASS,PASS
1.0,TASK3_QUEUE_LAYOUT_REPLAY_REFERENCE_SCALE_V1,REFERENCE_ASSUMPTION_SANDBOX_V1,LOCAL_WINDOW_HPP_BASE,25,REFERENCE_SCALE,SEPARATE_JSQ_NO_JOCKEYING,424,336.929708282,328.111526464,665.041234746,11.978845003999993,9,7,13,1,1,102.10574034400021,110.58965821600017,212.6953985600004,0.30304760261312663,0.3370489888234205,0.31982287330083436,19429cabab5422fc7b781181a91499729f2fc94f41a47d2b3f458eaa77ae1c75,PASS,PASS
1.0,TASK3_QUEUE_LAYOUT_REPLAY_REFERENCE_SCALE_V1,REFERENCE_ASSUMPTION_SANDBOX_V1,LOCAL_WINDOW_HPP_BASE,26,REFERENCE_SCALE,POOLED_FCFS,419,320.093227827,311.27504600900005,631.3682738360001,3.9676448849999986,10,7,10,1,1,0.0,0.0,0.0,0.0,0.0,0.0,f377cd2d8565690b3e5f795fbc03ab9474bb92926c626e874fc84ca76e2e03e3,PASS,PASS
1.0,TASK3_QUEUE_LAYOUT_REPLAY_REFERENCE_SCALE_V1,REFERENCE_ASSUMPTION_SANDBOX_V1,LOCAL_WINDOW_HPP_BASE,26,REFERENCE_SCALE,SEPARATE_JSQ_NO_JOCKEYING,419,324.33846355399993,315.52028173599996,639.8587452899999,12.982817392000015,10,8,11,1,1,144.73583021800005,111.63243111999982,256.36826133799985,0.44624935517061365,0.3538042958943735,0.40066383905061326,f377cd2d8565690b3e5f795fbc03ab9474bb92926c626e874fc84ca76e2e03e3,PASS,PASS
1.0,TASK3_QUEUE_LAYOUT_REPLAY_REFERENCE_SCALE_V1,REFERENCE_ASSUMPTION_SANDBOX_V1,LOCAL_WINDOW_HPP_BASE,27,REFERENCE_SCALE,POOLED_FCFS,410,320.41952830799994,313.32830208200005,633.74783039,2.352481438000005,5,6,6,1,1,0.0,0.0,0.0,0.0,0.0,0.0,cbdc9b5dd00717eac6cc8c7edcb7c7e6f7e440e15e861792f775e982cabe44c0,PASS,PASS
1.0,TASK3_QUEUE_LAYOUT_REPLAY_REFERENCE_SCALE_V1,REFERENCE_ASSUMPTION_SANDBOX_V1,LOCAL_WINDOW_HPP_BASE,27,REFERENCE_SCALE,SEPARATE_JSQ_NO_JOCKEYING,410,333.873107442,325.054925624,658.928033066,11.103695345999995,7,7,9,1,1,91.28364454499997,114.95396214299981,206.2376066879998,0.2734081976364558,0.3536447322627876,0.31298957752392736,cbdc9b5dd00717eac6cc8c7edcb7c7e6f7e440e15e861792f775e982cabe44c0,PASS,PASS
1.0,TASK3_QUEUE_LAYOUT_REPLAY_REFERENCE_SCALE_V1,REFERENCE_ASSUMPTION_SANDBOX_V1,LOCAL_WINDOW_HPP_BASE,28,REFERENCE_SCALE,POOLED_FCFS,392,319.370806436,311.132684285,630.5034907209999,2.7212599810000597,8,9,9,1,1,0.0,0.0,0.0,0.0,0.0,0.0,0e3e439a9ac0a44a136e477ccb941d2e6334f7f963b343343e52b47d87075c5f,PASS,PASS
1.0,TASK3_QUEUE_LAYOUT_REPLAY_REFERENCE_SCALE_V1,REFERENCE_ASSUMPTION_SANDBOX_V1,LOCAL_WINDOW_HPP_BASE,28,REFERENCE_SCALE,SEPARATE_JSQ_NO_JOCKEYING,392,319.370806436,319.674665601,639.0454720370001,8.89779931999999,8,9,9,1,1,38.21032392599997,77.15672237499956,115.36704630099953,0.11964250694171413,0.24136014103570613,0.1805302616936779,0e3e439a9ac0a44a136e477ccb941d2e6334f7f963b343343e52b47d87075c5f,PASS,PASS
1.0,TASK3_QUEUE_LAYOUT_REPLAY_REFERENCE_SCALE_V1,REFERENCE_ASSUMPTION_SANDBOX_V1,LOCAL_WINDOW_HPP_BASE,29,REFERENCE_SCALE,POOLED_FCFS,424,320.061544624,311.243362806,631.30490743,3.8363271740000187,8,8,8,1,1,0.0,0.0,0.0,0.0,0.0,0.0,f7083045a10f120b3a6190a9434e539f3606cbe1bc81189e6fc2d91a8737032a,PASS,PASS
1.0,TASK3_QUEUE_LAYOUT_REPLAY_REFERENCE_SCALE_V1,REFERENCE_ASSUMPTION_SANDBOX_V1,LOCAL_WINDOW_HPP_BASE,29,REFERENCE_SCALE,SEPARATE_JSQ_NO_JOCKEYING,424,327.08278054899995,318.2645987309999,645.3473792799998,12.76990072400001,9,8,11,1,1,139.64161069000002,122.27156082800002,261.913171518,0.4269304866970227,0.38418209664388414,0.40584835381250156,f7083045a10f120b3a6190a9434e539f3606cbe1bc81189e6fc2d91a8737032a,PASS,PASS
1.0,TASK3_QUEUE_LAYOUT_REPLAY_REFERENCE_SCALE_V1,REFERENCE_ASSUMPTION_SANDBOX_V1,LOCAL_WINDOW_HPP_BASE,30,REFERENCE_SCALE,POOLED_FCFS,408,321.1527241339999,314.41958543299995,635.5723095669998,3.42187506099998,8,7,8,1,1,0.0,0.0,0.0,0.0,0.0,0.0,c461d7386350253122baf46c87333b2779619311887a4673bad3407a90ebadbc,PASS,PASS
1.0,TASK3_QUEUE_LAYOUT_REPLAY_REFERENCE_SCALE_V1,REFERENCE_ASSUMPTION_SANDBOX_V1,LOCAL_WINDOW_HPP_BASE,30,REFERENCE_SCALE,SEPARATE_JSQ_NO_JOCKEYING,408,331.59965831899996,322.78147650099993,654.3811348199999,11.452036590999995,8,6,8,1,1,94.77892677299972,109.32191358600002,204.10084035899973,0.2858233547449017,0.338687073282724,0.31189902871381153,c461d7386350253122baf46c87333b2779619311887a4673bad3407a90ebadbc,PASS,PASS
1.0,TASK3_QUEUE_LAYOUT_REPLAY_REFERENCE_SCALE_V1,REFERENCE_ASSUMPTION_SANDBOX_V1,LOCAL_WINDOW_HPP_BASE,31,REFERENCE_SCALE,POOLED_FCFS,425,319.31634866,312.499118234,631.815466894,6.688150286999985,14,6,14,1,1,0.0,0.0,0.0,0.0,0.0,0.0,82dce0f01582bf27878337d5d99cdf60b639449544e3096cbb7bbb2a6bfe4dbb,PASS,PASS
1.0,TASK3_QUEUE_LAYOUT_REPLAY_REFERENCE_SCALE_V1,REFERENCE_ASSUMPTION_SANDBOX_V1,LOCAL_WINDOW_HPP_BASE,31,REFERENCE_SCALE,SEPARATE_JSQ_NO_JOCKEYING,425,329.29478362,320.47660180199995,649.7713854219999,12.612466897999994,14,7,14,1,1,83.91199877000024,123.45242944799975,207.364428218,0.2548233465697201,0.3852151101011498,0.3191344415441214,82dce0f01582bf27878337d5d99cdf60b639449544e3096cbb7bbb2a6bfe4dbb,PASS,PASS
1.0,TASK3_QUEUE_LAYOUT_REPLAY_REFERENCE_SCALE_V1,REFERENCE_ASSUMPTION_SANDBOX_V1,LOCAL_WINDOW_HPP_BASE,32,REFERENCE_SCALE,POOLED_FCFS,395,320.70406152199996,312.85952495699996,633.5635864789999,2.3347579639999765,4,6,6,1,1,0.0,0.0,0.0,0.0,0.0,0.0,b0590b9af10544f913e457e46b9c4935ce1da3b71d3e7b9226a12426b200233c,PASS,PASS
1.0,TASK3_QUEUE_LAYOUT_REPLAY_REFERENCE_SCALE_V1,REFERENCE_ASSUMPTION_SANDBOX_V1,LOCAL_WINDOW_HPP_BASE,32,REFERENCE_SCALE,SEPARATE_JSQ_NO_JOCKEYING,395,320.70406152199996,323.85052669699996,644.5545882189999,8.808355995,4,6,6,1,1,43.67615743399989,92.21812884199983,135.89428627599972,0.1361883514250528,0.28475522267184905,0.21083440993181946,b0590b9af10544f913e457e46b9c4935ce1da3b71d3e7b9226a12426b200233c,PASS,PASS
1.0,TASK3_QUEUE_LAYOUT_REPLAY_REFERENCE_SCALE_V1,REFERENCE_ASSUMPTION_SANDBOX_V1,LOCAL_WINDOW_HPP_BASE,33,REFERENCE_SCALE,POOLED_FCFS,428,319.95893422099994,313.94564094099997,633.9045751619999,2.875025778999998,8,5,8,1,1,0.0,0.0,0.0,0.0,0.0,0.0,0513d350f241a9796339e27b580d1f5bbd90221b42b112adf4d3958c2c4337ea,PASS,PASS
1.0,TASK3_QUEUE_LAYOUT_REPLAY_REFERENCE_SCALE_V1,REFERENCE_ASSUMPTION_SANDBOX_V1,LOCAL_WINDOW_HPP_BASE,33,REFERENCE_SCALE,SEPARATE_JSQ_NO_JOCKEYING,428,319.95893422099994,322.06519091999996,642.0241251409999,12.027497062000002,8,6,9,1,1,123.9039076550001,145.93322378099967,269.83713143599977,0.3872494073549389,0.4531170331203196,0.42029126456383353,0513d350f241a9796339e27b580d1f5bbd90221b42b112adf4d3958c2c4337ea,PASS,PASS
1.0,TASK3_QUEUE_LAYOUT_REPLAY_REFERENCE_SCALE_V1,REFERENCE_ASSUMPTION_SANDBOX_V1,LOCAL_WINDOW_HPP_BASE,34,REFERENCE_SCALE,POOLED_FCFS,426,321.95107915599993,315.57832900999995,637.5294081659999,3.3940210099999604,9,6,9,1,1,0.0,0.0,0.0,0.0,0.0,0.0,83fbd68d41368548cb0b7d472db73f6f5ddbb71b77100814cac5a4f5e1057140,PASS,PASS
1.0,TASK3_QUEUE_LAYOUT_REPLAY_REFERENCE_SCALE_V1,REFERENCE_ASSUMPTION_SANDBOX_V1,LOCAL_WINDOW_HPP_BASE,34,REFERENCE_SCALE,SEPARATE_JSQ_NO_JOCKEYING,426,332.71521218799995,323.8970303699999,656.6122425579999,8.93451036600004,9,6,9,1,1,55.0251115450001,104.05682072100038,159.08193226600048,0.16538201299286637,0.3212651273836389,0.24227682939059492,83fbd68d41368548cb0b7d472db73f6f5ddbb71b77100814cac5a4f5e1057140,PASS,PASS
1.0,TASK3_QUEUE_LAYOUT_REPLAY_REFERENCE_SCALE_V1,REFERENCE_ASSUMPTION_SANDBOX_V1,LOCAL_WINDOW_HPP_BASE,35,REFERENCE_SCALE,POOLED_FCFS,451,326.80551438799995,320.71882334400004,647.524337732,6.0447323390000065,17,9,17,1,1,0.0,0.0,0.0,0.0,0.0,0.0,1baac918b1e365e07d32fe091160d12174874580bf6ccf5873336283ae8c6304,PASS,PASS
1.0,TASK3_QUEUE_LAYOUT_REPLAY_REFERENCE_SCALE_V1,REFERENCE_ASSUMPTION_SANDBOX_V1,LOCAL_WINDOW_HPP_BASE,35,REFERENCE_SCALE,SEPARATE_JSQ_NO_JOCKEYING,451,338.066894042,330.41039789599995,668.477291938,16.602988518999997,17,8,19,1,1,133.044004291,174.4718879509997,307.5158922419997,0.39354342775270734,0.5280459969238513,0.4600244405467721,1baac918b1e365e07d32fe091160d12174874580bf6ccf5873336283ae8c6304,PASS,PASS
1.0,TASK3_QUEUE_LAYOUT_REPLAY_REFERENCE_SCALE_V1,REFERENCE_ASSUMPTION_SANDBOX_V1,LOCAL_WINDOW_HPP_BASE,36,REFERENCE_SCALE,POOLED_FCFS,414,320.50586514,312.503810483,633.009675623,2.0422392070000015,3,5,5,1,1,0.0,0.0,0.0,0.0,0.0,0.0,82fc71f07dff777ed5692b65ad9cea30887fa12b50bda9db153f3a69bcbd8af7,PASS,PASS
1.0,TASK3_QUEUE_LAYOUT_REPLAY_REFERENCE_SCALE_V1,REFERENCE_ASSUMPTION_SANDBOX_V1,LOCAL_WINDOW_HPP_BASE,36,REFERENCE_SCALE,SEPARATE_JSQ_NO_JOCKEYING,414,320.50586514,320.69400849699997,641.199873637,8.38853788999998,3,6,7,1,1,26.858826389,114.28139871399995,141.14022510299995,0.08380135688708164,0.3563565133305851,0.22011892220506443,82fc71f07dff777ed5692b65ad9cea30887fa12b50bda9db153f3a69bcbd8af7,PASS,PASS
1.0,TASK3_QUEUE_LAYOUT_REPLAY_REFERENCE_SCALE_V1,REFERENCE_ASSUMPTION_SANDBOX_V1,LOCAL_WINDOW_HPP_BASE,37,REFERENCE_SCALE,POOLED_FCFS,408,320.433420433,311.61523861499995,632.048659048,3.8046529119999946,7,8,8,1,1,0.0,0.0,0.0,0.0,0.0,0.0,d687b3609a77b8633759bb4e2a2c47ee668b31292fc56ec967aeac1e7783b60c,PASS,PASS
1.0,TASK3_QUEUE_LAYOUT_REPLAY_REFERENCE_SCALE_V1,REFERENCE_ASSUMPTION_SANDBOX_V1,LOCAL_WINDOW_HPP_BASE,37,REFERENCE_SCALE,SEPARATE_JSQ_NO_JOCKEYING,408,326.05903936299995,317.2408575449999,643.2998969079999,11.221937465999986,7,8,10,1,1,68.40835077299985,103.32380491599972,171.73215568899957,0.20980357087061513,0.32569513812180845,0.26695504929259994,d687b3609a77b8633759bb4e2a2c47ee668b31292fc56ec967aeac1e7783b60c,PASS,PASS
1.0,TASK3_QUEUE_LAYOUT_REPLAY_REFERENCE_SCALE_V1,REFERENCE_ASSUMPTION_SANDBOX_V1,LOCAL_WINDOW_HPP_BASE,38,REFERENCE_SCALE,POOLED_FCFS,406,320.31017045600004,311.491988638,631.802159094,1.6426361000000043,4,5,5,1,1,0.0,0.0,0.0,0.0,0.0,0.0,0f905157d866a504c559baca3fcfe9a5316a1fc9a5b76277b2bb7f1d6a2d0f16,PASS,PASS
1.0,TASK3_QUEUE_LAYOUT_REPLAY_REFERENCE_SCALE_V1,REFERENCE_ASSUMPTION_SANDBOX_V1,LOCAL_WINDOW_HPP_BASE,38,REFERENCE_SCALE,SEPARATE_JSQ_NO_JOCKEYING,406,320.31017045600004,311.491988638,631.802159094,8.339284748000011,4,6,7,1,1,45.216356051999966,99.45152890900006,144.66788496100003,0.14116428456714017,0.31927475677256506,0.22897655995423122,0f905157d866a504c559baca3fcfe9a5316a1fc9a5b76277b2bb7f1d6a2d0f16,PASS,PASS
1.0,TASK3_QUEUE_LAYOUT_REPLAY_REFERENCE_SCALE_V1,REFERENCE_ASSUMPTION_SANDBOX_V1,LOCAL_WINDOW_HPP_BASE,39,REFERENCE_SCALE,POOLED_FCFS,388,322.83592843099996,318.92817370099993,641.7641021319998,4.834022531000016,13,8,13,1,1,0.0,0.0,0.0,0.0,0.0,0.0,2d1a5c315e3902883c37685c204a0fa20a7cb91ce3584c7b9cccf8688e277b52,PASS,PASS
1.0,TASK3_QUEUE_LAYOUT_REPLAY_REFERENCE_SCALE_V1,REFERENCE_ASSUMPTION_SANDBOX_V1,LOCAL_WINDOW_HPP_BASE,39,REFERENCE_SCALE,SEPARATE_JSQ_NO_JOCKEYING,388,332.421393651,324.705782512,657.1271761630001,10.591506714000012,13,7,13,1,1,41.656749045000225,93.88632242299994,135.54307146800016,0.1253130810489727,0.2891427485419981,0.20626611770866524,2d1a5c315e3902883c37685c204a0fa20a7cb91ce3584c7b9cccf8688e277b52,PASS,PASS
1.0,TASK3_QUEUE_LAYOUT_REPLAY_REFERENCE_SCALE_V1,REFERENCE_ASSUMPTION_SANDBOX_V1,LOCAL_WINDOW_HPP_BASE,40,REFERENCE_SCALE,POOLED_FCFS,399,320.898338149,312.556772333,633.455110482,3.522165705999953,9,8,9,1,1,0.0,0.0,0.0,0.0,0.0,0.0,6059cd2da2ff539824b3f6d18483c7a22efac69d35d1f7ccf87a92d130241abd,PASS,PASS
1.0,TASK3_QUEUE_LAYOUT_REPLAY_REFERENCE_SCALE_V1,REFERENCE_ASSUMPTION_SANDBOX_V1,LOCAL_WINDOW_HPP_BASE,40,REFERENCE_SCALE,SEPARATE_JSQ_NO_JOCKEYING,399,320.898338149,320.73397529299996,641.6323134419999,9.18834535000002,9,8,10,1,1,33.18957316100017,90.40603576799981,123.59560892899998,0.10342706463499832,0.28187233886092433,0.19262684615426923,6059cd2da2ff539824b3f6d18483c7a22efac69d35d1f7ccf87a92d130241abd,PASS,PASS
1.0,TASK3_QUEUE_LAYOUT_REPLAY_REFERENCE_SCALE_V1,REFERENCE_ASSUMPTION_SANDBOX_V1,LOCAL_WINDOW_HPP_BASE,41,REFERENCE_SCALE,POOLED_FCFS,416,320.46805604199994,311.649874224,632.1179302659999,3.2397971440000077,8,6,8,1,1,0.0,0.0,0.0,0.0,0.0,0.0,f35340ff1975ee0b0cd92122e6107d4ed6cf0d64304458bf2da1a41e6ed7af4f,PASS,PASS
1.0,TASK3_QUEUE_LAYOUT_REPLAY_REFERENCE_SCALE_V1,REFERENCE_ASSUMPTION_SANDBOX_V1,LOCAL_WINDOW_HPP_BASE,41,REFERENCE_SCALE,SEPARATE_JSQ_NO_JOCKEYING,416,320.46805604199994,311.649874224,632.1179302659999,11.118955525999993,9,6,10,1,1,56.53651738900001,90.87327476300004,147.40979215200005,0.17641857378006637,0.2915877151860629,0.23319982726952376,f35340ff1975ee0b0cd92122e6107d4ed6cf0d64304458bf2da1a41e6ed7af4f,PASS,PASS
1.0,TASK3_QUEUE_LAYOUT_REPLAY_REFERENCE_SCALE_V1,REFERENCE_ASSUMPTION_SANDBOX_V1,LOCAL_WINDOW_HPP_BASE,42,REFERENCE_SCALE,POOLED_FCFS,403,320.413269767,311.59508794899995,632.0083577159999,7.511248251999973,13,8,16,1,1,0.0,0.0,0.0,0.0,0.0,0.0,c935d80f16deec115b5470667dccc9304847eaf793765f210c5a888988505aa5,PASS,PASS
1.0,TASK3_QUEUE_LAYOUT_REPLAY_REFERENCE_SCALE_V1,REFERENCE_ASSUMPTION_SANDBOX_V1,LOCAL_WINDOW_HPP_BASE,42,REFERENCE_SCALE,SEPARATE_JSQ_NO_JOCKEYING,403,320.413269767,313.51387804099994,633.927147808,13.639345397,16,9,20,1,1,43.59508420100016,98.09176569899981,141.68684989999997,0.13605892238077996,0.31287854404382,0.22350651867478188,c935d80f16deec115b5470667dccc9304847eaf793765f210c5a888988505aa5,PASS,PASS
1.0,TASK3_QUEUE_LAYOUT_REPLAY_REFERENCE_SCALE_V1,REFERENCE_ASSUMPTION_SANDBOX_V1,LOCAL_WINDOW_HPP_BASE,43,REFERENCE_SCALE,POOLED_FCFS,407,320.79540839699996,311.977226579,632.772634976,4.160249957999952,10,7,11,1,1,0.0,0.0,0.0,0.0,0.0,0.0,060d407ad84ef52cd6ee32e87beaf6c5050b1d3a8812188694a24f6de61d12c2,PASS,PASS
1.0,TASK3_QUEUE_LAYOUT_REPLAY_REFERENCE_SCALE_V1,REFERENCE_ASSUMPTION_SANDBOX_V1,LOCAL_WINDOW_HPP_BASE,43,REFERENCE_SCALE,SEPARATE_JSQ_NO_JOCKEYING,407,320.79540839699996,313.565977138,634.361385535,11.752112355999998,10,4,13,1,1,83.67463381300014,95.20097082299964,178.87560463599976,0.2608348861073744,0.30360746306702086,0.28197744805217273,060d407ad84ef52cd6ee32e87beaf6c5050b1d3a8812188694a24f6de61d12c2,PASS,PASS
1.0,TASK3_QUEUE_LAYOUT_REPLAY_REFERENCE_SCALE_V1,REFERENCE_ASSUMPTION_SANDBOX_V1,LOCAL_WINDOW_HPP_BASE,44,REFERENCE_SCALE,POOLED_FCFS,366,319.56973973500004,310.751557917,630.3212976520001,0.4855768179999984,0,4,4,0,1,0.0,0.0,0.0,0.0,0.0,0.0,35cff6ae5661a317167ebdfbd8bd23b3bf49f044d2f9827f6db19204f12cd112,PASS,PASS
1.0,TASK3_QUEUE_LAYOUT_REPLAY_REFERENCE_SCALE_V1,REFERENCE_ASSUMPTION_SANDBOX_V1,LOCAL_WINDOW_HPP_BASE,44,REFERENCE_SCALE,SEPARATE_JSQ_NO_JOCKEYING,366,319.56973973500004,310.751557917,630.3212976520001,0.0,0,4,4,0,1,0.0,43.53021965399989,43.53021965399989,0.0,0.14008045509341122,0.06906036622299393,35cff6ae5661a317167ebdfbd8bd23b3bf49f044d2f9827f6db19204f12cd112,PASS,PASS
1.0,TASK3_QUEUE_LAYOUT_REPLAY_REFERENCE_SCALE_V1,REFERENCE_ASSUMPTION_SANDBOX_V1,LOCAL_WINDOW_HPP_BASE,45,REFERENCE_SCALE,POOLED_FCFS,399,319.850991861,311.032810043,630.8838019039999,1.9893228740000097,7,5,7,1,1,0.0,0.0,0.0,0.0,0.0,0.0,5e01ef310c8bcea99c7b24069605f662088071ec0927b4b289a57a979e22aad2,PASS,PASS
1.0,TASK3_QUEUE_LAYOUT_REPLAY_REFERENCE_SCALE_V1,REFERENCE_ASSUMPTION_SANDBOX_V1,LOCAL_WINDOW_HPP_BASE,45,REFERENCE_SCALE,SEPARATE_JSQ_NO_JOCKEYING,399,319.850991861,314.162235092,634.013226953,7.669323423000037,7,5,9,1,1,39.459712642000014,79.70314646999985,119.16285911199986,0.12336904885743893,0.25370059659353833,0.18795011530703212,5e01ef310c8bcea99c7b24069605f662088071ec0927b4b289a57a979e22aad2,PASS,PASS
1.0,TASK3_QUEUE_LAYOUT_REPLAY_REFERENCE_SCALE_V1,REFERENCE_ASSUMPTION_SANDBOX_V1,LOCAL_WINDOW_HPP_BASE,46,REFERENCE_SCALE,POOLED_FCFS,452,319.58797872300005,313.43038899299995,633.0183677160001,6.871251008999991,15,10,15,1,1,0.0,0.0,0.0,0.0,0.0,0.0,2cffab7e8b9d95da567a4b0cfa24e879a8232db429a8723b7cfe5ac54e615c47,PASS,PASS
1.0,TASK3_QUEUE_LAYOUT_REPLAY_REFERENCE_SCALE_V1,REFERENCE_ASSUMPTION_SANDBOX_V1,LOCAL_WINDOW_HPP_BASE,46,REFERENCE_SCALE,SEPARATE_JSQ_NO_JOCKEYING,452,336.305063192,327.48688137399995,663.791944566,20.33656086700006,17,12,19,1,1,122.15746735699994,147.00196220599955,269.1594295629995,0.3632341011983486,0.4488789339873399,0.40548764076819455,2cffab7e8b9d95da567a4b0cfa24e879a8232db429a8723b7cfe5ac54e615c47,PASS,PASS
1.0,TASK3_QUEUE_LAYOUT_REPLAY_REFERENCE_SCALE_V1,REFERENCE_ASSUMPTION_SANDBOX_V1,LOCAL_WINDOW_HPP_BASE,47,REFERENCE_SCALE,POOLED_FCFS,385,320.661845168,311.84366335,632.5055085179999,1.4429845040000089,2,5,5,1,1,0.0,0.0,0.0,0.0,0.0,0.0,ce592dace1e3264858cf66e7e595ca759e48b520a08d8952eec2a09ba37334d9,PASS,PASS
1.0,TASK3_QUEUE_LAYOUT_REPLAY_REFERENCE_SCALE_V1,REFERENCE_ASSUMPTION_SANDBOX_V1,LOCAL_WINDOW_HPP_BASE,47,REFERENCE_SCALE,SEPARATE_JSQ_NO_JOCKEYING,385,320.661845168,311.84366335,632.5055085179999,6.975011217000002,2,5,5,1,1,33.791931327999976,82.17981787299999,115.97174920099997,0.10538182773287488,0.2635289009569031,0.18335294734859944,ce592dace1e3264858cf66e7e595ca759e48b520a08d8952eec2a09ba37334d9,PASS,PASS
1.0,TASK3_QUEUE_LAYOUT_REPLAY_REFERENCE_SCALE_V1,REFERENCE_ASSUMPTION_SANDBOX_V1,LOCAL_WINDOW_HPP_BASE,48,REFERENCE_SCALE,POOLED_FCFS,416,320.27380775399996,311.455625936,631.72943369,7.285356425000003,14,9,14,1,1,0.0,0.0,0.0,0.0,0.0,0.0,c75969d69496d2acf2a6de07532cab6854e878cee13e83c612d80f274d1ec261,PASS,PASS
1.0,TASK3_QUEUE_LAYOUT_REPLAY_REFERENCE_SCALE_V1,REFERENCE_ASSUMPTION_SANDBOX_V1,LOCAL_WINDOW_HPP_BASE,48,REFERENCE_SCALE,SEPARATE_JSQ_NO_JOCKEYING,416,320.27380775399996,311.455625936,631.72943369,14.551621906000037,14,10,16,1,1,77.63771283599995,84.5632685989999,162.20098143499985,0.24241043431073492,0.27150984460424077,0.2567570431024028,c75969d69496d2acf2a6de07532cab6854e878cee13e83c612d80f274d1ec261,PASS,PASS
1.0,TASK3_QUEUE_LAYOUT_REPLAY_REFERENCE_SCALE_V1,REFERENCE_ASSUMPTION_SANDBOX_V1,LOCAL_WINDOW_HPP_BASE,49,REFERENCE_SCALE,POOLED_FCFS,423,318.99736837399996,310.179186556,629.17655493,4.875148936999999,13,8,13,1,1,0.0,0.0,0.0,0.0,0.0,0.0,72e18af7745d5c612bf4488304b96e1d077fc7b5d272d900584bfb87026546c4,PASS,PASS
1.0,TASK3_QUEUE_LAYOUT_REPLAY_REFERENCE_SCALE_V1,REFERENCE_ASSUMPTION_SANDBOX_V1,LOCAL_WINDOW_HPP_BASE,49,REFERENCE_SCALE,SEPARATE_JSQ_NO_JOCKEYING,423,332.891430678,324.07324886000004,656.964679538,14.866219749999999,13,7,13,1,1,127.3020873079999,136.3389607690003,263.64104807700016,0.3824132301895658,0.4207041502148141,0.40130170812592475,72e18af7745d5c612bf4488304b96e1d077fc7b5d272d900584bfb87026546c4,PASS,PASS
1.0,TASK3_QUEUE_LAYOUT_REPLAY_REFERENCE_SCALE_V1,REFERENCE_ASSUMPTION_SANDBOX_V1,LOCAL_WINDOW_HPP_BASE,50,REFERENCE_SCALE,POOLED_FCFS,414,320.483398925,311.66521710700005,632.1486160320001,4.07461758599996,7,8,8,1,1,0.0,0.0,0.0,0.0,0.0,0.0,219364c483a53208f338d5ea2f03b0e067d3bd22d379163bebb79b1b0fa54341,PASS,PASS
1.0,TASK3_QUEUE_LAYOUT_REPLAY_REFERENCE_SCALE_V1,REFERENCE_ASSUMPTION_SANDBOX_V1,LOCAL_WINDOW_HPP_BASE,50,REFERENCE_SCALE,SEPARATE_JSQ_NO_JOCKEYING,414,320.483398925,320.354978445,640.83837737,11.94486125100002,7,8,10,1,1,80.928788654,117.68053600299994,198.60932465699995,0.25252100085514595,0.3673441773067494,0.30992108411498764,219364c483a53208f338d5ea2f03b0e067d3bd22d379163bebb79b1b0fa54341,PASS,PASS
1.0,TASK3_QUEUE_LAYOUT_REPLAY_REFERENCE_SCALE_V1,REFERENCE_ASSUMPTION_SANDBOX_V1,LOCAL_WINDOW_HPP_BASE,1,ILLUSTRATIVE_NORMALIZED_SMALL_SCALE,POOLED_FCFS,396,1518.6567295570003,1509.8385477390002,3028.4952772960005,35.371378983999875,12,2,13,2,1,0.0,0.0,0.0,0.0,0.0,0.0,37e8caf74e93915e837ca5b21b724671fe5692fc718e38960cbd104034434c57,REFERENCE_GATE_PASS_PREREQUISITE,PASS
1.0,TASK3_QUEUE_LAYOUT_REPLAY_REFERENCE_SCALE_V1,REFERENCE_ASSUMPTION_SANDBOX_V1,LOCAL_WINDOW_HPP_BASE,1,ILLUSTRATIVE_NORMALIZED_SMALL_SCALE,SEPARATE_JSQ_NO_JOCKEYING,396,1531.7269931260003,1522.9088113080002,3054.6358044340004,42.843628067999816,13,3,13,3,1,112.30483252100015,311.5432383320049,423.848070853005,0.0733190921260744,0.204571170656256,0.13875568086963502,37e8caf74e93915e837ca5b21b724671fe5692fc718e38960cbd104034434c57,REFERENCE_GATE_PASS_PREREQUISITE,PASS
1.0,TASK3_QUEUE_LAYOUT_REPLAY_REFERENCE_SCALE_V1,REFERENCE_ASSUMPTION_SANDBOX_V1,LOCAL_WINDOW_HPP_BASE,2,ILLUSTRATIVE_NORMALIZED_SMALL_SCALE,POOLED_FCFS,442,1632.0961381180014,1623.2779563000015,3255.3740944180026,90.42328971999905,32,2,32,6,1,0.0,0.0,0.0,0.0,0.0,0.0,72be3197235cbb571d3eabe7afb065df90d3e328003b6e0b6fe71f9a13efaf02,REFERENCE_GATE_PASS_PREREQUISITE,PASS
1.0,TASK3_QUEUE_LAYOUT_REPLAY_REFERENCE_SCALE_V1,REFERENCE_ASSUMPTION_SANDBOX_V1,LOCAL_WINDOW_HPP_BASE,2,ILLUSTRATIVE_NORMALIZED_SMALL_SCALE,SEPARATE_JSQ_NO_JOCKEYING,442,1642.0753064280013,1633.2571246100015,3275.332431038003,94.75518120399897,32,3,33,6,1,32.37646779100022,503.6717391980035,536.0482069890037,0.01971679841007329,0.30838484131411525,0.1636622291860377,72be3197235cbb571d3eabe7afb065df90d3e328003b6e0b6fe71f9a13efaf02,REFERENCE_GATE_PASS_PREREQUISITE,PASS
1.0,TASK3_QUEUE_LAYOUT_REPLAY_REFERENCE_SCALE_V1,REFERENCE_ASSUMPTION_SANDBOX_V1,LOCAL_WINDOW_HPP_BASE,3,ILLUSTRATIVE_NORMALIZED_SMALL_SCALE,POOLED_FCFS,393,1517.6841037679999,1508.86592195,3026.550025718,41.0695925829998,16,2,16,3,1,0.0,0.0,0.0,0.0,0.0,0.0,66fd97a1f6b17aad51248e985cf76740f5bc02fa722815b56124fbbfc611dd8a,REFERENCE_GATE_PASS_PREREQUISITE,PASS
1.0,TASK3_QUEUE_LAYOUT_REPLAY_REFERENCE_SCALE_V1,REFERENCE_ASSUMPTION_SANDBOX_V1,LOCAL_WINDOW_HPP_BASE,3,ILLUSTRATIVE_NORMALIZED_SMALL_SCALE,SEPARATE_JSQ_NO_JOCKEYING,393,1532.7768333820002,1523.9586515640003,3056.7354849460007,43.62020774799976,17,3,17,3,1,184.7191012329984,317.41339910799957,502.132500340998,0.12051271731803538,0.2082821596125631,0.16427083822395855,66fd97a1f6b17aad51248e985cf76740f5bc02fa722815b56124fbbfc611dd8a,REFERENCE_GATE_PASS_PREREQUISITE,PASS
1.0,TASK3_QUEUE_LAYOUT_REPLAY_REFERENCE_SCALE_V1,REFERENCE_ASSUMPTION_SANDBOX_V1,LOCAL_WINDOW_HPP_BASE,4,ILLUSTRATIVE_NORMALIZED_SMALL_SCALE,POOLED_FCFS,410,1573.067642799002,1567.5045526820022,3140.572195481004,48.907215936001876,17,2,18,3,1,0.0,0.0,0.0,0.0,0.0,0.0,13e530df2adcb695f6d526d1a5784c197acc599616699a60c2bc9d270cec3002,REFERENCE_GATE_PASS_PREREQUISITE,PASS
1.0,TASK3_QUEUE_LAYOUT_REPLAY_REFERENCE_SCALE_V1,REFERENCE_ASSUMPTION_SANDBOX_V1,LOCAL_WINDOW_HPP_BASE,4,ILLUSTRATIVE_NORMALIZED_SMALL_SCALE,SEPARATE_JSQ_NO_JOCKEYING,410,1593.0880930710018,1584.269911253002,3177.3580043240036,58.642650352001965,19,3,20,4,1,141.2790470660016,367.0624737239957,508.3415207899973,0.08868250769086941,0.23169187972123093,0.15998874539734123,13e530df2adcb695f6d526d1a5784c197acc599616699a60c2bc9d270cec3002,REFERENCE_GATE_PASS_PREREQUISITE,PASS
1.0,TASK3_QUEUE_LAYOUT_REPLAY_REFERENCE_SCALE_V1,REFERENCE_ASSUMPTION_SANDBOX_V1,LOCAL_WINDOW_HPP_BASE,5,ILLUSTRATIVE_NORMALIZED_SMALL_SCALE,POOLED_FCFS,388,1515.2999671160003,1506.9316077849999,3022.2315749010004,38.94284531600033,13,1,13,3,1,0.0,0.0,0.0,0.0,0.0,0.0,37939e53271433e98ae26b26cd0e623512275e141fd8b8c27de6d0ced2449f2d,REFERENCE_GATE_PASS_PREREQUISITE,PASS
1.0,TASK3_QUEUE_LAYOUT_REPLAY_REFERENCE_SCALE_V1,REFERENCE_ASSUMPTION_SANDBOX_V1,LOCAL_WINDOW_HPP_BASE,5,ILLUSTRATIVE_NORMALIZED_SMALL_SCALE,SEPARATE_JSQ_NO_JOCKEYING,388,1520.344465056,1511.526283238,3031.870748294,49.76287988599995,14,3,15,3,1,74.30212233200085,379.11716768699637,453.41929001899723,0.04887189978309555,0.25081744981294635,0.14955099595658267,37939e53271433e98ae26b26cd0e623512275e141fd8b8c27de6d0ced2449f2d,REFERENCE_GATE_PASS_PREREQUISITE,PASS
1.0,TASK3_QUEUE_LAYOUT_REPLAY_REFERENCE_SCALE_V1,REFERENCE_ASSUMPTION_SANDBOX_V1,LOCAL_WINDOW_HPP_BASE,6,ILLUSTRATIVE_NORMALIZED_SMALL_SCALE,POOLED_FCFS,419,1585.0331558430012,1576.5200350770012,3161.5531909200026,76.9773169150003,25,2,25,5,1,0.0,0.0,0.0,0.0,0.0,0.0,141942dcad3c4ef197857e242119f3ac6874372e8e4b658bd22e6af3a3be4274,REFERENCE_GATE_PASS_PREREQUISITE,PASS
1.0,TASK3_QUEUE_LAYOUT_REPLAY_REFERENCE_SCALE_V1,REFERENCE_ASSUMPTION_SANDBOX_V1,LOCAL_WINDOW_HPP_BASE,6,ILLUSTRATIVE_NORMALIZED_SMALL_SCALE,SEPARATE_JSQ_NO_JOCKEYING,419,1594.1563987130014,1585.3382168950013,3179.4946156080027,85.17643135100025,26,3,26,5,1,71.06532775500015,317.5369101240014,388.60223787900156,0.044578642228813185,0.20029600418383922,0.12222138574205153,141942dcad3c4ef197857e242119f3ac6874372e8e4b658bd22e6af3a3be4274,REFERENCE_GATE_PASS_PREREQUISITE,PASS
1.0,TASK3_QUEUE_LAYOUT_REPLAY_REFERENCE_SCALE_V1,REFERENCE_ASSUMPTION_SANDBOX_V1,LOCAL_WINDOW_HPP_BASE,7,ILLUSTRATIVE_NORMALIZED_SMALL_SCALE,POOLED_FCFS,408,1544.571347300001,1536.5485562480014,3081.119903548002,35.67539942300141,14,2,14,3,1,0.0,0.0,0.0,0.0,0.0,0.0,ec5ff467ed186d3559401453c792e0dee927407377e509c7361a5c605c6f798d,REFERENCE_GATE_PASS_PREREQUISITE,PASS
1.0,TASK3_QUEUE_LAYOUT_REPLAY_REFERENCE_SCALE_V1,REFERENCE_ASSUMPTION_SANDBOX_V1,LOCAL_WINDOW_HPP_BASE,7,ILLUSTRATIVE_NORMALIZED_SMALL_SCALE,SEPARATE_JSQ_NO_JOCKEYING,408,1555.8754630330013,1547.0572812150012,3102.9327442480026,45.71331747100021,16,3,17,3,1,98.42142450599759,351.42936372899806,449.85078823499566,0.06325790646131553,0.2271598912310464,0.14497600344992886,ec5ff467ed186d3559401453c792e0dee927407377e509c7361a5c605c6f798d,REFERENCE_GATE_PASS_PREREQUISITE,PASS
1.0,TASK3_QUEUE_LAYOUT_REPLAY_REFERENCE_SCALE_V1,REFERENCE_ASSUMPTION_SANDBOX_V1,LOCAL_WINDOW_HPP_BASE,8,ILLUSTRATIVE_NORMALIZED_SMALL_SCALE,POOLED_FCFS,442,1623.8693431840013,1615.0511613660012,3238.9205045500025,144.86715932199922,43,2,43,8,1,0.0,0.0,0.0,0.0,0.0,0.0,2076e9ff338e109359fb6ddd7981eca558237762774f8037403e1e8acb81e5b5,REFERENCE_GATE_PASS_PREREQUISITE,PASS
1.0,TASK3_QUEUE_LAYOUT_REPLAY_REFERENCE_SCALE_V1,REFERENCE_ASSUMPTION_SANDBOX_V1,LOCAL_WINDOW_HPP_BASE,8,ILLUSTRATIVE_NORMALIZED_SMALL_SCALE,SEPARATE_JSQ_NO_JOCKEYING,442,1627.4469833940013,1619.1447582080013,3246.591741602003,153.38023993400088,44,4,44,8,1,10.654927804000032,327.8018114760038,338.45673928000383,0.006547019910768115,0.20245367797676134,0.104249861460251,2076e9ff338e109359fb6ddd7981eca558237762774f8037403e1e8acb81e5b5,REFERENCE_GATE_PASS_PREREQUISITE,PASS
1.0,TASK3_QUEUE_LAYOUT_REPLAY_REFERENCE_SCALE_V1,REFERENCE_ASSUMPTION_SANDBOX_V1,LOCAL_WINDOW_HPP_BASE,9,ILLUSTRATIVE_NORMALIZED_SMALL_SCALE,POOLED_FCFS,395,1534.5031486720006,1528.1483510810008,3062.651499753001,57.40277738999964,18,2,18,3,1,0.0,0.0,0.0,0.0,0.0,0.0,48ab50384d2c6789cf93b8d39b120a6223cbf628a872c472fb5f8941b9edb117,REFERENCE_GATE_PASS_PREREQUISITE,PASS
1.0,TASK3_QUEUE_LAYOUT_REPLAY_REFERENCE_SCALE_V1,REFERENCE_ASSUMPTION_SANDBOX_V1,LOCAL_WINDOW_HPP_BASE,9,ILLUSTRATIVE_NORMALIZED_SMALL_SCALE,SEPARATE_JSQ_NO_JOCKEYING,395,1540.1054125110008,1534.769730386001,3074.8751428970018,66.5959110059996,20,3,20,4,1,125.74939888800151,320.56267571100085,446.31207459900236,0.08164986491605054,0.20886695206738148,0.145148031662355,48ab50384d2c6789cf93b8d39b120a6223cbf628a872c472fb5f8941b9edb117,REFERENCE_GATE_PASS_PREREQUISITE,PASS
1.0,TASK3_QUEUE_LAYOUT_REPLAY_REFERENCE_SCALE_V1,REFERENCE_ASSUMPTION_SANDBOX_V1,LOCAL_WINDOW_HPP_BASE,10,ILLUSTRATIVE_NORMALIZED_SMALL_SCALE,POOLED_FCFS,394,1530.7085572880014,1522.2221023350014,3052.9306596230026,38.92552966499977,14,2,14,3,1,0.0,0.0,0.0,0.0,0.0,0.0,cbc92b46c8c69b407b55fcd608252f5be66ac69a4c09c0042dc1ea8fc7305dad,REFERENCE_GATE_PASS_PREREQUISITE,PASS
1.0,TASK3_QUEUE_LAYOUT_REPLAY_REFERENCE_SCALE_V1,REFERENCE_ASSUMPTION_SANDBOX_V1,LOCAL_WINDOW_HPP_BASE,10,ILLUSTRATIVE_NORMALIZED_SMALL_SCALE,SEPARATE_JSQ_NO_JOCKEYING,394,1539.9901703080006,1531.1719884900008,3071.1621587980017,45.92277420699986,15,3,16,3,1,173.97547043999808,358.86736878800104,532.8428392279991,0.1129718057909439,0.2343743037918987,0.17349876420610247,cbc92b46c8c69b407b55fcd608252f5be66ac69a4c09c0042dc1ea8fc7305dad,REFERENCE_GATE_PASS_PREREQUISITE,PASS
1.0,TASK3_QUEUE_LAYOUT_REPLAY_REFERENCE_SCALE_V1,REFERENCE_ASSUMPTION_SANDBOX_V1,LOCAL_WINDOW_HPP_BASE,11,ILLUSTRATIVE_NORMALIZED_SMALL_SCALE,POOLED_FCFS,409,1525.5607727410002,1516.7425909230003,3042.3033636640002,86.24982158899934,29,2,30,5,1,0.0,0.0,0.0,0.0,0.0,0.0,04fd733bf0c75e2c282004d4b8c8a9bbffda5dffd41e2bd94b4812a8eb926e1c,REFERENCE_GATE_PASS_PREREQUISITE,PASS
1.0,TASK3_QUEUE_LAYOUT_REPLAY_REFERENCE_SCALE_V1,REFERENCE_ASSUMPTION_SANDBOX_V1,LOCAL_WINDOW_HPP_BASE,11,ILLUSTRATIVE_NORMALIZED_SMALL_SCALE,SEPARATE_JSQ_NO_JOCKEYING,409,1530.9660872940003,1522.1479054760005,3053.1139927700006,92.32597299199915,30,3,31,5,1,26.654426203999865,243.9069200700018,270.56134627400166,0.017410200281517574,0.160238646449885,0.08861816064343189,04fd733bf0c75e2c282004d4b8c8a9bbffda5dffd41e2bd94b4812a8eb926e1c,REFERENCE_GATE_PASS_PREREQUISITE,PASS
1.0,TASK3_QUEUE_LAYOUT_REPLAY_REFERENCE_SCALE_V1,REFERENCE_ASSUMPTION_SANDBOX_V1,LOCAL_WINDOW_HPP_BASE,12,ILLUSTRATIVE_NORMALIZED_SMALL_SCALE,POOLED_FCFS,423,1581.6138676290016,1572.7956858110015,3154.409553440003,81.71391169899994,26,2,26,5,1,0.0,0.0,0.0,0.0,0.0,0.0,6d9760ea9165ec7d36fcc8806e522775150e55fbbbfde8d2721442aaeeef5b01,REFERENCE_GATE_PASS_PREREQUISITE,PASS
1.0,TASK3_QUEUE_LAYOUT_REPLAY_REFERENCE_SCALE_V1,REFERENCE_ASSUMPTION_SANDBOX_V1,LOCAL_WINDOW_HPP_BASE,12,ILLUSTRATIVE_NORMALIZED_SMALL_SCALE,SEPARATE_JSQ_NO_JOCKEYING,423,1592.3686121950018,1583.5504303770017,3175.9190425720035,90.00114073300028,28,3,29,5,1,98.77063532500162,346.7909153780015,445.56155070300315,0.06202749449378506,0.2189958139163523,0.14029373694052577,6d9760ea9165ec7d36fcc8806e522775150e55fbbbfde8d2721442aaeeef5b01,REFERENCE_GATE_PASS_PREREQUISITE,PASS
1.0,TASK3_QUEUE_LAYOUT_REPLAY_REFERENCE_SCALE_V1,REFERENCE_ASSUMPTION_SANDBOX_V1,LOCAL_WINDOW_HPP_BASE,13,ILLUSTRATIVE_NORMALIZED_SMALL_SCALE,POOLED_FCFS,455,1677.3265464910019,1669.8467041540014,3347.1732506450035,198.4704951849991,57,3,58,10,1,0.0,0.0,0.0,0.0,0.0,0.0,2a53f179634ffdad178e62fe142efffddf1ac0657b5665aa9a8b8cc01ce2575e,REFERENCE_GATE_PASS_PREREQUISITE,PASS
1.0,TASK3_QUEUE_LAYOUT_REPLAY_REFERENCE_SCALE_V1,REFERENCE_ASSUMPTION_SANDBOX_V1,LOCAL_WINDOW_HPP_BASE,13,ILLUSTRATIVE_NORMALIZED_SMALL_SCALE,SEPARATE_JSQ_NO_JOCKEYING,455,1685.2158659010017,1677.9931865600015,3363.209052461003,202.17297086599922,58,3,58,10,1,27.93274618400001,347.25577712399985,375.18852330799984,0.01657517398761597,0.20694707219634037,0.11155670594828426,2a53f179634ffdad178e62fe142efffddf1ac0657b5665aa9a8b8cc01ce2575e,REFERENCE_GATE_PASS_PREREQUISITE,PASS
1.0,TASK3_QUEUE_LAYOUT_REPLAY_REFERENCE_SCALE_V1,REFERENCE_ASSUMPTION_SANDBOX_V1,LOCAL_WINDOW_HPP_BASE,14,ILLUSTRATIVE_NORMALIZED_SMALL_SCALE,POOLED_FCFS,374,1519.0209810410004,1510.2027992230003,3029.2237802640007,39.96281890900036,14,2,14,3,1,0.0,0.0,0.0,0.0,0.0,0.0,9b59f8f4c527fdc8b8595ee9db433b62eadb026ff0d683c206be645b2b026993,REFERENCE_GATE_PASS_PREREQUISITE,PASS
1.0,TASK3_QUEUE_LAYOUT_REPLAY_REFERENCE_SCALE_V1,REFERENCE_ASSUMPTION_SANDBOX_V1,LOCAL_WINDOW_HPP_BASE,14,ILLUSTRATIVE_NORMALIZED_SMALL_SCALE,SEPARATE_JSQ_NO_JOCKEYING,374,1520.3086872560004,1511.4905054380004,3031.799192694001,47.11794016399983,15,3,15,3,1,121.81654608499647,279.40339968599847,401.21994577099497,0.08012619220433628,0.1848528976402884,0.13233724276259812,9b59f8f4c527fdc8b8595ee9db433b62eadb026ff0d683c206be645b2b026993,REFERENCE_GATE_PASS_PREREQUISITE,PASS
1.0,TASK3_QUEUE_LAYOUT_REPLAY_REFERENCE_SCALE_V1,REFERENCE_ASSUMPTION_SANDBOX_V1,LOCAL_WINDOW_HPP_BASE,15,ILLUSTRATIVE_NORMALIZED_SMALL_SCALE,POOLED_FCFS,386,1518.9320063650018,1510.113824547002,3029.045830912004,50.70624951600075,17,2,17,3,1,0.0,0.0,0.0,0.0,0.0,0.0,518b4e28aced098d4b2c15752ad9c32e716950179384b03630b1075f9508d045,REFERENCE_GATE_PASS_PREREQUISITE,PASS
1.0,TASK3_QUEUE_LAYOUT_REPLAY_REFERENCE_SCALE_V1,REFERENCE_ASSUMPTION_SANDBOX_V1,LOCAL_WINDOW_HPP_BASE,15,ILLUSTRATIVE_NORMALIZED_SMALL_SCALE,SEPARATE_JSQ_NO_JOCKEYING,386,1526.824383994002,1522.110992247002,3048.9353762410037,61.398285623000675,19,3,21,4,1,193.6495400209993,393.6608844300051,587.3104244510045,0.12683157411622792,0.2586282383053203,0.19262803305955684,518b4e28aced098d4b2c15752ad9c32e716950179384b03630b1075f9508d045,REFERENCE_GATE_PASS_PREREQUISITE,PASS
1.0,TASK3_QUEUE_LAYOUT_REPLAY_REFERENCE_SCALE_V1,REFERENCE_ASSUMPTION_SANDBOX_V1,LOCAL_WINDOW_HPP_BASE,16,ILLUSTRATIVE_NORMALIZED_SMALL_SCALE,POOLED_FCFS,401,1583.386229461002,1574.5680476430018,3157.9542771040037,52.692051235001145,20,2,20,4,1,0.0,0.0,0.0,0.0,0.0,0.0,dadd0f9953765b43ee5d57bff96b28054f2d5bb739bc646b673d6717fa65aab5,REFERENCE_GATE_PASS_PREREQUISITE,PASS
1.0,TASK3_QUEUE_LAYOUT_REPLAY_REFERENCE_SCALE_V1,REFERENCE_ASSUMPTION_SANDBOX_V1,LOCAL_WINDOW_HPP_BASE,16,ILLUSTRATIVE_NORMALIZED_SMALL_SCALE,SEPARATE_JSQ_NO_JOCKEYING,401,1598.232466014002,1589.414284196002,3187.646750210004,58.43765948800137,20,3,20,4,1,178.24515382400222,288.98240717800206,467.2275610020043,0.11152642535697345,0.18181691837769187,0.14657444742621592,dadd0f9953765b43ee5d57bff96b28054f2d5bb739bc646b673d6717fa65aab5,REFERENCE_GATE_PASS_PREREQUISITE,PASS
1.0,TASK3_QUEUE_LAYOUT_REPLAY_REFERENCE_SCALE_V1,REFERENCE_ASSUMPTION_SANDBOX_V1,LOCAL_WINDOW_HPP_BASE,17,ILLUSTRATIVE_NORMALIZED_SMALL_SCALE,POOLED_FCFS,429,1604.1599689320017,1595.3417871140016,3199.5017560460033,98.244644345001,29,2,29,5,1,0.0,0.0,0.0,0.0,0.0,0.0,00f1099954da9aef941a78a5a30067201d52bbf088d46ac60e1b9f679e93a308,REFERENCE_GATE_PASS_PREREQUISITE,PASS
1.0,TASK3_QUEUE_LAYOUT_REPLAY_REFERENCE_SCALE_V1,REFERENCE_ASSUMPTION_SANDBOX_V1,LOCAL_WINDOW_HPP_BASE,17,ILLUSTRATIVE_NORMALIZED_SMALL_SCALE,SEPARATE_JSQ_NO_JOCKEYING,429,1610.188763132002,1607.3257513640015,3217.5145144960034,106.9543130100003,31,3,31,6,1,46.875859964001776,380.5010281280023,427.3768880920041,0.02911202775556752,0.23672925528947897,0.13282827044494283,00f1099954da9aef941a78a5a30067201d52bbf088d46ac60e1b9f679e93a308,REFERENCE_GATE_PASS_PREREQUISITE,PASS
1.0,TASK3_QUEUE_LAYOUT_REPLAY_REFERENCE_SCALE_V1,REFERENCE_ASSUMPTION_SANDBOX_V1,LOCAL_WINDOW_HPP_BASE,18,ILLUSTRATIVE_NORMALIZED_SMALL_SCALE,POOLED_FCFS,419,1568.6629440460013,1560.3086049790013,3128.971549025003,75.82331559599993,24,2,24,4,1,0.0,0.0,0.0,0.0,0.0,0.0,c87b77af3f95e3b3ceb91fb5fccc8d45c6e6028857b95d17b75a05e54a91dadf,REFERENCE_GATE_PASS_PREREQUISITE,PASS
1.0,TASK3_QUEUE_LAYOUT_REPLAY_REFERENCE_SCALE_V1,REFERENCE_ASSUMPTION_SANDBOX_V1,LOCAL_WINDOW_HPP_BASE,18,ILLUSTRATIVE_NORMALIZED_SMALL_SCALE,SEPARATE_JSQ_NO_JOCKEYING,419,1574.7138443080016,1566.8398198670016,3141.553664175003,85.33884995599954,25,3,27,5,1,74.84726398500163,314.8718835440001,389.71914752900176,0.04753070804295418,0.20095984257709731,0.12405299708013903,c87b77af3f95e3b3ceb91fb5fccc8d45c6e6028857b95d17b75a05e54a91dadf,REFERENCE_GATE_PASS_PREREQUISITE,PASS
1.0,TASK3_QUEUE_LAYOUT_REPLAY_REFERENCE_SCALE_V1,REFERENCE_ASSUMPTION_SANDBOX_V1,LOCAL_WINDOW_HPP_BASE,19,ILLUSTRATIVE_NORMALIZED_SMALL_SCALE,POOLED_FCFS,445,1657.108115087002,1650.1901587930017,3307.2982738800038,123.45949441900143,41,2,41,7,1,0.0,0.0,0.0,0.0,0.0,0.0,6ad4254c43144a602f4cc8b9032f4566ed6db5d2b255cedac12ceba9b31222b7,REFERENCE_GATE_PASS_PREREQUISITE,PASS
1.0,TASK3_QUEUE_LAYOUT_REPLAY_REFERENCE_SCALE_V1,REFERENCE_ASSUMPTION_SANDBOX_V1,LOCAL_WINDOW_HPP_BASE,19,ILLUSTRATIVE_NORMALIZED_SMALL_SCALE,SEPARATE_JSQ_NO_JOCKEYING,445,1657.108115087002,1658.236737615002,3315.344852702004,129.18941147500118,42,4,43,7,1,42.22842827900041,402.8443668250028,445.0727951040032,0.0254832064936109,0.24293537688979389,0.13424630464648923,6ad4254c43144a602f4cc8b9032f4566ed6db5d2b255cedac12ceba9b31222b7,REFERENCE_GATE_PASS_PREREQUISITE,PASS
1.0,TASK3_QUEUE_LAYOUT_REPLAY_REFERENCE_SCALE_V1,REFERENCE_ASSUMPTION_SANDBOX_V1,LOCAL_WINDOW_HPP_BASE,20,ILLUSTRATIVE_NORMALIZED_SMALL_SCALE,POOLED_FCFS,418,1548.2736711990012,1543.5787310560013,3091.8524022550027,67.64551109399952,22,2,23,4,1,0.0,0.0,0.0,0.0,0.0,0.0,62b97c24a279d530af8f148be4d5a6a905638cb7291ce0726a5e9f2e8e408112,REFERENCE_GATE_PASS_PREREQUISITE,PASS
1.0,TASK3_QUEUE_LAYOUT_REPLAY_REFERENCE_SCALE_V1,REFERENCE_ASSUMPTION_SANDBOX_V1,LOCAL_WINDOW_HPP_BASE,20,ILLUSTRATIVE_NORMALIZED_SMALL_SCALE,SEPARATE_JSQ_NO_JOCKEYING,418,1551.6099659140011,1553.6620521160012,3105.272018030002,69.8883844279992,23,3,24,4,1,44.803340928000516,384.84298383099895,429.64632475899947,0.02887538873315265,0.24770057510696372,0.13836028607618372,62b97c24a279d530af8f148be4d5a6a905638cb7291ce0726a5e9f2e8e408112,REFERENCE_GATE_PASS_PREREQUISITE,PASS
1.0,TASK3_QUEUE_LAYOUT_REPLAY_REFERENCE_SCALE_V1,REFERENCE_ASSUMPTION_SANDBOX_V1,LOCAL_WINDOW_HPP_BASE,21,ILLUSTRATIVE_NORMALIZED_SMALL_SCALE,POOLED_FCFS,417,1619.7676775320022,1612.311321442002,3232.078998974004,95.50602791900178,31,2,31,6,1,0.0,0.0,0.0,0.0,0.0,0.0,5d7698b223b80d9305dec6351a52c2b375090b59787cacc8d026afbc74fcefa3,REFERENCE_GATE_PASS_PREREQUISITE,PASS
1.0,TASK3_QUEUE_LAYOUT_REPLAY_REFERENCE_SCALE_V1,REFERENCE_ASSUMPTION_SANDBOX_V1,LOCAL_WINDOW_HPP_BASE,21,ILLUSTRATIVE_NORMALIZED_SMALL_SCALE,SEPARATE_JSQ_NO_JOCKEYING,417,1629.780018253002,1620.961836435002,3250.741854688004,105.48429631400063,33,3,33,6,1,117.3806222100005,351.20092673700276,468.5815489470033,0.07202237166695873,0.21666205757774198,0.14414603493391703,5d7698b223b80d9305dec6351a52c2b375090b59787cacc8d026afbc74fcefa3,REFERENCE_GATE_PASS_PREREQUISITE,PASS
1.0,TASK3_QUEUE_LAYOUT_REPLAY_REFERENCE_SCALE_V1,REFERENCE_ASSUMPTION_SANDBOX_V1,LOCAL_WINDOW_HPP_BASE,22,ILLUSTRATIVE_NORMALIZED_SMALL_SCALE,POOLED_FCFS,410,1535.2162295460014,1527.3959318420011,3062.6121613880023,43.87575740199941,15,2,15,3,1,0.0,0.0,0.0,0.0,0.0,0.0,db9627f0e40774290f8371cbca58f0ae823bce2e238032ba78c31bcf955045c7,REFERENCE_GATE_PASS_PREREQUISITE,PASS
1.0,TASK3_QUEUE_LAYOUT_REPLAY_REFERENCE_SCALE_V1,REFERENCE_ASSUMPTION_SANDBOX_V1,LOCAL_WINDOW_HPP_BASE,22,ILLUSTRATIVE_NORMALIZED_SMALL_SCALE,SEPARATE_JSQ_NO_JOCKEYING,410,1554.7727853540014,1545.9546035360013,3100.7273888900027,52.614438055000164,15,3,17,3,1,90.77073598500114,352.42844496999913,443.19918095500026,0.058381994359602736,0.22796817200447114,0.1429339394823924,db9627f0e40774290f8371cbca58f0ae823bce2e238032ba78c31bcf955045c7,REFERENCE_GATE_PASS_PREREQUISITE,PASS
1.0,TASK3_QUEUE_LAYOUT_REPLAY_REFERENCE_SCALE_V1,REFERENCE_ASSUMPTION_SANDBOX_V1,LOCAL_WINDOW_HPP_BASE,23,ILLUSTRATIVE_NORMALIZED_SMALL_SCALE,POOLED_FCFS,439,1614.5454545320015,1605.7272727140014,3220.272727246003,117.35940550800069,34,1,35,6,1,0.0,0.0,0.0,0.0,0.0,0.0,0b86e51144e7353b1763be296bc41f4ef134942adc4a782a2c9588b780f76ded,REFERENCE_GATE_PASS_PREREQUISITE,PASS
1.0,TASK3_QUEUE_LAYOUT_REPLAY_REFERENCE_SCALE_V1,REFERENCE_ASSUMPTION_SANDBOX_V1,LOCAL_WINDOW_HPP_BASE,23,ILLUSTRATIVE_NORMALIZED_SMALL_SCALE,SEPARATE_JSQ_NO_JOCKEYING,439,1622.6712175820014,1613.8530357640013,3236.5242533460028,124.1398607960009,34,3,36,6,1,15.238430669999964,369.02540960700424,384.2638402770042,0.009390953943650568,0.2286610995110263,0.1187273167750071,0b86e51144e7353b1763be296bc41f4ef134942adc4a782a2c9588b780f76ded,REFERENCE_GATE_PASS_PREREQUISITE,PASS
1.0,TASK3_QUEUE_LAYOUT_REPLAY_REFERENCE_SCALE_V1,REFERENCE_ASSUMPTION_SANDBOX_V1,LOCAL_WINDOW_HPP_BASE,24,ILLUSTRATIVE_NORMALIZED_SMALL_SCALE,POOLED_FCFS,412,1571.0635965870006,1562.2454147690007,3133.309011356001,46.012062293002145,14,2,16,3,1,0.0,0.0,0.0,0.0,0.0,0.0,ba315da6f328446adb1c8b4939fc6bc87629944dae1aadb646b66b294739333c,REFERENCE_GATE_PASS_PREREQUISITE,PASS
1.0,TASK3_QUEUE_LAYOUT_REPLAY_REFERENCE_SCALE_V1,REFERENCE_ASSUMPTION_SANDBOX_V1,LOCAL_WINDOW_HPP_BASE,24,ILLUSTRATIVE_NORMALIZED_SMALL_SCALE,SEPARATE_JSQ_NO_JOCKEYING,412,1574.3382816120009,1578.5139733940007,3152.8522550060015,50.882982806999735,17,4,17,3,1,88.80902299299865,402.2568357579995,491.06585875099813,0.056410381447413616,0.2548326099978054,0.1557528926296178,ba315da6f328446adb1c8b4939fc6bc87629944dae1aadb646b66b294739333c,REFERENCE_GATE_PASS_PREREQUISITE,PASS
1.0,TASK3_QUEUE_LAYOUT_REPLAY_REFERENCE_SCALE_V1,REFERENCE_ASSUMPTION_SANDBOX_V1,LOCAL_WINDOW_HPP_BASE,25,ILLUSTRATIVE_NORMALIZED_SMALL_SCALE,POOLED_FCFS,424,1594.7780978700011,1585.959916052001,3180.738013922002,92.51542450399961,30,2,30,5,1,0.0,0.0,0.0,0.0,0.0,0.0,dcd600f972528431554c164d7f2fc04d34961eeef8a2ba4cb85659ce2f1bb427,REFERENCE_GATE_PASS_PREREQUISITE,PASS
1.0,TASK3_QUEUE_LAYOUT_REPLAY_REFERENCE_SCALE_V1,REFERENCE_ASSUMPTION_SANDBOX_V1,LOCAL_WINDOW_HPP_BASE,25,ILLUSTRATIVE_NORMALIZED_SMALL_SCALE,SEPARATE_JSQ_NO_JOCKEYING,424,1597.4040310750013,1588.5858492570014,3185.989880332003,97.08489876499902,30,3,32,5,1,74.29693917700013,384.76148519300693,459.05842437000706,0.046511050261342265,0.2422037722248149,0.14408659211502892,dcd600f972528431554c164d7f2fc04d34961eeef8a2ba4cb85659ce2f1bb427,REFERENCE_GATE_PASS_PREREQUISITE,PASS
1.0,TASK3_QUEUE_LAYOUT_REPLAY_REFERENCE_SCALE_V1,REFERENCE_ASSUMPTION_SANDBOX_V1,LOCAL_WINDOW_HPP_BASE,26,ILLUSTRATIVE_NORMALIZED_SMALL_SCALE,POOLED_FCFS,419,1575.3021802610015,1566.4839984430014,3141.786178704003,74.82166708900104,25,2,25,5,1,0.0,0.0,0.0,0.0,0.0,0.0,4c8d89461190755f11579e103b6b7039ff8de74815549330d538eb2dc4edc0fe,REFERENCE_GATE_PASS_PREREQUISITE,PASS
1.0,TASK3_QUEUE_LAYOUT_REPLAY_REFERENCE_SCALE_V1,REFERENCE_ASSUMPTION_SANDBOX_V1,LOCAL_WINDOW_HPP_BASE,26,ILLUSTRATIVE_NORMALIZED_SMALL_SCALE,SEPARATE_JSQ_NO_JOCKEYING,419,1575.3021802610015,1578.8538026700012,3154.1559829310027,84.75825215200075,26,4,27,5,1,42.60895589499998,289.9692487660053,332.5782046610053,0.027048115865579758,0.183658074152045,0.10544126747718947,4c8d89461190755f11579e103b6b7039ff8de74815549330d538eb2dc4edc0fe,REFERENCE_GATE_PASS_PREREQUISITE,PASS
1.0,TASK3_QUEUE_LAYOUT_REPLAY_REFERENCE_SCALE_V1,REFERENCE_ASSUMPTION_SANDBOX_V1,LOCAL_WINDOW_HPP_BASE,27,ILLUSTRATIVE_NORMALIZED_SMALL_SCALE,POOLED_FCFS,410,1567.4009341000012,1558.5827522820011,3125.9836863820024,44.626983889,17,2,17,3,1,0.0,0.0,0.0,0.0,0.0,0.0,718ea48c034e21f446daa2d4aaf044a0497923955fd8009aeadde0c5a954b622,REFERENCE_GATE_PASS_PREREQUISITE,PASS
1.0,TASK3_QUEUE_LAYOUT_REPLAY_REFERENCE_SCALE_V1,REFERENCE_ASSUMPTION_SANDBOX_V1,LOCAL_WINDOW_HPP_BASE,27,ILLUSTRATIVE_NORMALIZED_SMALL_SCALE,SEPARATE_JSQ_NO_JOCKEYING,410,1577.3475154630014,1568.5293336450013,3145.8768491080027,50.356306475999645,19,3,20,4,1,115.21707332199921,376.45314117100304,491.6702144930023,0.07304482505757734,0.2400038896921287,0.15629035657654966,718ea48c034e21f446daa2d4aaf044a0497923955fd8009aeadde0c5a954b622,REFERENCE_GATE_PASS_PREREQUISITE,PASS
1.0,TASK3_QUEUE_LAYOUT_REPLAY_REFERENCE_SCALE_V1,REFERENCE_ASSUMPTION_SANDBOX_V1,LOCAL_WINDOW_HPP_BASE,28,ILLUSTRATIVE_NORMALIZED_SMALL_SCALE,POOLED_FCFS,392,1557.936148695001,1549.1179668770012,3107.054115572002,42.17131566300054,14,2,14,3,1,0.0,0.0,0.0,0.0,0.0,0.0,7b7295c4caf47d8dec0a78c4bcdda73640ae9c7921c35f946ae3ffdd0a6b4231,REFERENCE_GATE_PASS_PREREQUISITE,PASS
1.0,TASK3_QUEUE_LAYOUT_REPLAY_REFERENCE_SCALE_V1,REFERENCE_ASSUMPTION_SANDBOX_V1,LOCAL_WINDOW_HPP_BASE,28,ILLUSTRATIVE_NORMALIZED_SMALL_SCALE,SEPARATE_JSQ_NO_JOCKEYING,392,1573.3756746450013,1564.5574928270014,3137.9331674720024,47.45164093400081,15,3,15,3,1,155.64375742700062,324.1623530869991,479.80611051399967,0.09892345479544695,0.20719107771569942,0.15290514007363118,7b7295c4caf47d8dec0a78c4bcdda73640ae9c7921c35f946ae3ffdd0a6b4231,REFERENCE_GATE_PASS_PREREQUISITE,PASS
1.0,TASK3_QUEUE_LAYOUT_REPLAY_REFERENCE_SCALE_V1,REFERENCE_ASSUMPTION_SANDBOX_V1,LOCAL_WINDOW_HPP_BASE,29,ILLUSTRATIVE_NORMALIZED_SMALL_SCALE,POOLED_FCFS,424,1581.3670509600017,1572.5488691420016,3153.9159201020034,76.02717192000068,25,2,25,5,1,0.0,0.0,0.0,0.0,0.0,0.0,3964f4681fbd2cb3a3f14bc88c96212b75d1208ee2c08ae0906ce827ecf6745d,REFERENCE_GATE_PASS_PREREQUISITE,PASS
1.0,TASK3_QUEUE_LAYOUT_REPLAY_REFERENCE_SCALE_V1,REFERENCE_ASSUMPTION_SANDBOX_V1,LOCAL_WINDOW_HPP_BASE,29,ILLUSTRATIVE_NORMALIZED_SMALL_SCALE,SEPARATE_JSQ_NO_JOCKEYING,424,1596.8310188580017,1588.0128370400016,3184.8438558980033,84.19024436300083,26,3,27,5,1,69.18278079300168,362.78600586800417,431.9687866610059,0.043325048158495076,0.2284528168829064,0.13563264204021938,3964f4681fbd2cb3a3f14bc88c96212b75d1208ee2c08ae0906ce827ecf6745d,REFERENCE_GATE_PASS_PREREQUISITE,PASS
1.0,TASK3_QUEUE_LAYOUT_REPLAY_REFERENCE_SCALE_V1,REFERENCE_ASSUMPTION_SANDBOX_V1,LOCAL_WINDOW_HPP_BASE,30,ILLUSTRATIVE_NORMALIZED_SMALL_SCALE,POOLED_FCFS,408,1584.7991036440023,1575.9809218260023,3160.7800254700046,55.89595172600184,19,2,19,4,1,0.0,0.0,0.0,0.0,0.0,0.0,7207cef88e8a99e1274dd6d7948959564b97d43659936bcfac0d968a9f9b8ff7,REFERENCE_GATE_PASS_PREREQUISITE,PASS
1.0,TASK3_QUEUE_LAYOUT_REPLAY_REFERENCE_SCALE_V1,REFERENCE_ASSUMPTION_SANDBOX_V1,LOCAL_WINDOW_HPP_BASE,30,ILLUSTRATIVE_NORMALIZED_SMALL_SCALE,SEPARATE_JSQ_NO_JOCKEYING,408,1589.7950616130013,1580.9768797950012,3170.7719414080025,61.60007725400055,20,4,21,4,1,94.11638955499846,290.6037445190034,384.72013407400186,0.05920032828602968,0.18381277312333927,0.12133327189188016,7207cef88e8a99e1274dd6d7948959564b97d43659936bcfac0d968a9f9b8ff7,REFERENCE_GATE_PASS_PREREQUISITE,PASS
1.0,TASK3_QUEUE_LAYOUT_REPLAY_REFERENCE_SCALE_V1,REFERENCE_ASSUMPTION_SANDBOX_V1,LOCAL_WINDOW_HPP_BASE,31,ILLUSTRATIVE_NORMALIZED_SMALL_SCALE,POOLED_FCFS,425,1580.564943490001,1571.7467616720012,3152.311705162002,78.77219534700089,25,2,25,5,1,0.0,0.0,0.0,0.0,0.0,0.0,b9975314dba5c10b497bd82d3d7c977951cf50efaf6ff59a44bf8e8186a8bd9c,REFERENCE_GATE_PASS_PREREQUISITE,PASS
1.0,TASK3_QUEUE_LAYOUT_REPLAY_REFERENCE_SCALE_V1,REFERENCE_ASSUMPTION_SANDBOX_V1,LOCAL_WINDOW_HPP_BASE,31,ILLUSTRATIVE_NORMALIZED_SMALL_SCALE,SEPARATE_JSQ_NO_JOCKEYING,425,1586.121500236001,1577.3033184180013,3163.4248186540026,85.9326924860004,26,3,27,5,1,68.62832814700013,415.25549220000346,483.8838203470036,0.0432680145479327,0.26326926936062944,0.15296201050635055,b9975314dba5c10b497bd82d3d7c977951cf50efaf6ff59a44bf8e8186a8bd9c,REFERENCE_GATE_PASS_PREREQUISITE,PASS
1.0,TASK3_QUEUE_LAYOUT_REPLAY_REFERENCE_SCALE_V1,REFERENCE_ASSUMPTION_SANDBOX_V1,LOCAL_WINDOW_HPP_BASE,32,ILLUSTRATIVE_NORMALIZED_SMALL_SCALE,POOLED_FCFS,395,1559.8597563150017,1551.0415744970016,3110.9013308120034,39.96505372100091,14,2,14,3,1,0.0,0.0,0.0,0.0,0.0,0.0,84185b92a05006e9ab76056d4445a8bed1fd62caafeb062a2e5e728eb15760dc,REFERENCE_GATE_PASS_PREREQUISITE,PASS
1.0,TASK3_QUEUE_LAYOUT_REPLAY_REFERENCE_SCALE_V1,REFERENCE_ASSUMPTION_SANDBOX_V1,LOCAL_WINDOW_HPP_BASE,32,ILLUSTRATIVE_NORMALIZED_SMALL_SCALE,SEPARATE_JSQ_NO_JOCKEYING,395,1573.3540895500016,1564.5359077320015,3137.889997282003,45.55155713300064,14,4,16,3,1,171.0328786070014,355.5315523270025,526.5644309340039,0.10870590399388029,0.22724409875794527,0.16780844178416282,84185b92a05006e9ab76056d4445a8bed1fd62caafeb062a2e5e728eb15760dc,REFERENCE_GATE_PASS_PREREQUISITE,PASS
1.0,TASK3_QUEUE_LAYOUT_REPLAY_REFERENCE_SCALE_V1,REFERENCE_ASSUMPTION_SANDBOX_V1,LOCAL_WINDOW_HPP_BASE,33,ILLUSTRATIVE_NORMALIZED_SMALL_SCALE,POOLED_FCFS,428,1571.2256044810013,1562.4074226630012,3133.6330271440024,83.62977293999961,25,2,26,5,1,0.0,0.0,0.0,0.0,0.0,0.0,ed33afcd7ba5cb0cf6347cec4a77978c20bf6cbae49b7fb566dcddcaa71febb8,REFERENCE_GATE_PASS_PREREQUISITE,PASS
1.0,TASK3_QUEUE_LAYOUT_REPLAY_REFERENCE_SCALE_V1,REFERENCE_ASSUMPTION_SANDBOX_V1,LOCAL_WINDOW_HPP_BASE,33,ILLUSTRATIVE_NORMALIZED_SMALL_SCALE,SEPARATE_JSQ_NO_JOCKEYING,428,1573.469013641001,1564.650831823001,3138.119845464002,86.52303518500048,25,2,27,5,1,13.08233533300001,414.13683623700194,427.21917157000195,0.00831432663724819,0.26468323015844,0.13613857743117308,ed33afcd7ba5cb0cf6347cec4a77978c20bf6cbae49b7fb566dcddcaa71febb8,REFERENCE_GATE_PASS_PREREQUISITE,PASS
1.0,TASK3_QUEUE_LAYOUT_REPLAY_REFERENCE_SCALE_V1,REFERENCE_ASSUMPTION_SANDBOX_V1,LOCAL_WINDOW_HPP_BASE,34,ILLUSTRATIVE_NORMALIZED_SMALL_SCALE,POOLED_FCFS,426,1586.425027253002,1578.5509611720022,3164.9759884250043,66.87552565700184,21,1,22,4,1,0.0,0.0,0.0,0.0,0.0,0.0,6733c3b7c8e00c3656736c68af6e8ee74f428ab235bc272b9fda6cf7969d5300,REFERENCE_GATE_PASS_PREREQUISITE,PASS
1.0,TASK3_QUEUE_LAYOUT_REPLAY_REFERENCE_SCALE_V1,REFERENCE_ASSUMPTION_SANDBOX_V1,LOCAL_WINDOW_HPP_BASE,34,ILLUSTRATIVE_NORMALIZED_SMALL_SCALE,SEPARATE_JSQ_NO_JOCKEYING,426,1596.1873248080021,1587.620968732002,3183.8082935400043,66.78890896200187,23,3,24,4,1,115.14289467600392,337.06108274400333,452.2039774200073,0.07213620411993556,0.21230576402200496,0.1420324139294241,6733c3b7c8e00c3656736c68af6e8ee74f428ab235bc272b9fda6cf7969d5300,REFERENCE_GATE_PASS_PREREQUISITE,PASS
1.0,TASK3_QUEUE_LAYOUT_REPLAY_REFERENCE_SCALE_V1,REFERENCE_ASSUMPTION_SANDBOX_V1,LOCAL_WINDOW_HPP_BASE,35,ILLUSTRATIVE_NORMALIZED_SMALL_SCALE,POOLED_FCFS,451,1658.1818181680017,1649.3636363500016,3307.545454518003,106.91996215500103,39,2,39,7,1,0.0,0.0,0.0,0.0,0.0,0.0,860125102bcfb28b9807e8b10de21b3bbc1a25c475d93b726976f0a192d5cf37,REFERENCE_GATE_PASS_PREREQUISITE,PASS
1.0,TASK3_QUEUE_LAYOUT_REPLAY_REFERENCE_SCALE_V1,REFERENCE_ASSUMPTION_SANDBOX_V1,LOCAL_WINDOW_HPP_BASE,35,ILLUSTRATIVE_NORMALIZED_SMALL_SCALE,SEPARATE_JSQ_NO_JOCKEYING,451,1662.4159621570022,1653.5977803390022,3316.0137424960044,110.45338113500179,39,4,40,7,1,14.749757691000731,372.0290720930026,386.77882978400334,0.008872483197203403,0.22498159861869996,0.11663969447028592,860125102bcfb28b9807e8b10de21b3bbc1a25c475d93b726976f0a192d5cf37,REFERENCE_GATE_PASS_PREREQUISITE,PASS
1.0,TASK3_QUEUE_LAYOUT_REPLAY_REFERENCE_SCALE_V1,REFERENCE_ASSUMPTION_SANDBOX_V1,LOCAL_WINDOW_HPP_BASE,36,ILLUSTRATIVE_NORMALIZED_SMALL_SCALE,POOLED_FCFS,414,1536.6168572550018,1527.7986754370017,3064.4155326920036,38.45406682900034,13,2,13,3,1,0.0,0.0,0.0,0.0,0.0,0.0,03ab1422dac6ec91d27b8b401d64d0723404f1608f7bbb001df72fedabd58943,REFERENCE_GATE_PASS_PREREQUISITE,PASS
1.0,TASK3_QUEUE_LAYOUT_REPLAY_REFERENCE_SCALE_V1,REFERENCE_ASSUMPTION_SANDBOX_V1,LOCAL_WINDOW_HPP_BASE,36,ILLUSTRATIVE_NORMALIZED_SMALL_SCALE,SEPARATE_JSQ_NO_JOCKEYING,414,1548.559973821002,1539.7417920030018,3088.3017658240037,49.947784236000416,15,3,16,3,1,110.83081273100285,442.29691298200504,553.1277257130079,0.07157024242175963,0.28725395081121674,0.1791041704000792,03ab1422dac6ec91d27b8b401d64d0723404f1608f7bbb001df72fedabd58943,REFERENCE_GATE_PASS_PREREQUISITE,PASS
1.0,TASK3_QUEUE_LAYOUT_REPLAY_REFERENCE_SCALE_V1,REFERENCE_ASSUMPTION_SANDBOX_V1,LOCAL_WINDOW_HPP_BASE,37,ILLUSTRATIVE_NORMALIZED_SMALL_SCALE,POOLED_FCFS,408,1548.3482903250017,1539.5301085070016,3087.8783988320033,61.934270063999634,21,2,21,4,1,0.0,0.0,0.0,0.0,0.0,0.0,82b23f6483de79ae09e34a3f359466bef90c82fa28881b8c5183730a148a5f96,REFERENCE_GATE_PASS_PREREQUISITE,PASS
1.0,TASK3_QUEUE_LAYOUT_REPLAY_REFERENCE_SCALE_V1,REFERENCE_ASSUMPTION_SANDBOX_V1,LOCAL_WINDOW_HPP_BASE,37,ILLUSTRATIVE_NORMALIZED_SMALL_SCALE,SEPARATE_JSQ_NO_JOCKEYING,408,1555.5105393770011,1546.692357559001,3102.202896936002,70.01360270199967,22,3,23,4,1,106.0442908379983,406.2983462090033,512.3426370470016,0.06817330268972024,0.2626885328703801,0.16515445767684458,82b23f6483de79ae09e34a3f359466bef90c82fa28881b8c5183730a148a5f96,REFERENCE_GATE_PASS_PREREQUISITE,PASS
1.0,TASK3_QUEUE_LAYOUT_REPLAY_REFERENCE_SCALE_V1,REFERENCE_ASSUMPTION_SANDBOX_V1,LOCAL_WINDOW_HPP_BASE,38,ILLUSTRATIVE_NORMALIZED_SMALL_SCALE,POOLED_FCFS,406,1527.8883411800014,1519.0701593620015,3046.958500542003,47.00700317400015,15,2,15,3,1,0.0,0.0,0.0,0.0,0.0,0.0,0d3af411528f2827b01f879b3ccc191d4cba13546abf498f2a2871dede415b41,REFERENCE_GATE_PASS_PREREQUISITE,PASS
1.0,TASK3_QUEUE_LAYOUT_REPLAY_REFERENCE_SCALE_V1,REFERENCE_ASSUMPTION_SANDBOX_V1,LOCAL_WINDOW_HPP_BASE,38,ILLUSTRATIVE_NORMALIZED_SMALL_SCALE,SEPARATE_JSQ_NO_JOCKEYING,406,1528.9489622900014,1528.5069579780018,3057.455920268003,57.9779068090013,16,3,17,3,1,100.90484089500275,336.1153804570006,437.0202213520033,0.06599621268186175,0.2198978412905844,0.14293590251129315,0d3af411528f2827b01f879b3ccc191d4cba13546abf498f2a2871dede415b41,REFERENCE_GATE_PASS_PREREQUISITE,PASS
1.0,TASK3_QUEUE_LAYOUT_REPLAY_REFERENCE_SCALE_V1,REFERENCE_ASSUMPTION_SANDBOX_V1,LOCAL_WINDOW_HPP_BASE,39,ILLUSTRATIVE_NORMALIZED_SMALL_SCALE,POOLED_FCFS,388,1584.3573457280008,1575.539163910001,3159.8965096380016,52.81348767100076,20,2,20,4,1,0.0,0.0,0.0,0.0,0.0,0.0,b87867b984063960c6bd627457cd21ce0087e5aa8aea9d22b6b62885981484f5,REFERENCE_GATE_PASS_PREREQUISITE,PASS
1.0,TASK3_QUEUE_LAYOUT_REPLAY_REFERENCE_SCALE_V1,REFERENCE_ASSUMPTION_SANDBOX_V1,LOCAL_WINDOW_HPP_BASE,39,ILLUSTRATIVE_NORMALIZED_SMALL_SCALE,SEPARATE_JSQ_NO_JOCKEYING,388,1591.179328441001,1582.361146623001,3173.540475064002,59.2042398709998,20,3,20,4,1,170.12452441200026,302.94650169400194,473.0710261060022,0.10691725399593027,0.19145218671510975,0.1490672735461052,b87867b984063960c6bd627457cd21ce0087e5aa8aea9d22b6b62885981484f5,REFERENCE_GATE_PASS_PREREQUISITE,PASS
1.0,TASK3_QUEUE_LAYOUT_REPLAY_REFERENCE_SCALE_V1,REFERENCE_ASSUMPTION_SANDBOX_V1,LOCAL_WINDOW_HPP_BASE,40,ILLUSTRATIVE_NORMALIZED_SMALL_SCALE,POOLED_FCFS,399,1565.3992804570019,1556.5810986390018,3121.9803790960036,43.58162578100087,16,2,16,3,1,0.0,0.0,0.0,0.0,0.0,0.0,a810c3cea8f74064915a8b682a606019e0a2431432d6e11ed79c5708270cd104,REFERENCE_GATE_PASS_PREREQUISITE,PASS
1.0,TASK3_QUEUE_LAYOUT_REPLAY_REFERENCE_SCALE_V1,REFERENCE_ASSUMPTION_SANDBOX_V1,LOCAL_WINDOW_HPP_BASE,40,ILLUSTRATIVE_NORMALIZED_SMALL_SCALE,SEPARATE_JSQ_NO_JOCKEYING,399,1576.6793383240017,1567.8611565060016,3144.5404948300034,49.74566456100115,17,3,18,3,1,252.33998413700078,275.79563705299654,528.1356211899973,0.16004521528469848,0.17590565077051248,0.1679531944518809,a810c3cea8f74064915a8b682a606019e0a2431432d6e11ed79c5708270cd104,REFERENCE_GATE_PASS_PREREQUISITE,PASS
1.0,TASK3_QUEUE_LAYOUT_REPLAY_REFERENCE_SCALE_V1,REFERENCE_ASSUMPTION_SANDBOX_V1,LOCAL_WINDOW_HPP_BASE,41,ILLUSTRATIVE_NORMALIZED_SMALL_SCALE,POOLED_FCFS,416,1529.7921972750012,1520.974015457001,3050.7662127320023,74.63258277199981,23,2,23,4,1,0.0,0.0,0.0,0.0,0.0,0.0,135ec6f67275f3f921d2a3c25e655a18cab6d8d6eafb03bc5e8ebc0d4aeb79f5,REFERENCE_GATE_PASS_PREREQUISITE,PASS
1.0,TASK3_QUEUE_LAYOUT_REPLAY_REFERENCE_SCALE_V1,REFERENCE_ASSUMPTION_SANDBOX_V1,LOCAL_WINDOW_HPP_BASE,41,ILLUSTRATIVE_NORMALIZED_SMALL_SCALE,SEPARATE_JSQ_NO_JOCKEYING,416,1537.736227220001,1528.9180454020009,3066.654272622002,80.44956027499984,23,3,24,4,1,12.259142848000764,386.8460535539871,399.1051964019878,0.007972201363925383,0.2530194831026885,0.13014352480651536,135ec6f67275f3f921d2a3c25e655a18cab6d8d6eafb03bc5e8ebc0d4aeb79f5,REFERENCE_GATE_PASS_PREREQUISITE,PASS
1.0,TASK3_QUEUE_LAYOUT_REPLAY_REFERENCE_SCALE_V1,REFERENCE_ASSUMPTION_SANDBOX_V1,LOCAL_WINDOW_HPP_BASE,42,ILLUSTRATIVE_NORMALIZED_SMALL_SCALE,POOLED_FCFS,403,1581.238565854002,1572.420384036002,3153.658949890004,88.40496293900128,29,2,29,5,1,0.0,0.0,0.0,0.0,0.0,0.0,a12c49ee6a51fb7c2c2975ef329a1995208ad7d28f9fa9d441e2b46e0f2a5ee0,REFERENCE_GATE_PASS_PREREQUISITE,PASS
1.0,TASK3_QUEUE_LAYOUT_REPLAY_REFERENCE_SCALE_V1,REFERENCE_ASSUMPTION_SANDBOX_V1,LOCAL_WINDOW_HPP_BASE,42,ILLUSTRATIVE_NORMALIZED_SMALL_SCALE,SEPARATE_JSQ_NO_JOCKEYING,403,1585.755478294002,1576.9372964760018,3162.692774770004,90.35945991200106,29,3,30,5,1,177.90961835600106,396.8236926810014,574.7333110370024,0.11219234036473327,0.2516420237937091,0.18172277611719587,a12c49ee6a51fb7c2c2975ef329a1995208ad7d28f9fa9d441e2b46e0f2a5ee0,REFERENCE_GATE_PASS_PREREQUISITE,PASS
1.0,TASK3_QUEUE_LAYOUT_REPLAY_REFERENCE_SCALE_V1,REFERENCE_ASSUMPTION_SANDBOX_V1,LOCAL_WINDOW_HPP_BASE,43,ILLUSTRATIVE_NORMALIZED_SMALL_SCALE,POOLED_FCFS,407,1544.0873965240012,1535.3275717730012,3079.4149682970024,52.18471785999981,20,2,20,4,1,0.0,0.0,0.0,0.0,0.0,0.0,aa5b54a58321b688592bd5ae1785bbdc8fe0caa277570f7bffccd09e9efb4174,REFERENCE_GATE_PASS_PREREQUISITE,PASS
1.0,TASK3_QUEUE_LAYOUT_REPLAY_REFERENCE_SCALE_V1,REFERENCE_ASSUMPTION_SANDBOX_V1,LOCAL_WINDOW_HPP_BASE,43,ILLUSTRATIVE_NORMALIZED_SMALL_SCALE,SEPARATE_JSQ_NO_JOCKEYING,407,1555.3369835360008,1546.518801718001,3101.8557852540016,64.01446543099962,20,4,21,4,1,79.01578154399984,382.1679620720044,461.1837436160042,0.05080299792290697,0.2471149795576107,0.14867994373189058,aa5b54a58321b688592bd5ae1785bbdc8fe0caa277570f7bffccd09e9efb4174,REFERENCE_GATE_PASS_PREREQUISITE,PASS
1.0,TASK3_QUEUE_LAYOUT_REPLAY_REFERENCE_SCALE_V1,REFERENCE_ASSUMPTION_SANDBOX_V1,LOCAL_WINDOW_HPP_BASE,44,ILLUSTRATIVE_NORMALIZED_SMALL_SCALE,POOLED_FCFS,366,1518.1536447280005,1509.3354629100004,3027.489107638001,18.919634714999802,7,2,7,2,1,0.0,0.0,0.0,0.0,0.0,0.0,998c0328fea79896a988ecc1d9f9ec6d83fde1f99eacf2ea363ff24df926b436,REFERENCE_GATE_PASS_PREREQUISITE,PASS
1.0,TASK3_QUEUE_LAYOUT_REPLAY_REFERENCE_SCALE_V1,REFERENCE_ASSUMPTION_SANDBOX_V1,LOCAL_WINDOW_HPP_BASE,44,ILLUSTRATIVE_NORMALIZED_SMALL_SCALE,SEPARATE_JSQ_NO_JOCKEYING,366,1521.5678052580004,1512.7496234400005,3034.317428698001,25.683614620999833,7,3,8,2,1,256.914227852998,265.16441175900167,522.0786396119997,0.1688483595441447,0.17528638424382245,0.17205801696100698,998c0328fea79896a988ecc1d9f9ec6d83fde1f99eacf2ea363ff24df926b436,REFERENCE_GATE_PASS_PREREQUISITE,PASS
1.0,TASK3_QUEUE_LAYOUT_REPLAY_REFERENCE_SCALE_V1,REFERENCE_ASSUMPTION_SANDBOX_V1,LOCAL_WINDOW_HPP_BASE,45,ILLUSTRATIVE_NORMALIZED_SMALL_SCALE,POOLED_FCFS,399,1526.6203228990012,1521.8403068210011,3048.4606297200025,29.89891964999981,13,2,13,3,1,0.0,0.0,0.0,0.0,0.0,0.0,0244e9c44c837ea22aed8822b2f85d4670ccf3c42dbf8a3a58012c9bed1fc22e,REFERENCE_GATE_PASS_PREREQUISITE,PASS
1.0,TASK3_QUEUE_LAYOUT_REPLAY_REFERENCE_SCALE_V1,REFERENCE_ASSUMPTION_SANDBOX_V1,LOCAL_WINDOW_HPP_BASE,45,ILLUSTRATIVE_NORMALIZED_SMALL_SCALE,SEPARATE_JSQ_NO_JOCKEYING,399,1541.9554313730014,1533.1372495550013,3075.0926809280027,41.09423123899967,14,4,15,3,1,168.81470590599736,268.4987224600005,437.3134283659979,0.10948092433234591,0.17513025825830875,0.14221146278883057,0244e9c44c837ea22aed8822b2f85d4670ccf3c42dbf8a3a58012c9bed1fc22e,REFERENCE_GATE_PASS_PREREQUISITE,PASS
1.0,TASK3_QUEUE_LAYOUT_REPLAY_REFERENCE_SCALE_V1,REFERENCE_ASSUMPTION_SANDBOX_V1,LOCAL_WINDOW_HPP_BASE,46,ILLUSTRATIVE_NORMALIZED_SMALL_SCALE,POOLED_FCFS,452,1671.0909058110017,1667.6552878700015,3338.746193681003,164.8650318590012,48,2,48,8,1,0.0,0.0,0.0,0.0,0.0,0.0,8e573e90a0bf4751981478b681c823d231e2ada6aad6fb5b932ad1bdb3c28288,REFERENCE_GATE_PASS_PREREQUISITE,PASS
1.0,TASK3_QUEUE_LAYOUT_REPLAY_REFERENCE_SCALE_V1,REFERENCE_ASSUMPTION_SANDBOX_V1,LOCAL_WINDOW_HPP_BASE,46,ILLUSTRATIVE_NORMALIZED_SMALL_SCALE,SEPARATE_JSQ_NO_JOCKEYING,452,1686.1618890860018,1677.3437072680017,3363.5055963540035,170.78964265100126,49,3,50,9,1,85.39455359900072,337.70638356400275,423.10093716300344,0.050644338572549255,0.20133403911238146,0.1257916554744667,8e573e90a0bf4751981478b681c823d231e2ada6aad6fb5b932ad1bdb3c28288,REFERENCE_GATE_PASS_PREREQUISITE,PASS
1.0,TASK3_QUEUE_LAYOUT_REPLAY_REFERENCE_SCALE_V1,REFERENCE_ASSUMPTION_SANDBOX_V1,LOCAL_WINDOW_HPP_BASE,47,ILLUSTRATIVE_NORMALIZED_SMALL_SCALE,POOLED_FCFS,385,1518.594709981,1509.7765281630002,3028.371238144,26.99640187299974,11,2,11,2,1,0.0,0.0,0.0,0.0,0.0,0.0,b8ee8a81c0f21b8bf20e0aa6ac0cc23912b9e1b6e7004f6a1d2bdc6a2c057e1e,REFERENCE_GATE_PASS_PREREQUISITE,PASS
1.0,TASK3_QUEUE_LAYOUT_REPLAY_REFERENCE_SCALE_V1,REFERENCE_ASSUMPTION_SANDBOX_V1,LOCAL_WINDOW_HPP_BASE,47,ILLUSTRATIVE_NORMALIZED_SMALL_SCALE,SEPARATE_JSQ_NO_JOCKEYING,385,1518.594709981,1509.7765281630002,3028.371238144,35.93590199799985,11,3,12,2,1,122.71162499999792,359.12183440899855,481.8334594089965,0.0808060400799982,0.2378642320303887,0.15910647061365504,b8ee8a81c0f21b8bf20e0aa6ac0cc23912b9e1b6e7004f6a1d2bdc6a2c057e1e,REFERENCE_GATE_PASS_PREREQUISITE,PASS
1.0,TASK3_QUEUE_LAYOUT_REPLAY_REFERENCE_SCALE_V1,REFERENCE_ASSUMPTION_SANDBOX_V1,LOCAL_WINDOW_HPP_BASE,48,ILLUSTRATIVE_NORMALIZED_SMALL_SCALE,POOLED_FCFS,416,1555.8634714710015,1547.0452896530016,3102.908761124003,81.19651663499974,25,3,26,5,1,0.0,0.0,0.0,0.0,0.0,0.0,9806135f1d83ccb522ec601b6bb6dc02dbb5909c11f5f4068f0709742f26a057,REFERENCE_GATE_PASS_PREREQUISITE,PASS
1.0,TASK3_QUEUE_LAYOUT_REPLAY_REFERENCE_SCALE_V1,REFERENCE_ASSUMPTION_SANDBOX_V1,LOCAL_WINDOW_HPP_BASE,48,ILLUSTRATIVE_NORMALIZED_SMALL_SCALE,SEPARATE_JSQ_NO_JOCKEYING,416,1555.8634714710015,1555.3316715500018,3111.1951430210033,86.81269552599952,25,3,27,5,1,84.03116508700218,337.8684481810001,421.89961326800227,0.05400934376816133,0.21723241052777473,0.1356069272010798,9806135f1d83ccb522ec601b6bb6dc02dbb5909c11f5f4068f0709742f26a057,REFERENCE_GATE_PASS_PREREQUISITE,PASS
1.0,TASK3_QUEUE_LAYOUT_REPLAY_REFERENCE_SCALE_V1,REFERENCE_ASSUMPTION_SANDBOX_V1,LOCAL_WINDOW_HPP_BASE,49,ILLUSTRATIVE_NORMALIZED_SMALL_SCALE,POOLED_FCFS,423,1575.8135969770012,1566.9954151590011,3142.8090121360024,77.48743997699933,25,2,25,5,1,0.0,0.0,0.0,0.0,0.0,0.0,dca4fd537780292ce500fa63e6f8ba5ca50c9e2a0295d86f99cf149a44816035,REFERENCE_GATE_PASS_PREREQUISITE,PASS
1.0,TASK3_QUEUE_LAYOUT_REPLAY_REFERENCE_SCALE_V1,REFERENCE_ASSUMPTION_SANDBOX_V1,LOCAL_WINDOW_HPP_BASE,49,ILLUSTRATIVE_NORMALIZED_SMALL_SCALE,SEPARATE_JSQ_NO_JOCKEYING,423,1582.4098253370012,1586.552178020001,3168.9620033570022,89.27198944199938,27,4,27,5,1,37.38781039699998,163.87173466699886,201.25954506399884,0.0236271348915807,0.1032879579614639,0.06350961130199634,dca4fd537780292ce500fa63e6f8ba5ca50c9e2a0295d86f99cf149a44816035,REFERENCE_GATE_PASS_PREREQUISITE,PASS
1.0,TASK3_QUEUE_LAYOUT_REPLAY_REFERENCE_SCALE_V1,REFERENCE_ASSUMPTION_SANDBOX_V1,LOCAL_WINDOW_HPP_BASE,50,ILLUSTRATIVE_NORMALIZED_SMALL_SCALE,POOLED_FCFS,414,1574.2469024850013,1565.4287206670015,3139.675623152003,62.932064280000304,20,2,20,4,1,0.0,0.0,0.0,0.0,0.0,0.0,e7152dec21840594dab7630f7ef47c8d770a15528dca94a3ed54493bc61de847,REFERENCE_GATE_PASS_PREREQUISITE,PASS
1.0,TASK3_QUEUE_LAYOUT_REPLAY_REFERENCE_SCALE_V1,REFERENCE_ASSUMPTION_SANDBOX_V1,LOCAL_WINDOW_HPP_BASE,50,ILLUSTRATIVE_NORMALIZED_SMALL_SCALE,SEPARATE_JSQ_NO_JOCKEYING,414,1579.3513179330016,1579.0820925500018,3158.433410483003,67.47060313900033,21,3,22,4,1,98.07351803900154,417.9166796099971,515.9901976489987,0.06209734143721528,0.2646579817361609,0.1633690284355531,e7152dec21840594dab7630f7ef47c8d770a15528dca94a3ed54493bc61de847,REFERENCE_GATE_PASS_PREREQUISITE,PASS
