schema_version,config_id,config_sha256,model_version,scenario_id,input_sample_id,replication_id,arrival_cutoff_seconds,drain_end_seconds,arrivals,completed_at_cutoff,security_queue_at_cutoff,security_in_service_at_cutoff,immigration_queue_at_cutoff,immigration_in_service_at_cutoff,wip_at_cutoff,completed_after_drain,rejected_or_dropped_count,technology_count,additional_check_count,security_wait_mean_seconds,security_wait_p95_seconds,immigration_wait_mean_seconds,immigration_wait_p95_seconds,total_queue_wait_mean_seconds,total_queue_wait_p95_seconds,total_queue_wait_exceed_600_rate,total_queue_wait_exceed_900_rate,total_queue_wait_exceed_1200_rate,system_time_mean_seconds,system_time_p95_seconds,security_utilization,immigration_utilization,cutoff_backlog,cutoff_backlog_fraction,cohort_clear_time_after_cutoff_seconds,conservation_pass,run_status
1.0,OP_AUTO_HTX_TRIAL_U100_M60,5ff882ef5e872f1d06b67e27fb6fd91e3b65b3dcb563d1c03eb57a60d083376f,TASK3_OPERATIONAL_POOLED_V1,AUTO_HTX_TRIAL_U100_M60,LOCAL_WINDOW_HPP_BASE,1,300.000000000,328.638078568,398,354,0,31,0,13,44,398,0,398,0,0.074022477,0.742854588,0.000000000,0.000000000,0.074022477,0.742854588,0.000000000,0.000000000,0.000000000,29.692204295,30.361036406,0.733974962,0.449821798,44,0.110552764,28.638078568,true,COMPLETE
1.0,OP_AUTO_HTX_TRIAL_U100_M60,5ff882ef5e872f1d06b67e27fb6fd91e3b65b3dcb563d1c03eb57a60d083376f,TASK3_OPERATIONAL_POOLED_V1,AUTO_HTX_TRIAL_U100_M60,LOCAL_WINDOW_HPP_BASE,2,300.000000000,327.837020230,387,347,0,31,0,9,40,387,0,387,0,0.423021764,3.591276704,0.000000000,0.000000000,0.423021764,3.591276704,0.000000000,0.000000000,0.000000000,30.041203582,33.209458522,0.715433097,0.438458283,40,0.103359173,27.837020230,true,COMPLETE
1.0,OP_AUTO_HTX_TRIAL_U100_M60,5ff882ef5e872f1d06b67e27fb6fd91e3b65b3dcb563d1c03eb57a60d083376f,TASK3_OPERATIONAL_POOLED_V1,AUTO_HTX_TRIAL_U100_M60,LOCAL_WINDOW_HPP_BASE,3,300.000000000,329.360809978,425,379,0,30,0,16,46,425,0,425,0,0.373125612,2.512914281,0.000000000,0.000000000,0.373125612,2.512914281,0.000000000,0.000000000,0.000000000,29.991307430,32.131096099,0.782047377,0.479283321,46,0.108235294,29.360809978,true,COMPLETE
1.0,OP_AUTO_HTX_TRIAL_U100_M60,5ff882ef5e872f1d06b67e27fb6fd91e3b65b3dcb563d1c03eb57a60d083376f,TASK3_OPERATIONAL_POOLED_V1,AUTO_HTX_TRIAL_U100_M60,LOCAL_WINDOW_HPP_BASE,4,300.000000000,325.395075497,369,327,0,24,0,18,42,369,0,369,0,0.006216517,0.000000000,0.000000000,0.000000000,0.006216517,0.000000000,0.000000000,0.000000000,0.000000000,29.624398335,29.618181818,0.687276423,0.421202265,42,0.113821138,25.395075497,true,COMPLETE
1.0,OP_AUTO_HTX_TRIAL_U100_M60,5ff882ef5e872f1d06b67e27fb6fd91e3b65b3dcb563d1c03eb57a60d083376f,TASK3_OPERATIONAL_POOLED_V1,AUTO_HTX_TRIAL_U100_M60,LOCAL_WINDOW_HPP_BASE,5,300.000000000,331.977392971,424,373,2,36,0,13,51,424,0,424,0,0.403234726,2.578671904,0.000000000,0.000000000,0.403234726,2.578671904,0.000000000,0.000000000,0.000000000,30.021416544,32.196853722,0.774057820,0.474386864,51,0.120283019,31.977392971,true,COMPLETE
1.0,OP_AUTO_HTX_TRIAL_U100_M60,5ff882ef5e872f1d06b67e27fb6fd91e3b65b3dcb563d1c03eb57a60d083376f,TASK3_OPERATIONAL_POOLED_V1,AUTO_HTX_TRIAL_U100_M60,LOCAL_WINDOW_HPP_BASE,6,300.000000000,327.871388513,400,360,0,25,0,15,40,400,0,400,0,0.207348801,2.119386825,0.000000000,0.000000000,0.207348801,2.119386825,0.000000000,0.000000000,0.000000000,29.825530619,31.737568643,0.739388220,0.453139352,40,0.100000000,27.871388513,true,COMPLETE
1.0,OP_AUTO_HTX_TRIAL_U100_M60,5ff882ef5e872f1d06b67e27fb6fd91e3b65b3dcb563d1c03eb57a60d083376f,TASK3_OPERATIONAL_POOLED_V1,AUTO_HTX_TRIAL_U100_M60,LOCAL_WINDOW_HPP_BASE,7,300.000000000,328.243552397,433,391,0,28,0,14,42,433,0,433,0,1.540677860,6.590097835,0.000000000,0.000000000,1.540677860,6.590097835,0.000000000,0.000000000,0.000000000,31.158859678,36.208279653,0.799480266,0.489967191,42,0.096997691,28.243552397,true,COMPLETE
1.0,OP_AUTO_HTX_TRIAL_U100_M60,5ff882ef5e872f1d06b67e27fb6fd91e3b65b3dcb563d1c03eb57a60d083376f,TASK3_OPERATIONAL_POOLED_V1,AUTO_HTX_TRIAL_U100_M60,LOCAL_WINDOW_HPP_BASE,8,300.000000000,329.304305824,407,363,0,31,0,13,44,407,0,407,0,0.200890329,1.426793775,0.000000000,0.000000000,0.200890329,1.426793775,0.000000000,0.000000000,0.000000000,29.819072147,31.044975593,0.749053876,0.459063018,44,0.108108108,29.304305824,true,COMPLETE
1.0,OP_AUTO_HTX_TRIAL_U100_M60,5ff882ef5e872f1d06b67e27fb6fd91e3b65b3dcb563d1c03eb57a60d083376f,TASK3_OPERATIONAL_POOLED_V1,AUTO_HTX_TRIAL_U100_M60,LOCAL_WINDOW_HPP_BASE,9,300.000000000,329.082133864,406,364,0,32,0,10,42,406,0,406,0,1.129313845,6.728226305,0.001051989,0.000000000,1.130365835,6.728226305,0.000000000,0.000000000,0.000000000,30.748547653,36.346408123,0.747717912,0.458244263,42,0.103448276,29.082133864,true,COMPLETE
1.0,OP_AUTO_HTX_TRIAL_U100_M60,5ff882ef5e872f1d06b67e27fb6fd91e3b65b3dcb563d1c03eb57a60d083376f,TASK3_OPERATIONAL_POOLED_V1,AUTO_HTX_TRIAL_U100_M60,LOCAL_WINDOW_HPP_BASE,10,300.000000000,328.710551487,435,393,0,34,0,8,42,435,0,435,0,0.438477148,2.255861071,0.000000000,0.000000000,0.438477148,2.255861071,0.000000000,0.000000000,0.000000000,30.056658966,31.874042889,0.802031947,0.491531008,42,0.096551724,28.710551487,true,COMPLETE
1.0,OP_AUTO_HTX_TRIAL_U50_M60,45de50cf67e57f376bebbb9cf9c7ad27be92a165248a238089c015edec8a2549,TASK3_OPERATIONAL_POOLED_V1,AUTO_HTX_TRIAL_U50_M60,LOCAL_WINDOW_HPP_BASE,1,300.000000000,334.795766802,394,345,0,36,0,13,49,394,0,199,0,0.039442312,0.220065115,0.052979538,0.286125405,0.092421850,0.656684575,0.000000000,0.000000000,0.000000000,32.284207729,34.818181818,0.713234463,0.581335222,49,0.124365482,34.795766802,true,COMPLETE
1.0,OP_AUTO_HTX_TRIAL_U50_M60,45de50cf67e57f376bebbb9cf9c7ad27be92a165248a238089c015edec8a2549,TASK3_OPERATIONAL_POOLED_V1,AUTO_HTX_TRIAL_U50_M60,LOCAL_WINDOW_HPP_BASE,2,300.000000000,333.698584697,390,352,0,28,0,10,38,390,0,218,0,0.176532623,1.562033584,0.000000000,0.000000000,0.176532623,1.562033584,0.000000000,0.000000000,0.000000000,32.088047774,34.964452075,0.708314770,0.561727342,38,0.097435897,33.698584697,true,COMPLETE
1.0,OP_AUTO_HTX_TRIAL_U50_M60,45de50cf67e57f376bebbb9cf9c7ad27be92a165248a238089c015edec8a2549,TASK3_OPERATIONAL_POOLED_V1,AUTO_HTX_TRIAL_U50_M60,LOCAL_WINDOW_HPP_BASE,3,300.000000000,334.430042904,396,366,0,22,0,8,30,396,0,188,0,0.464584135,2.906512145,0.027834231,0.000000000,0.492418366,2.906512145,0.000000000,0.000000000,0.000000000,32.841913315,36.032932035,0.717638876,0.593817692,30,0.075757576,34.430042904,true,COMPLETE
1.0,OP_AUTO_HTX_TRIAL_U50_M60,45de50cf67e57f376bebbb9cf9c7ad27be92a165248a238089c015edec8a2549,TASK3_OPERATIONAL_POOLED_V1,AUTO_HTX_TRIAL_U50_M60,LOCAL_WINDOW_HPP_BASE,4,300.000000000,334.562978255,420,384,0,31,0,5,36,420,0,197,0,1.232088004,5.911963188,0.073950930,0.467757186,1.306038934,6.015547296,0.000000000,0.000000000,0.000000000,33.685173133,40.027758749,0.760829712,0.631328214,36,0.085714286,34.562978255,true,COMPLETE
1.0,OP_AUTO_HTX_TRIAL_U50_M60,45de50cf67e57f376bebbb9cf9c7ad27be92a165248a238089c015edec8a2549,TASK3_OPERATIONAL_POOLED_V1,AUTO_HTX_TRIAL_U50_M60,LOCAL_WINDOW_HPP_BASE,5,300.000000000,333.646912385,413,364,0,30,0,19,49,413,0,208,0,0.118819333,1.000965731,0.003421137,0.000000000,0.122240471,1.005827956,0.000000000,0.000000000,0.000000000,32.321536090,34.818181818,0.750203347,0.611910068,49,0.118644068,33.646912385,true,COMPLETE
1.0,OP_AUTO_HTX_TRIAL_U50_M60,45de50cf67e57f376bebbb9cf9c7ad27be92a165248a238089c015edec8a2549,TASK3_OPERATIONAL_POOLED_V1,AUTO_HTX_TRIAL_U50_M60,LOCAL_WINDOW_HPP_BASE,6,300.000000000,333.313928679,404,354,0,31,0,19,50,404,0,193,0,0.104755892,0.382346318,0.001555784,0.000000000,0.106311676,0.406733412,0.000000000,0.000000000,0.000000000,32.440335079,34.818181818,0.734588218,0.606949619,50,0.123762376,33.313928679,true,COMPLETE
1.0,OP_AUTO_HTX_TRIAL_U50_M60,45de50cf67e57f376bebbb9cf9c7ad27be92a165248a238089c015edec8a2549,TASK3_OPERATIONAL_POOLED_V1,AUTO_HTX_TRIAL_U50_M60,LOCAL_WINDOW_HPP_BASE,7,300.000000000,331.307352707,431,389,0,26,0,16,42,431,0,220,0,0.372346295,2.268958479,0.024751278,0.000000000,0.397097573,2.364125638,0.000000000,0.000000000,0.000000000,32.560987047,36.247246636,0.788428386,0.640895325,42,0.097447796,31.307352707,true,COMPLETE
1.0,OP_AUTO_HTX_TRIAL_U50_M60,45de50cf67e57f376bebbb9cf9c7ad27be92a165248a238089c015edec8a2549,TASK3_OPERATIONAL_POOLED_V1,AUTO_HTX_TRIAL_U50_M60,LOCAL_WINDOW_HPP_BASE,8,300.000000000,330.941085990,430,382,0,31,0,17,48,430,0,207,0,0.439241628,3.530804936,0.049452985,0.000000000,0.488694612,3.530804936,0.000000000,0.000000000,0.000000000,32.803620616,37.571731587,0.787469648,0.649461014,48,0.111627907,30.941085990,true,COMPLETE
1.0,OP_AUTO_HTX_TRIAL_U50_M60,45de50cf67e57f376bebbb9cf9c7ad27be92a165248a238089c015edec8a2549,TASK3_OPERATIONAL_POOLED_V1,AUTO_HTX_TRIAL_U50_M60,LOCAL_WINDOW_HPP_BASE,9,300.000000000,336.281195833,380,328,4,36,0,12,52,380,0,187,0,0.273518825,2.699888198,0.024399357,0.000000000,0.297918182,2.699888198,0.000000000,0.000000000,0.000000000,32.557152632,36.063024190,0.684852538,0.561831395,52,0.136842105,36.281195833,true,COMPLETE
1.0,OP_AUTO_HTX_TRIAL_U50_M60,45de50cf67e57f376bebbb9cf9c7ad27be92a165248a238089c015edec8a2549,TASK3_OPERATIONAL_POOLED_V1,AUTO_HTX_TRIAL_U50_M60,LOCAL_WINDOW_HPP_BASE,10,300.000000000,329.448666544,401,359,0,28,0,14,42,401,0,209,0,0.004119465,0.000000000,0.015679049,0.000000000,0.019798514,0.000000000,0.000000000,0.000000000,0.000000000,32.127755893,34.818181818,0.737687924,0.596407678,42,0.104738155,29.448666544,true,COMPLETE
1.0,OP_AUTO_ICA_ROLLOUT_U100_M40,0a870280a38567d7537d91950591688601802dd3037092b8a2ac7a999aacc8b7,TASK3_OPERATIONAL_POOLED_V1,AUTO_ICA_ROLLOUT_U100_M40,LOCAL_WINDOW_HPP_BASE,1,300.000000000,326.182664179,403,366,0,31,0,6,37,403,0,403,0,0.626170108,4.571947351,0.000000000,0.000000000,0.626170108,4.571947351,0.000000000,0.000000000,0.000000000,27.644351926,31.590129169,0.748790328,0.305934334,37,0.091811414,26.182664179,true,COMPLETE
1.0,OP_AUTO_ICA_ROLLOUT_U100_M40,0a870280a38567d7537d91950591688601802dd3037092b8a2ac7a999aacc8b7,TASK3_OPERATIONAL_POOLED_V1,AUTO_ICA_ROLLOUT_U100_M40,LOCAL_WINDOW_HPP_BASE,2,300.000000000,325.820211135,427,381,0,36,0,10,46,427,0,427,0,0.249727635,1.856238658,0.000000000,0.000000000,0.249727635,1.856238658,0.000000000,0.000000000,0.000000000,27.267909453,28.874420476,0.794265886,0.324514348,46,0.107728337,25.820211135,true,COMPLETE
1.0,OP_AUTO_ICA_ROLLOUT_U100_M40,0a870280a38567d7537d91950591688601802dd3037092b8a2ac7a999aacc8b7,TASK3_OPERATIONAL_POOLED_V1,AUTO_ICA_ROLLOUT_U100_M40,LOCAL_WINDOW_HPP_BASE,3,300.000000000,326.798277437,397,365,0,25,0,7,32,397,0,397,0,0.055402304,0.355870409,0.000000000,0.000000000,0.055402304,0.355870409,0.000000000,0.000000000,0.000000000,27.073584122,27.374052227,0.736252536,0.300811751,32,0.080604534,26.798277437,true,COMPLETE
1.0,OP_AUTO_ICA_ROLLOUT_U100_M40,0a870280a38567d7537d91950591688601802dd3037092b8a2ac7a999aacc8b7,TASK3_OPERATIONAL_POOLED_V1,AUTO_ICA_ROLLOUT_U100_M40,LOCAL_WINDOW_HPP_BASE,4,300.000000000,328.119122486,399,354,3,36,0,6,45,399,0,399,0,0.059964544,0.519156454,0.000000000,0.000000000,0.059964544,0.519156454,0.000000000,0.000000000,0.000000000,27.078146362,27.537338272,0.736982898,0.301110156,45,0.112781955,28.119122486,true,COMPLETE
1.0,OP_AUTO_ICA_ROLLOUT_U100_M40,0a870280a38567d7537d91950591688601802dd3037092b8a2ac7a999aacc8b7,TASK3_OPERATIONAL_POOLED_V1,AUTO_ICA_ROLLOUT_U100_M40,LOCAL_WINDOW_HPP_BASE,5,300.000000000,326.682540029,375,337,0,30,0,8,38,375,0,375,0,0.000000000,0.000000000,0.000000000,0.000000000,0.000000000,0.000000000,0.000000000,0.000000000,0.000000000,27.018181818,27.018181818,0.695699033,0.284242748,38,0.101333333,26.682540029,true,COMPLETE
1.0,OP_AUTO_ICA_ROLLOUT_U100_M40,0a870280a38567d7537d91950591688601802dd3037092b8a2ac7a999aacc8b7,TASK3_OPERATIONAL_POOLED_V1,AUTO_ICA_ROLLOUT_U100_M40,LOCAL_WINDOW_HPP_BASE,6,300.000000000,326.963027200,430,395,0,29,0,6,35,430,0,430,0,0.576438861,3.234477998,0.000000000,0.000000000,0.576438861,3.234477998,0.000000000,0.000000000,0.000000000,27.594620679,30.252659816,0.797050550,0.325652082,35,0.081395349,26.963027200,true,COMPLETE
1.0,OP_AUTO_ICA_ROLLOUT_U100_M40,0a870280a38567d7537d91950591688601802dd3037092b8a2ac7a999aacc8b7,TASK3_OPERATIONAL_POOLED_V1,AUTO_ICA_ROLLOUT_U100_M40,LOCAL_WINDOW_HPP_BASE,7,300.000000000,326.685439514,388,357,0,25,0,6,31,388,0,388,0,0.013479217,0.000000000,0.000000000,0.000000000,0.013479217,0.000000000,0.000000000,0.000000000,0.000000000,27.031661035,27.018181818,0.719810211,0.294093886,31,0.079896907,26.685439514,true,COMPLETE
1.0,OP_AUTO_ICA_ROLLOUT_U100_M40,0a870280a38567d7537d91950591688601802dd3037092b8a2ac7a999aacc8b7,TASK3_OPERATIONAL_POOLED_V1,AUTO_ICA_ROLLOUT_U100_M40,LOCAL_WINDOW_HPP_BASE,8,300.000000000,326.444787181,401,367,0,26,0,8,34,401,0,401,0,0.401276559,3.022245663,0.000000000,0.000000000,0.401276559,3.022245663,0.000000000,0.000000000,0.000000000,27.419458377,30.040427481,0.744475981,0.304171615,34,0.084788030,26.444787181,true,COMPLETE
1.0,OP_AUTO_ICA_ROLLOUT_U100_M40,0a870280a38567d7537d91950591688601802dd3037092b8a2ac7a999aacc8b7,TASK3_OPERATIONAL_POOLED_V1,AUTO_ICA_ROLLOUT_U100_M40,LOCAL_WINDOW_HPP_BASE,9,300.000000000,327.016455719,390,345,0,34,0,11,45,390,0,390,0,0.106435424,0.570099533,0.000000000,0.000000000,0.106435424,0.570099533,0.000000000,0.000000000,0.000000000,27.124617242,27.588281351,0.722788203,0.295310609,45,0.115384615,27.016455719,true,COMPLETE
1.0,OP_AUTO_ICA_ROLLOUT_U100_M40,0a870280a38567d7537d91950591688601802dd3037092b8a2ac7a999aacc8b7,TASK3_OPERATIONAL_POOLED_V1,AUTO_ICA_ROLLOUT_U100_M40,LOCAL_WINDOW_HPP_BASE,10,300.000000000,326.729467069,418,377,0,36,0,5,41,418,0,418,0,0.823234120,5.277930591,0.000000000,0.000000000,0.823234120,5.277930591,0.000000000,0.000000000,0.000000000,27.841415938,32.296112409,0.775361144,0.316790410,41,0.098086124,26.729467069,true,COMPLETE
1.0,OP_AUTO_ICA_ROLLOUT_U50_M40,b4f10b827d98f4ed0815a002ed3e1091b5f908f911cfbcfb145ed87c23a9273f,TASK3_OPERATIONAL_POOLED_V1,AUTO_ICA_ROLLOUT_U50_M40,LOCAL_WINDOW_HPP_BASE,1,300.000000000,332.702811723,386,348,0,24,0,14,38,386,0,183,0,0.173530632,0.955459430,0.000000000,0.000000000,0.173530632,0.955459430,0.000000000,0.000000000,0.000000000,31.293784989,34.849355076,0.703148232,0.513914961,38,0.098445596,32.702811723,true,COMPLETE
1.0,OP_AUTO_ICA_ROLLOUT_U50_M40,b4f10b827d98f4ed0815a002ed3e1091b5f908f911cfbcfb145ed87c23a9273f,TASK3_OPERATIONAL_POOLED_V1,AUTO_ICA_ROLLOUT_U50_M40,LOCAL_WINDOW_HPP_BASE,2,300.000000000,333.369225829,440,397,0,27,0,16,43,440,0,220,0,0.348695468,2.463854527,0.005664338,0.000000000,0.354359806,2.463854527,0.000000000,0.000000000,0.000000000,31.272541624,36.239674087,0.799913867,0.571938415,43,0.097727273,33.369225829,true,COMPLETE
1.0,OP_AUTO_ICA_ROLLOUT_U50_M40,b4f10b827d98f4ed0815a002ed3e1091b5f908f911cfbcfb145ed87c23a9273f,TASK3_OPERATIONAL_POOLED_V1,AUTO_ICA_ROLLOUT_U50_M40,LOCAL_WINDOW_HPP_BASE,3,300.000000000,333.555628672,432,389,0,32,0,11,43,432,0,210,0,0.534071428,3.336237008,0.003510610,0.000000000,0.537582038,3.336237008,0.000000000,0.000000000,0.000000000,31.564097189,37.267303047,0.784931086,0.567906985,43,0.099537037,33.555628672,true,COMPLETE
1.0,OP_AUTO_ICA_ROLLOUT_U50_M40,b4f10b827d98f4ed0815a002ed3e1091b5f908f911cfbcfb145ed87c23a9273f,TASK3_OPERATIONAL_POOLED_V1,AUTO_ICA_ROLLOUT_U50_M40,LOCAL_WINDOW_HPP_BASE,4,300.000000000,334.804317597,384,342,0,27,0,15,42,384,0,186,0,0.046938588,0.000000000,0.000000000,0.000000000,0.046938588,0.000000000,0.000000000,0.000000000,0.000000000,31.086995406,34.818181818,0.695114312,0.503663073,42,0.109375000,34.804317597,true,COMPLETE
1.0,OP_AUTO_ICA_ROLLOUT_U50_M40,b4f10b827d98f4ed0815a002ed3e1091b5f908f911cfbcfb145ed87c23a9273f,TASK3_OPERATIONAL_POOLED_V1,AUTO_ICA_ROLLOUT_U50_M40,LOCAL_WINDOW_HPP_BASE,5,300.000000000,332.574763475,408,378,0,22,0,8,30,408,0,206,0,0.337999817,2.901594224,0.000889111,0.000000000,0.338888929,2.901594224,0.000000000,0.000000000,0.000000000,31.218835453,36.136221520,0.743510195,0.529376135,30,0.073529412,32.574763475,true,COMPLETE
1.0,OP_AUTO_ICA_ROLLOUT_U50_M40,b4f10b827d98f4ed0815a002ed3e1091b5f908f911cfbcfb145ed87c23a9273f,TASK3_OPERATIONAL_POOLED_V1,AUTO_ICA_ROLLOUT_U50_M40,LOCAL_WINDOW_HPP_BASE,6,300.000000000,333.047537237,433,387,0,29,0,17,46,433,0,212,0,0.934825163,4.590004437,0.000397692,0.000000000,0.935222855,4.590004437,0.000000000,0.000000000,0.000000000,31.934467029,38.759223767,0.787948305,0.568401627,46,0.106235566,33.047537237,true,COMPLETE
1.0,OP_AUTO_ICA_ROLLOUT_U50_M40,b4f10b827d98f4ed0815a002ed3e1091b5f908f911cfbcfb145ed87c23a9273f,TASK3_OPERATIONAL_POOLED_V1,AUTO_ICA_ROLLOUT_U50_M40,LOCAL_WINDOW_HPP_BASE,7,300.000000000,333.715788344,392,346,0,35,0,11,46,392,0,198,0,0.028836867,0.000000000,0.000000000,0.000000000,0.028836867,0.000000000,0.000000000,0.000000000,0.000000000,30.907222767,34.818181818,0.711910452,0.506789955,46,0.117346939,33.715788344,true,COMPLETE
1.0,OP_AUTO_ICA_ROLLOUT_U50_M40,b4f10b827d98f4ed0815a002ed3e1091b5f908f911cfbcfb145ed87c23a9273f,TASK3_OPERATIONAL_POOLED_V1,AUTO_ICA_ROLLOUT_U50_M40,LOCAL_WINDOW_HPP_BASE,8,300.000000000,337.830569568,435,377,5,36,0,17,58,435,0,204,0,0.424638036,3.101442377,0.021950528,0.000000000,0.446588564,3.101442377,0.000000000,0.000000000,0.000000000,31.606839347,37.173900456,0.780380426,0.572814609,58,0.133333333,37.830569568,true,COMPLETE
1.0,OP_AUTO_ICA_ROLLOUT_U50_M40,b4f10b827d98f4ed0815a002ed3e1091b5f908f911cfbcfb145ed87c23a9273f,TASK3_OPERATIONAL_POOLED_V1,AUTO_ICA_ROLLOUT_U50_M40,LOCAL_WINDOW_HPP_BASE,9,300.000000000,334.337979074,412,362,0,32,0,18,50,412,0,208,0,0.064057685,0.656632598,0.000626752,0.000000000,0.064684438,0.656632598,0.000000000,0.000000000,0.000000000,30.945002178,34.818181818,0.746839980,0.531768711,50,0.121359223,34.337979074,true,COMPLETE
1.0,OP_AUTO_ICA_ROLLOUT_U50_M40,b4f10b827d98f4ed0815a002ed3e1091b5f908f911cfbcfb145ed87c23a9273f,TASK3_OPERATIONAL_POOLED_V1,AUTO_ICA_ROLLOUT_U50_M40,LOCAL_WINDOW_HPP_BASE,10,300.000000000,333.614017149,385,348,0,21,0,16,37,385,0,212,0,0.282611789,2.548863124,0.000000000,0.000000000,0.282611789,2.548863124,0.000000000,0.000000000,0.000000000,30.805728672,34.852010293,0.699411060,0.478368618,37,0.096103896,33.614017149,true,COMPLETE
1.0,OP_CAPACITY_BOTH_PLUS,68ce8c6f5c6b1f1a277d1d77e35d7939692638238ed1ce0f62fe844e6e340347,TASK3_OPERATIONAL_POOLED_V1,CAPACITY_BOTH_PLUS,LOCAL_WINDOW_HPP_BASE,1,300.000000000,334.706738926,413,365,0,31,0,17,48,413,0,0,0,0.253682224,2.259499709,0.176518804,1.602964673,0.430201028,3.596429983,0.000000000,0.000000000,0.000000000,35.248382846,38.414611801,0.673045090,0.668371166,48,0.116222760,34.706738926,true,COMPLETE
1.0,OP_CAPACITY_BOTH_PLUS,68ce8c6f5c6b1f1a277d1d77e35d7939692638238ed1ce0f62fe844e6e340347,TASK3_OPERATIONAL_POOLED_V1,CAPACITY_BOTH_PLUS,LOCAL_WINDOW_HPP_BASE,2,300.000000000,334.687449935,401,356,0,34,0,11,45,401,0,0,0,0.092715259,0.202490828,0.156925588,1.242711807,0.249640847,2.192301778,0.000000000,0.000000000,0.000000000,35.067822665,37.010483596,0.653526963,0.648988581,45,0.112219451,34.687449935,true,COMPLETE
1.0,OP_CAPACITY_BOTH_PLUS,68ce8c6f5c6b1f1a277d1d77e35d7939692638238ed1ce0f62fe844e6e340347,TASK3_OPERATIONAL_POOLED_V1,CAPACITY_BOTH_PLUS,LOCAL_WINDOW_HPP_BASE,3,300.000000000,334.719333119,395,349,0,33,0,13,46,395,0,0,0,0.000656272,0.000000000,0.078573256,0.149690615,0.079229528,0.149690615,0.000000000,0.000000000,0.000000000,34.897411346,34.967872433,0.643687185,0.639217136,46,0.116455696,34.719333119,true,COMPLETE
1.0,OP_CAPACITY_BOTH_PLUS,68ce8c6f5c6b1f1a277d1d77e35d7939692638238ed1ce0f62fe844e6e340347,TASK3_OPERATIONAL_POOLED_V1,CAPACITY_BOTH_PLUS,LOCAL_WINDOW_HPP_BASE,4,300.000000000,334.664035256,406,366,0,25,0,15,40,406,0,0,0,0.007628329,0.000000000,0.046650872,0.089986997,0.054279201,0.386275111,0.000000000,0.000000000,0.000000000,34.872461019,35.204456929,0.661721972,0.657126681,40,0.098522167,34.664035256,true,COMPLETE
1.0,OP_CAPACITY_BOTH_PLUS,68ce8c6f5c6b1f1a277d1d77e35d7939692638238ed1ce0f62fe844e6e340347,TASK3_OPERATIONAL_POOLED_V1,CAPACITY_BOTH_PLUS,LOCAL_WINDOW_HPP_BASE,5,300.000000000,334.582041704,425,379,0,31,0,15,46,425,0,0,0,0.000000000,0.000000000,0.028446490,0.000000000,0.028446490,0.000000000,0.000000000,0.000000000,0.000000000,34.846628308,34.818181818,0.692859009,0.688047488,46,0.108235294,34.582041704,true,COMPLETE
1.0,OP_CAPACITY_BOTH_PLUS,68ce8c6f5c6b1f1a277d1d77e35d7939692638238ed1ce0f62fe844e6e340347,TASK3_OPERATIONAL_POOLED_V1,CAPACITY_BOTH_PLUS,LOCAL_WINDOW_HPP_BASE,6,300.000000000,334.750618485,388,354,0,19,0,15,34,388,0,0,0,0.000000000,0.000000000,0.003162931,0.000000000,0.003162931,0.000000000,0.000000000,0.000000000,0.000000000,34.821344749,34.818181818,0.632220979,0.627830555,34,0.087628866,34.750618485,true,COMPLETE
1.0,OP_CAPACITY_BOTH_PLUS,68ce8c6f5c6b1f1a277d1d77e35d7939692638238ed1ce0f62fe844e6e340347,TASK3_OPERATIONAL_POOLED_V1,CAPACITY_BOTH_PLUS,LOCAL_WINDOW_HPP_BASE,7,300.000000000,336.133933586,461,392,3,40,2,24,69,461,0,0,0,0.569585411,4.855974668,0.259238864,1.564728951,0.828824276,6.049276171,0.000000000,0.000000000,0.000000000,35.647006094,40.867457989,0.748078430,0.742883441,69,0.149674620,36.133933586,true,COMPLETE
1.0,OP_CAPACITY_BOTH_PLUS,68ce8c6f5c6b1f1a277d1d77e35d7939692638238ed1ce0f62fe844e6e340347,TASK3_OPERATIONAL_POOLED_V1,CAPACITY_BOTH_PLUS,LOCAL_WINDOW_HPP_BASE,8,300.000000000,334.085742915,424,372,0,31,0,21,52,424,0,0,0,0.046847808,0.187308303,0.164669086,1.536678414,0.211516894,1.746221498,0.000000000,0.000000000,0.000000000,35.029698712,36.564403316,0.692255603,0.687448272,52,0.122641509,34.085742915,true,COMPLETE
1.0,OP_CAPACITY_BOTH_PLUS,68ce8c6f5c6b1f1a277d1d77e35d7939692638238ed1ce0f62fe844e6e340347,TASK3_OPERATIONAL_POOLED_V1,CAPACITY_BOTH_PLUS,LOCAL_WINDOW_HPP_BASE,9,300.000000000,334.577131767,427,385,0,25,0,17,42,427,0,0,0,0.019773670,0.000000000,0.172968635,1.161465682,0.192742306,1.686550925,0.000000000,0.000000000,0.000000000,35.010924124,36.504732743,0.696129737,0.691295503,42,0.098360656,34.577131767,true,COMPLETE
1.0,OP_CAPACITY_BOTH_PLUS,68ce8c6f5c6b1f1a277d1d77e35d7939692638238ed1ce0f62fe844e6e340347,TASK3_OPERATIONAL_POOLED_V1,CAPACITY_BOTH_PLUS,LOCAL_WINDOW_HPP_BASE,10,300.000000000,333.678888543,419,386,0,27,0,6,33,419,0,0,0,0.001676888,0.000000000,0.076651441,0.196564760,0.078328329,0.348587338,0.000000000,0.000000000,0.000000000,34.896510147,35.166769156,0.684926324,0.680169891,33,0.078758950,33.678888543,true,COMPLETE
1.0,OP_CAPACITY_IMMIGRATION_PLUS_3,233f382b7d1d96ec9249325cf693782cdffaf6c2f3f6d07a9f0890a16b344aa2,TASK3_OPERATIONAL_POOLED_V1,CAPACITY_IMMIGRATION_PLUS_3,LOCAL_WINDOW_HPP_BASE,1,300.000000000,335.591276852,438,380,2,36,0,20,58,438,0,0,0,0.469717863,4.076885513,0.050945338,0.000000000,0.520663201,4.076885513,0.000000000,0.000000000,0.000000000,35.338845019,38.895067331,0.791005499,0.706961165,58,0.132420091,35.591276852,true,COMPLETE
1.0,OP_CAPACITY_IMMIGRATION_PLUS_3,233f382b7d1d96ec9249325cf693782cdffaf6c2f3f6d07a9f0890a16b344aa2,TASK3_OPERATIONAL_POOLED_V1,CAPACITY_IMMIGRATION_PLUS_3,LOCAL_WINDOW_HPP_BASE,2,300.000000000,334.648257895,387,344,0,30,0,13,43,387,0,0,0,0.050424921,0.000000000,0.007543322,0.000000000,0.057968243,0.000000000,0.000000000,0.000000000,0.000000000,34.876150061,34.818181818,0.700871584,0.626403978,43,0.111111111,34.648257895,true,COMPLETE
1.0,OP_CAPACITY_IMMIGRATION_PLUS_3,233f382b7d1d96ec9249325cf693782cdffaf6c2f3f6d07a9f0890a16b344aa2,TASK3_OPERATIONAL_POOLED_V1,CAPACITY_IMMIGRATION_PLUS_3,LOCAL_WINDOW_HPP_BASE,3,300.000000000,334.554759063,383,336,0,31,0,16,47,383,0,0,0,0.054217061,0.000000000,0.079606758,0.000000000,0.133823819,0.662430306,0.000000000,0.000000000,0.000000000,34.952005637,35.480612124,0.693821283,0.620102772,47,0.122715405,34.554759063,true,COMPLETE
1.0,OP_CAPACITY_IMMIGRATION_PLUS_3,233f382b7d1d96ec9249325cf693782cdffaf6c2f3f6d07a9f0890a16b344aa2,TASK3_OPERATIONAL_POOLED_V1,CAPACITY_IMMIGRATION_PLUS_3,LOCAL_WINDOW_HPP_BASE,4,300.000000000,333.870866437,396,358,0,21,0,17,38,396,0,0,0,0.352058405,2.547783725,0.009434673,0.000000000,0.361493079,2.547783725,0.000000000,0.000000000,0.000000000,35.179674897,37.365965543,0.718840798,0.642463963,38,0.095959596,33.870866437,true,COMPLETE
1.0,OP_CAPACITY_IMMIGRATION_PLUS_3,233f382b7d1d96ec9249325cf693782cdffaf6c2f3f6d07a9f0890a16b344aa2,TASK3_OPERATIONAL_POOLED_V1,CAPACITY_IMMIGRATION_PLUS_3,LOCAL_WINDOW_HPP_BASE,5,300.000000000,333.816395934,402,353,0,35,0,14,49,402,0,0,0,0.217542388,1.596012767,0.027641351,0.000000000,0.245183739,1.721420299,0.000000000,0.000000000,0.000000000,35.063365557,36.539602117,0.729851399,0.652304688,49,0.121890547,33.816395934,true,COMPLETE
1.0,OP_CAPACITY_IMMIGRATION_PLUS_3,233f382b7d1d96ec9249325cf693782cdffaf6c2f3f6d07a9f0890a16b344aa2,TASK3_OPERATIONAL_POOLED_V1,CAPACITY_IMMIGRATION_PLUS_3,LOCAL_WINDOW_HPP_BASE,6,300.000000000,334.411682832,418,361,0,31,2,24,57,418,0,0,0,0.213948820,1.593698982,0.054186255,0.376662340,0.268135075,1.783392696,0.000000000,0.000000000,0.000000000,35.086316893,36.601574514,0.757549291,0.677059679,57,0.136363636,34.411682832,true,COMPLETE
1.0,OP_CAPACITY_IMMIGRATION_PLUS_3,233f382b7d1d96ec9249325cf693782cdffaf6c2f3f6d07a9f0890a16b344aa2,TASK3_OPERATIONAL_POOLED_V1,CAPACITY_IMMIGRATION_PLUS_3,LOCAL_WINDOW_HPP_BASE,7,300.000000000,334.547524719,394,352,0,25,0,17,42,394,0,0,0,0.039025070,0.000000000,0.004469773,0.000000000,0.043494844,0.000000000,0.000000000,0.000000000,0.000000000,34.861676662,34.818181818,0.713763699,0.637926306,42,0.106598985,34.547524719,true,COMPLETE
1.0,OP_CAPACITY_IMMIGRATION_PLUS_3,233f382b7d1d96ec9249325cf693782cdffaf6c2f3f6d07a9f0890a16b344aa2,TASK3_OPERATIONAL_POOLED_V1,CAPACITY_IMMIGRATION_PLUS_3,LOCAL_WINDOW_HPP_BASE,8,300.000000000,334.539248868,432,379,0,27,2,24,53,432,0,0,0,0.186557497,1.731081402,0.093110216,0.965864180,0.279667713,2.052958910,0.000000000,0.000000000,0.000000000,35.097849531,36.871140728,0.782623213,0.699469497,53,0.122685185,34.539248868,true,COMPLETE
1.0,OP_CAPACITY_IMMIGRATION_PLUS_3,233f382b7d1d96ec9249325cf693782cdffaf6c2f3f6d07a9f0890a16b344aa2,TASK3_OPERATIONAL_POOLED_V1,CAPACITY_IMMIGRATION_PLUS_3,LOCAL_WINDOW_HPP_BASE,9,300.000000000,337.929337093,453,392,8,36,0,17,61,453,0,0,0,1.807673805,8.214938832,0.051537558,0.335940181,1.859211362,8.352484599,0.000000000,0.000000000,0.000000000,36.677393180,43.170666417,0.812434507,0.726113341,61,0.134657837,37.929337093,true,COMPLETE
1.0,OP_CAPACITY_IMMIGRATION_PLUS_3,233f382b7d1d96ec9249325cf693782cdffaf6c2f3f6d07a9f0890a16b344aa2,TASK3_OPERATIONAL_POOLED_V1,CAPACITY_IMMIGRATION_PLUS_3,LOCAL_WINDOW_HPP_BASE,10,300.000000000,334.582599068,420,363,0,36,0,21,57,420,0,0,0,0.173191031,1.464754527,0.036630801,0.022954560,0.209821831,1.910055687,0.000000000,0.000000000,0.000000000,35.028003649,36.728237505,0.760785095,0.679951679,57,0.135714286,34.582599068,true,COMPLETE
1.0,OP_CAPACITY_SECURITY_PLUS_4,0ba7db9b3955b498affc337d2c78a22a31eb3d56e6268018546934cfdf4ecdd7,TASK3_OPERATIONAL_POOLED_V1,CAPACITY_SECURITY_PLUS_4,LOCAL_WINDOW_HPP_BASE,1,300.000000000,336.739735662,372,316,0,39,0,17,56,372,0,0,0,0.001145127,0.000000000,0.198690973,1.842791235,0.199836100,1.842791235,0.000000000,0.000000000,0.000000000,35.018017918,36.660973053,0.602569490,0.683868549,56,0.150537634,36.739735662,true,COMPLETE
1.0,OP_CAPACITY_SECURITY_PLUS_4,0ba7db9b3955b498affc337d2c78a22a31eb3d56e6268018546934cfdf4ecdd7,TASK3_OPERATIONAL_POOLED_V1,CAPACITY_SECURITY_PLUS_4,LOCAL_WINDOW_HPP_BASE,2,300.000000000,337.327657111,419,362,0,38,0,19,57,419,0,0,0,0.042171387,0.000000000,0.713921897,3.355045857,0.756093284,3.505501805,0.000000000,0.000000000,0.000000000,35.574275102,38.323683623,0.677517689,0.768928805,57,0.136038186,37.327657111,true,COMPLETE
1.0,OP_CAPACITY_SECURITY_PLUS_4,0ba7db9b3955b498affc337d2c78a22a31eb3d56e6268018546934cfdf4ecdd7,TASK3_OPERATIONAL_POOLED_V1,CAPACITY_SECURITY_PLUS_4,LOCAL_WINDOW_HPP_BASE,3,300.000000000,336.760235875,423,381,0,35,0,7,42,423,0,0,0,0.057766289,0.194425868,1.032291435,4.118615766,1.090057725,4.443642607,0.000000000,0.000000000,0.000000000,35.908239543,39.261824425,0.685138114,0.777577383,42,0.099290780,36.760235875,true,COMPLETE
1.0,OP_CAPACITY_SECURITY_PLUS_4,0ba7db9b3955b498affc337d2c78a22a31eb3d56e6268018546934cfdf4ecdd7,TASK3_OPERATIONAL_POOLED_V1,CAPACITY_SECURITY_PLUS_4,LOCAL_WINDOW_HPP_BASE,4,300.000000000,334.478046553,389,346,0,29,0,14,43,389,0,0,0,0.040670221,0.000000000,0.706724629,3.691231412,0.747394850,4.441695515,0.000000000,0.000000000,0.000000000,35.565576668,39.259877333,0.634366950,0.719956141,43,0.110539846,34.478046553,true,COMPLETE
1.0,OP_CAPACITY_SECURITY_PLUS_4,0ba7db9b3955b498affc337d2c78a22a31eb3d56e6268018546934cfdf4ecdd7,TASK3_OPERATIONAL_POOLED_V1,CAPACITY_SECURITY_PLUS_4,LOCAL_WINDOW_HPP_BASE,5,300.000000000,334.229350331,399,352,0,30,0,17,47,399,0,0,0,0.004488441,0.000000000,0.248412530,1.806271374,0.252900972,1.806271374,0.000000000,0.000000000,0.000000000,35.071082790,36.624453192,0.651158743,0.739013494,47,0.117794486,34.229350331,true,COMPLETE
1.0,OP_CAPACITY_SECURITY_PLUS_4,0ba7db9b3955b498affc337d2c78a22a31eb3d56e6268018546934cfdf4ecdd7,TASK3_OPERATIONAL_POOLED_V1,CAPACITY_SECURITY_PLUS_4,LOCAL_WINDOW_HPP_BASE,6,300.000000000,333.739756377,417,368,0,28,0,21,49,417,0,0,0,0.000000000,0.000000000,0.178273930,1.265089072,0.178273930,1.265089072,0.000000000,0.000000000,0.000000000,34.996455748,36.083270890,0.681532665,0.773485484,49,0.117505995,33.739756377,true,COMPLETE
1.0,OP_CAPACITY_SECURITY_PLUS_4,0ba7db9b3955b498affc337d2c78a22a31eb3d56e6268018546934cfdf4ecdd7,TASK3_OPERATIONAL_POOLED_V1,CAPACITY_SECURITY_PLUS_4,LOCAL_WINDOW_HPP_BASE,7,300.000000000,337.176415125,421,366,0,35,0,20,55,421,0,0,0,0.000992426,0.000000000,0.436722518,2.485296190,0.437714944,2.485296190,0.000000000,0.000000000,0.000000000,35.255896762,37.303478008,0.681057017,0.772945663,55,0.130641330,37.176415125,true,COMPLETE
1.0,OP_CAPACITY_SECURITY_PLUS_4,0ba7db9b3955b498affc337d2c78a22a31eb3d56e6268018546934cfdf4ecdd7,TASK3_OPERATIONAL_POOLED_V1,CAPACITY_SECURITY_PLUS_4,LOCAL_WINDOW_HPP_BASE,8,300.000000000,334.232818040,388,345,0,29,0,14,43,388,0,0,0,0.007914317,0.000000000,0.314582765,1.851241435,0.322497082,1.966128677,0.000000000,0.000000000,0.000000000,35.140678900,36.784310495,0.633200429,0.718632232,43,0.110824742,34.232818040,true,COMPLETE
1.0,OP_CAPACITY_SECURITY_PLUS_4,0ba7db9b3955b498affc337d2c78a22a31eb3d56e6268018546934cfdf4ecdd7,TASK3_OPERATIONAL_POOLED_V1,CAPACITY_SECURITY_PLUS_4,LOCAL_WINDOW_HPP_BASE,9,300.000000000,333.119437542,363,317,0,24,1,21,46,363,0,0,0,0.000000000,0.000000000,0.196978133,1.604347918,0.196978133,1.604347918,0.000000000,0.000000000,0.000000000,35.015159951,36.422529736,0.594381407,0.674575724,46,0.126721763,33.119437542,true,COMPLETE
1.0,OP_CAPACITY_SECURITY_PLUS_4,0ba7db9b3955b498affc337d2c78a22a31eb3d56e6268018546934cfdf4ecdd7,TASK3_OPERATIONAL_POOLED_V1,CAPACITY_SECURITY_PLUS_4,LOCAL_WINDOW_HPP_BASE,10,300.000000000,334.147367814,408,353,0,36,0,19,55,408,0,0,0,0.071201251,0.000000000,0.568244902,3.155141342,0.639446152,3.438799453,0.000000000,0.000000000,0.000000000,35.457627970,38.256981271,0.666009899,0.755868377,55,0.134803922,34.147367814,true,COMPLETE
1.0,OP_DEMAND_HIGH_120,b623baa07b816dda367f02418f6ca573805c3d797cfa6a060f278c67b196f9d3,TASK3_OPERATIONAL_POOLED_V1,DEMAND_HIGH_120,LOCAL_WINDOW_HPP_HIGH,1,300.000000000,338.124995991,479,417,2,36,3,21,62,479,0,0,0,1.146574196,4.387079039,1.064236389,2.978107951,2.210810585,5.846590609,0.000000000,0.000000000,0.000000000,37.028992403,40.664772427,0.858567198,0.876965066,62,0.129436326,38.124995991,true,COMPLETE
1.0,OP_DEMAND_HIGH_120,b623baa07b816dda367f02418f6ca573805c3d797cfa6a060f278c67b196f9d3,TASK3_OPERATIONAL_POOLED_V1,DEMAND_HIGH_120,LOCAL_WINDOW_HPP_HIGH,2,300.000000000,356.583223668,522,430,23,36,12,21,92,522,0,0,0,11.130379138,19.661720823,3.994340961,7.277623289,15.124720099,25.669290702,0.000000000,0.000000000,0.000000000,49.942901917,60.487472520,0.887208414,0.906220023,92,0.176245211,56.583223668,true,COMPLETE
1.0,OP_DEMAND_HIGH_120,b623baa07b816dda367f02418f6ca573805c3d797cfa6a060f278c67b196f9d3,TASK3_OPERATIONAL_POOLED_V1,DEMAND_HIGH_120,LOCAL_WINDOW_HPP_HIGH,3,300.000000000,361.523415732,511,411,32,36,11,21,100,511,0,0,0,7.680900523,18.565005233,2.665721195,5.797582806,10.346621718,24.636409695,0.000000000,0.000000000,0.000000000,45.164803536,59.454591513,0.856644290,0.875000953,100,0.195694716,61.523415732,true,COMPLETE
1.0,OP_DEMAND_HIGH_120,b623baa07b816dda367f02418f6ca573805c3d797cfa6a060f278c67b196f9d3,TASK3_OPERATIONAL_POOLED_V1,DEMAND_HIGH_120,LOCAL_WINDOW_HPP_HIGH,4,300.000000000,334.539139974,455,407,0,31,0,17,48,455,0,0,0,1.132940584,5.942418956,1.468141417,4.226847321,2.601082001,7.498748148,0.000000000,0.000000000,0.000000000,37.419263819,42.316929966,0.824290921,0.841954298,48,0.105494505,34.539139974,true,COMPLETE
1.0,OP_DEMAND_HIGH_120,b623baa07b816dda367f02418f6ca573805c3d797cfa6a060f278c67b196f9d3,TASK3_OPERATIONAL_POOLED_V1,DEMAND_HIGH_120,LOCAL_WINDOW_HPP_HIGH,5,300.000000000,334.392059110,462,408,0,34,0,20,54,462,0,0,0,0.869980531,4.267963127,1.162299920,3.371606631,2.032280451,5.932446224,0.000000000,0.000000000,0.000000000,36.850462269,40.750628042,0.837340458,0.855283468,54,0.116883117,34.392059110,true,COMPLETE
1.0,OP_DEMAND_HIGH_120,b623baa07b816dda367f02418f6ca573805c3d797cfa6a060f278c67b196f9d3,TASK3_OPERATIONAL_POOLED_V1,DEMAND_HIGH_120,LOCAL_WINDOW_HPP_HIGH,6,300.000000000,359.230280587,519,423,32,36,7,21,96,519,0,0,0,12.928537663,23.140057690,3.745017411,8.055979889,16.673555074,28.230234226,0.000000000,0.000000000,0.000000000,51.491736892,63.048416044,0.875609523,0.894372584,96,0.184971098,59.230280587,true,COMPLETE
1.0,OP_DEMAND_HIGH_120,b623baa07b816dda367f02418f6ca573805c3d797cfa6a060f278c67b196f9d3,TASK3_OPERATIONAL_POOLED_V1,DEMAND_HIGH_120,LOCAL_WINDOW_HPP_HIGH,7,300.000000000,355.098733830,504,416,21,36,10,21,88,504,0,0,0,4.130255378,13.396226745,2.054912241,5.415685114,6.185167619,17.256619598,0.000000000,0.000000000,0.000000000,41.003349437,52.074801416,0.860196099,0.878628872,88,0.174603175,55.098733830,true,COMPLETE
1.0,OP_DEMAND_HIGH_120,b623baa07b816dda367f02418f6ca573805c3d797cfa6a060f278c67b196f9d3,TASK3_OPERATIONAL_POOLED_V1,DEMAND_HIGH_120,LOCAL_WINDOW_HPP_HIGH,8,300.000000000,360.876947567,508,408,36,36,7,21,100,508,0,0,0,6.545312829,20.973714484,2.315934509,5.329951233,8.861247338,25.715212282,0.000000000,0.000000000,0.000000000,43.679429156,60.533394100,0.853140634,0.871422219,100,0.196850394,60.876947567,true,COMPLETE
1.0,OP_DEMAND_HIGH_120,b623baa07b816dda367f02418f6ca573805c3d797cfa6a060f278c67b196f9d3,TASK3_OPERATIONAL_POOLED_V1,DEMAND_HIGH_120,LOCAL_WINDOW_HPP_HIGH,9,300.000000000,342.945106390,497,426,1,36,13,21,71,497,0,0,0,6.981368392,12.759010372,3.981467439,7.594871475,10.962835830,18.050275005,0.000000000,0.000000000,0.000000000,45.781017648,52.868456823,0.878310014,0.897130943,71,0.142857143,42.945106390,true,COMPLETE
1.0,OP_DEMAND_HIGH_120,b623baa07b816dda367f02418f6ca573805c3d797cfa6a060f278c67b196f9d3,TASK3_OPERATIONAL_POOLED_V1,DEMAND_HIGH_120,LOCAL_WINDOW_HPP_HIGH,10,300.000000000,339.744301821,476,410,4,36,5,21,66,476,0,0,0,2.875897340,9.305265265,1.736387371,3.752437057,4.612284711,11.773500194,0.000000000,0.000000000,0.000000000,39.430466529,46.591682012,0.849123435,0.867318937,66,0.138655462,39.744301821,true,COMPLETE
1.0,OP_DEMAND_LOW_080,26647522e10b35fc53f2602dd72748a5d949614591bcff01ac0a5bc695c82fde,TASK3_OPERATIONAL_POOLED_V1,DEMAND_LOW_080,LOCAL_WINDOW_HPP_LOW,1,300.000000000,334.771831068,331,298,0,21,0,12,33,331,0,0,0,0.006125266,0.000000000,0.082524023,0.730423380,0.088649289,0.730423380,0.000000000,0.000000000,0.000000000,34.906831107,35.548605198,0.599232199,0.612072889,33,0.099697885,34.771831068,true,COMPLETE
1.0,OP_DEMAND_LOW_080,26647522e10b35fc53f2602dd72748a5d949614591bcff01ac0a5bc695c82fde,TASK3_OPERATIONAL_POOLED_V1,DEMAND_LOW_080,LOCAL_WINDOW_HPP_LOW,2,300.000000000,333.199258467,331,301,0,21,0,9,30,331,0,0,0,0.000015465,0.000000000,0.034736970,0.000000000,0.034752435,0.000000000,0.000000000,0.000000000,0.000000000,34.852934253,34.818181818,0.602060345,0.614961638,30,0.090634441,33.199258467,true,COMPLETE
1.0,OP_DEMAND_LOW_080,26647522e10b35fc53f2602dd72748a5d949614591bcff01ac0a5bc695c82fde,TASK3_OPERATIONAL_POOLED_V1,DEMAND_LOW_080,LOCAL_WINDOW_HPP_LOW,3,300.000000000,332.591128145,338,295,0,29,0,14,43,338,0,0,0,0.002010656,0.000000000,0.202267183,2.219871321,0.204277839,2.219871321,0.000000000,0.000000000,0.000000000,35.022459657,37.038053139,0.615916865,0.629115083,43,0.127218935,32.591128145,true,COMPLETE
1.0,OP_DEMAND_LOW_080,26647522e10b35fc53f2602dd72748a5d949614591bcff01ac0a5bc695c82fde,TASK3_OPERATIONAL_POOLED_V1,DEMAND_LOW_080,LOCAL_WINDOW_HPP_LOW,4,300.000000000,333.509311605,310,267,0,26,0,17,43,310,0,0,0,0.000000000,0.000000000,0.020189462,0.000000000,0.020189462,0.000000000,0.000000000,0.000000000,0.000000000,34.838371280,34.818181818,0.563338957,0.575410506,43,0.138709677,33.509311605,true,COMPLETE
1.0,OP_DEMAND_LOW_080,26647522e10b35fc53f2602dd72748a5d949614591bcff01ac0a5bc695c82fde,TASK3_OPERATIONAL_POOLED_V1,DEMAND_LOW_080,LOCAL_WINDOW_HPP_LOW,5,300.000000000,333.927039053,315,280,0,22,0,13,35,315,0,0,0,0.000000000,0.000000000,0.000000000,0.000000000,0.000000000,0.000000000,0.000000000,0.000000000,0.000000000,34.818181818,34.818181818,0.571708992,0.583959899,35,0.111111111,33.927039053,true,COMPLETE
1.0,OP_DEMAND_LOW_080,26647522e10b35fc53f2602dd72748a5d949614591bcff01ac0a5bc695c82fde,TASK3_OPERATIONAL_POOLED_V1,DEMAND_LOW_080,LOCAL_WINDOW_HPP_LOW,6,300.000000000,334.732692639,364,328,0,24,0,12,36,364,0,0,0,0.008135325,0.000000000,0.069154749,0.694641065,0.077290074,0.754290556,0.000000000,0.000000000,0.000000000,34.895471892,35.572472374,0.659051433,0.673173963,36,0.098901099,34.732692639,true,COMPLETE
1.0,OP_DEMAND_LOW_080,26647522e10b35fc53f2602dd72748a5d949614591bcff01ac0a5bc695c82fde,TASK3_OPERATIONAL_POOLED_V1,DEMAND_LOW_080,LOCAL_WINDOW_HPP_LOW,7,300.000000000,332.557219931,312,273,0,28,0,11,39,312,0,0,0,0.000000000,0.000000000,0.035549177,0.000000000,0.035549177,0.000000000,0.000000000,0.000000000,0.000000000,34.853730995,34.818181818,0.568596614,0.580780827,39,0.125000000,32.557219931,true,COMPLETE
1.0,OP_DEMAND_LOW_080,26647522e10b35fc53f2602dd72748a5d949614591bcff01ac0a5bc695c82fde,TASK3_OPERATIONAL_POOLED_V1,DEMAND_LOW_080,LOCAL_WINDOW_HPP_LOW,8,300.000000000,334.273661149,331,299,0,21,0,11,32,331,0,0,0,0.003379491,0.000000000,0.107391916,0.730355217,0.110771407,0.811159012,0.000000000,0.000000000,0.000000000,34.928953225,35.629340830,0.600125238,0.612985065,32,0.096676737,34.273661149,true,COMPLETE
1.0,OP_DEMAND_LOW_080,26647522e10b35fc53f2602dd72748a5d949614591bcff01ac0a5bc695c82fde,TASK3_OPERATIONAL_POOLED_V1,DEMAND_LOW_080,LOCAL_WINDOW_HPP_LOW,9,300.000000000,333.947134745,341,298,0,20,2,21,43,341,0,0,0,0.005946997,0.000000000,0.092883900,0.643285679,0.098830898,0.643285679,0.000000000,0.000000000,0.000000000,34.917012716,35.461467497,0.618860428,0.632121723,43,0.126099707,33.947134745,true,COMPLETE
1.0,OP_DEMAND_LOW_080,26647522e10b35fc53f2602dd72748a5d949614591bcff01ac0a5bc695c82fde,TASK3_OPERATIONAL_POOLED_V1,DEMAND_LOW_080,LOCAL_WINDOW_HPP_LOW,10,300.000000000,333.776273241,330,290,0,29,0,11,40,330,0,0,0,0.000000000,0.000000000,0.085129775,0.427187311,0.085129775,0.427187311,0.000000000,0.000000000,0.000000000,34.903311593,35.245369129,0.599203766,0.612043847,40,0.121212121,33.776273241,true,COMPLETE
1.0,OP_REFERENCE_ASSUMPTION_SANDBOX_V1,166e6c918cff63041b08f31ff5c17fbea49008b8cdd3047b1082b326faae3460,TASK3_OPERATIONAL_POOLED_V1,REFERENCE_ASSUMPTION_SANDBOX_V1,LOCAL_WINDOW_HPP_BASE,1,300.000000000,334.620201892,449,396,0,34,0,19,53,449,0,0,0,0.581863665,3.188223882,0.734325190,3.030391447,1.316188855,4.611134448,0.000000000,0.000000000,0.000000000,36.134370673,39.429316266,0.813224099,0.830650329,53,0.118040089,34.620201892,true,COMPLETE
1.0,OP_REFERENCE_ASSUMPTION_SANDBOX_V1,166e6c918cff63041b08f31ff5c17fbea49008b8cdd3047b1082b326faae3460,TASK3_OPERATIONAL_POOLED_V1,REFERENCE_ASSUMPTION_SANDBOX_V1,LOCAL_WINDOW_HPP_BASE,2,300.000000000,332.917248839,396,359,0,19,0,18,37,396,0,0,0,0.047632735,0.183901554,0.245900678,1.754679206,0.293533414,1.980844951,0.000000000,0.000000000,0.000000000,35.111715232,36.799026769,0.720899866,0.736347720,37,0.093434343,32.917248839,true,COMPLETE
1.0,OP_REFERENCE_ASSUMPTION_SANDBOX_V1,166e6c918cff63041b08f31ff5c17fbea49008b8cdd3047b1082b326faae3460,TASK3_OPERATIONAL_POOLED_V1,REFERENCE_ASSUMPTION_SANDBOX_V1,LOCAL_WINDOW_HPP_BASE,3,300.000000000,335.100540689,431,378,0,33,0,20,53,431,0,0,0,0.395514882,3.051902370,0.439767181,2.187850631,0.835282064,4.042648677,0.000000000,0.000000000,0.000000000,35.653463882,38.860830495,0.779503729,0.796207381,53,0.122969838,35.100540689,true,COMPLETE
1.0,OP_REFERENCE_ASSUMPTION_SANDBOX_V1,166e6c918cff63041b08f31ff5c17fbea49008b8cdd3047b1082b326faae3460,TASK3_OPERATIONAL_POOLED_V1,REFERENCE_ASSUMPTION_SANDBOX_V1,LOCAL_WINDOW_HPP_BASE,4,300.000000000,337.374296450,390,337,5,36,0,12,53,390,0,0,0,0.228513473,2.513361775,0.333417000,1.976706776,0.561930474,3.376242049,0.000000000,0.000000000,0.000000000,35.380112292,38.194423867,0.700597641,0.715610448,53,0.135897436,37.374296450,true,COMPLETE
1.0,OP_REFERENCE_ASSUMPTION_SANDBOX_V1,166e6c918cff63041b08f31ff5c17fbea49008b8cdd3047b1082b326faae3460,TASK3_OPERATIONAL_POOLED_V1,REFERENCE_ASSUMPTION_SANDBOX_V1,LOCAL_WINDOW_HPP_BASE,5,300.000000000,337.948373132,420,362,4,36,0,18,58,420,0,0,0,0.262630960,2.173116226,0.444116044,2.371989244,0.706747004,3.208738954,0.000000000,0.000000000,0.000000000,35.524928822,38.026920772,0.753208107,0.769348281,58,0.138095238,37.948373132,true,COMPLETE
1.0,OP_REFERENCE_ASSUMPTION_SANDBOX_V1,166e6c918cff63041b08f31ff5c17fbea49008b8cdd3047b1082b326faae3460,TASK3_OPERATIONAL_POOLED_V1,REFERENCE_ASSUMPTION_SANDBOX_V1,LOCAL_WINDOW_HPP_BASE,6,300.000000000,334.295584295,389,345,0,28,0,16,44,389,0,0,0,0.305817495,2.520168024,0.459471878,2.821816490,0.765289373,4.239401839,0.000000000,0.000000000,0.000000000,35.583471191,39.057583657,0.705236883,0.720349102,44,0.113110540,34.295584295,true,COMPLETE
1.0,OP_REFERENCE_ASSUMPTION_SANDBOX_V1,166e6c918cff63041b08f31ff5c17fbea49008b8cdd3047b1082b326faae3460,TASK3_OPERATIONAL_POOLED_V1,REFERENCE_ASSUMPTION_SANDBOX_V1,LOCAL_WINDOW_HPP_BASE,7,300.000000000,337.399136012,410,353,3,36,0,18,57,410,0,0,0,0.294726260,2.421887588,0.328043681,2.010467662,0.622769941,3.300048203,0.000000000,0.000000000,0.000000000,35.440951759,38.118230021,0.736471502,0.752253034,57,0.139024390,37.399136012,true,COMPLETE
1.0,OP_REFERENCE_ASSUMPTION_SANDBOX_V1,166e6c918cff63041b08f31ff5c17fbea49008b8cdd3047b1082b326faae3460,TASK3_OPERATIONAL_POOLED_V1,REFERENCE_ASSUMPTION_SANDBOX_V1,LOCAL_WINDOW_HPP_BASE,8,300.000000000,334.290630485,423,379,0,31,0,13,44,423,0,0,0,0.185991156,1.352785766,0.254957192,1.735115949,0.440948348,2.409939065,0.000000000,0.000000000,0.000000000,35.259130166,37.228120883,0.766888489,0.783321813,44,0.104018913,34.290630485,true,COMPLETE
1.0,OP_REFERENCE_ASSUMPTION_SANDBOX_V1,166e6c918cff63041b08f31ff5c17fbea49008b8cdd3047b1082b326faae3460,TASK3_OPERATIONAL_POOLED_V1,REFERENCE_ASSUMPTION_SANDBOX_V1,LOCAL_WINDOW_HPP_BASE,9,300.000000000,334.329075676,394,359,0,21,0,14,35,394,0,0,0,0.195616069,1.684846697,0.418828755,2.852393818,0.614444824,4.137120604,0.000000000,0.000000000,0.000000000,35.432626642,38.955302422,0.714230069,0.729534999,35,0.088832487,34.329075676,true,COMPLETE
1.0,OP_REFERENCE_ASSUMPTION_SANDBOX_V1,166e6c918cff63041b08f31ff5c17fbea49008b8cdd3047b1082b326faae3460,TASK3_OPERATIONAL_POOLED_V1,REFERENCE_ASSUMPTION_SANDBOX_V1,LOCAL_WINDOW_HPP_BASE,10,300.000000000,334.788859887,392,337,0,28,6,21,55,392,0,0,0,0.217551297,1.641641513,0.350142054,2.460892555,0.567693351,3.909044006,0.000000000,0.000000000,0.000000000,35.385875169,38.727225824,0.709628623,0.724834950,55,0.140306122,34.788859887,true,COMPLETE
1.0,OP_RISK_EXTERNAL_P02_D7200,a52cf5e3a539d8949e87eb3d23b0b9ef6fa9c4038dd87d37d65f118fa0033d3b,TASK3_OPERATIONAL_POOLED_V1,RISK_EXTERNAL_P02_D7200,LOCAL_WINDOW_HPP_BASE,1,300.000000000,7593.498143018,424,318,0,32,53,21,106,424,0,0,11,0.276773989,2.002470109,16.331788211,60.723552397,16.608562200,60.899418615,0.000000000,0.000000000,0.000000000,238.219196848,98.732052925,0.033840753,0.531231415,106,0.250000000,7293.498143018,true,COMPLETE
1.0,OP_RISK_EXTERNAL_P02_D7200,a52cf5e3a539d8949e87eb3d23b0b9ef6fa9c4038dd87d37d65f118fa0033d3b,TASK3_OPERATIONAL_POOLED_V1,RISK_EXTERNAL_P02_D7200,LOCAL_WINDOW_HPP_BASE,2,300.000000000,7535.832054437,413,331,0,28,33,21,82,413,0,0,9,0.283024133,1.876303941,9.195835626,34.068051634,9.478859759,34.068051634,0.000000000,0.000000000,0.000000000,201.197767969,72.715993071,0.033215049,0.443399074,82,0.198547215,7235.832054437,true,COMPLETE
1.0,OP_RISK_EXTERNAL_P02_D7200,a52cf5e3a539d8949e87eb3d23b0b9ef6fa9c4038dd87d37d65f118fa0033d3b,TASK3_OPERATIONAL_POOLED_V1,RISK_EXTERNAL_P02_D7200,LOCAL_WINDOW_HPP_BASE,3,300.000000000,7542.811520494,414,351,0,30,12,21,63,414,0,0,8,0.111571186,0.978086989,2.419551732,12.484231425,2.531122918,12.967298117,0.000000000,0.000000000,0.000000000,176.479739519,49.333867480,0.033264664,0.397616041,63,0.152173913,7242.811520494,true,COMPLETE
1.0,OP_RISK_EXTERNAL_P02_D7200,a52cf5e3a539d8949e87eb3d23b0b9ef6fa9c4038dd87d37d65f118fa0033d3b,TASK3_OPERATIONAL_POOLED_V1,RISK_EXTERNAL_P02_D7200,LOCAL_WINDOW_HPP_BASE,4,300.000000000,7519.764103142,390,332,0,29,8,21,58,390,0,0,6,0.123405356,1.080257430,1.922384625,9.234440037,2.045789982,9.234440037,0.000000000,0.000000000,0.000000000,147.633202569,44.545535787,0.031432321,0.305670683,58,0.148717949,7219.764103142,true,COMPLETE
1.0,OP_RISK_EXTERNAL_P02_D7200,a52cf5e3a539d8949e87eb3d23b0b9ef6fa9c4038dd87d37d65f118fa0033d3b,TASK3_OPERATIONAL_POOLED_V1,RISK_EXTERNAL_P02_D7200,LOCAL_WINDOW_HPP_BASE,5,300.000000000,7492.254630259,388,344,0,23,0,21,44,388,0,0,5,0.000000000,0.000000000,0.209591997,1.503802272,0.209591997,1.503802272,0.000000000,0.000000000,0.000000000,127.811278969,36.867896693,0.031385948,0.260866226,44,0.113402062,7192.254630259,true,COMPLETE
1.0,OP_RISK_EXTERNAL_P02_D7200,a52cf5e3a539d8949e87eb3d23b0b9ef6fa9c4038dd87d37d65f118fa0033d3b,TASK3_OPERATIONAL_POOLED_V1,RISK_EXTERNAL_P02_D7200,LOCAL_WINDOW_HPP_BASE,6,300.000000000,7579.080649256,367,289,0,23,34,21,78,367,0,0,15,0.000000000,0.000000000,10.478047604,63.585512279,10.478047604,63.585512279,0.000000000,0.000000000,0.000000000,339.574158577,117.669784133,0.029347127,0.708535490,78,0.212534060,7279.080649256,true,COMPLETE
1.0,OP_RISK_EXTERNAL_P02_D7200,a52cf5e3a539d8949e87eb3d23b0b9ef6fa9c4038dd87d37d65f118fa0033d3b,TASK3_OPERATIONAL_POOLED_V1,RISK_EXTERNAL_P02_D7200,LOCAL_WINDOW_HPP_BASE,7,300.000000000,7482.431056729,390,320,0,26,23,21,70,390,0,0,7,0.008590644,0.000000000,5.721627107,21.980354168,5.730217751,21.980354168,0.000000000,0.000000000,0.000000000,169.779168800,57.356923288,0.031589150,0.353017429,70,0.179487179,7182.431056729,true,COMPLETE
1.0,OP_RISK_EXTERNAL_P02_D7200,a52cf5e3a539d8949e87eb3d23b0b9ef6fa9c4038dd87d37d65f118fa0033d3b,TASK3_OPERATIONAL_POOLED_V1,RISK_EXTERNAL_P02_D7200,LOCAL_WINDOW_HPP_BASE,8,300.000000000,7371.036730377,404,288,0,26,69,21,116,404,0,0,8,0.164877350,1.121418709,31.175511527,71.935674120,31.340388876,71.935674120,0.000000000,0.000000000,0.000000000,208.732828120,107.190576474,0.033217645,0.406042256,116,0.287128713,7071.036730377,true,COMPLETE
1.0,OP_RISK_EXTERNAL_P02_D7200,a52cf5e3a539d8949e87eb3d23b0b9ef6fa9c4038dd87d37d65f118fa0033d3b,TASK3_OPERATIONAL_POOLED_V1,RISK_EXTERNAL_P02_D7200,LOCAL_WINDOW_HPP_BASE,9,300.000000000,7520.177280449,430,371,0,32,6,21,59,430,0,0,5,0.544426210,3.561215091,2.625779003,7.774339683,3.170205213,8.716761412,0.000000000,0.000000000,0.000000000,121.709317264,44.126372693,0.034654244,0.263354987,59,0.137209302,7220.177280449,true,COMPLETE
1.0,OP_RISK_EXTERNAL_P02_D7200,a52cf5e3a539d8949e87eb3d23b0b9ef6fa9c4038dd87d37d65f118fa0033d3b,TASK3_OPERATIONAL_POOLED_V1,RISK_EXTERNAL_P02_D7200,LOCAL_WINDOW_HPP_BASE,10,300.000000000,7505.024458098,393,320,3,36,13,21,73,393,0,0,5,0.572902644,4.912238452,3.357845197,14.191445138,3.930747842,18.667809849,0.000000000,0.000000000,0.000000000,130.351983095,53.784244188,0.031736315,0.260834783,73,0.185750636,7205.024458098,true,COMPLETE
1.0,OP_RISK_EXTERNAL_P02_D900,c13fea5b026ecf69eb459ab293473037346921ed9fde275e61d3388ccfbd5688,TASK3_OPERATIONAL_POOLED_V1,RISK_EXTERNAL_P02_D900,LOCAL_WINDOW_HPP_BASE,1,300.000000000,1288.345484443,444,309,0,32,82,21,135,444,0,0,12,0.394843795,2.582547509,32.893314422,108.331755730,33.288158218,108.331755730,0.000000000,0.000000000,0.000000000,92.430664360,151.863479662,0.208865489,0.612524254,135,0.304054054,988.345484443,true,COMPLETE
1.0,OP_RISK_EXTERNAL_P02_D900,c13fea5b026ecf69eb459ab293473037346921ed9fde275e61d3388ccfbd5688,TASK3_OPERATIONAL_POOLED_V1,RISK_EXTERNAL_P02_D900,LOCAL_WINDOW_HPP_BASE,2,300.000000000,1249.975329341,360,297,0,31,11,21,63,360,0,0,8,0.078365059,0.513311477,3.974834652,15.392738168,4.053199711,15.470789436,0.000000000,0.000000000,0.000000000,58.871381529,51.843016856,0.174548900,0.452580361,63,0.175000000,949.975329341,true,COMPLETE
1.0,OP_RISK_EXTERNAL_P02_D900,c13fea5b026ecf69eb459ab293473037346921ed9fde275e61d3388ccfbd5688,TASK3_OPERATIONAL_POOLED_V1,RISK_EXTERNAL_P02_D900,LOCAL_WINDOW_HPP_BASE,3,300.000000000,1238.613550444,418,286,0,33,78,21,132,418,0,0,10,0.751764316,5.011263135,27.837865564,98.057129188,28.589629879,98.057129188,0.000000000,0.000000000,0.000000000,84.938912176,135.361436534,0.204529761,0.554921536,132,0.315789474,938.613550444,true,COMPLETE
1.0,OP_RISK_EXTERNAL_P02_D900,c13fea5b026ecf69eb459ab293473037346921ed9fde275e61d3388ccfbd5688,TASK3_OPERATIONAL_POOLED_V1,RISK_EXTERNAL_P02_D900,LOCAL_WINDOW_HPP_BASE,4,300.000000000,1299.803327339,405,285,0,21,78,21,120,405,0,0,12,0.226165931,1.809613070,31.238322273,103.015017102,31.464488204,103.015017102,0.000000000,0.000000000,0.000000000,92.949336689,141.714584669,0.188839758,0.588550578,120,0.296296296,999.803327339,true,COMPLETE
1.0,OP_RISK_EXTERNAL_P02_D900,c13fea5b026ecf69eb459ab293473037346921ed9fde275e61d3388ccfbd5688,TASK3_OPERATIONAL_POOLED_V1,RISK_EXTERNAL_P02_D900,LOCAL_WINDOW_HPP_BASE,5,300.000000000,1273.364903178,414,314,0,36,43,21,100,414,0,0,8,0.038881888,0.068871893,14.964543838,45.183246331,15.003425726,45.183246331,0.000000000,0.000000000,0.000000000,67.212911891,82.727668420,0.197044139,0.470519374,100,0.241545894,973.364903178,true,COMPLETE
1.0,OP_RISK_EXTERNAL_P02_D900,c13fea5b026ecf69eb459ab293473037346921ed9fde275e61d3388ccfbd5688,TASK3_OPERATIONAL_POOLED_V1,RISK_EXTERNAL_P02_D900,LOCAL_WINDOW_HPP_BASE,6,300.000000000,1234.390430450,399,335,1,36,6,21,64,399,0,0,5,0.147791573,1.513309204,1.056446861,8.139159748,1.204238434,8.159101702,0.000000000,0.000000000,0.000000000,47.300615741,43.470896689,0.195900888,0.373695148,64,0.160401003,934.390430450,true,COMPLETE
1.0,OP_RISK_EXTERNAL_P02_D900,c13fea5b026ecf69eb459ab293473037346921ed9fde275e61d3388ccfbd5688,TASK3_OPERATIONAL_POOLED_V1,RISK_EXTERNAL_P02_D900,LOCAL_WINDOW_HPP_BASE,7,300.000000000,1209.686000661,395,347,0,25,2,21,48,395,0,0,6,0.063588649,0.124710706,1.170879776,3.713094735,1.234468425,3.858365435,0.000000000,0.000000000,0.000000000,49.723536319,39.039761078,0.197897586,0.414708169,48,0.121518987,909.686000661,true,COMPLETE
1.0,OP_RISK_EXTERNAL_P02_D900,c13fea5b026ecf69eb459ab293473037346921ed9fde275e61d3388ccfbd5688,TASK3_OPERATIONAL_POOLED_V1,RISK_EXTERNAL_P02_D900,LOCAL_WINDOW_HPP_BASE,8,300.000000000,1210.910126057,395,327,1,36,10,21,68,395,0,0,6,0.300582491,2.823535654,2.106892620,13.019790250,2.407475111,16.725081330,0.000000000,0.000000000,0.000000000,50.896543005,52.235364886,0.197697529,0.414288935,68,0.172151899,910.910126057,true,COMPLETE
1.0,OP_RISK_EXTERNAL_P02_D900,c13fea5b026ecf69eb459ab293473037346921ed9fde275e61d3388ccfbd5688,TASK3_OPERATIONAL_POOLED_V1,RISK_EXTERNAL_P02_D900,LOCAL_WINDOW_HPP_BASE,9,300.000000000,1266.361025354,454,347,0,24,62,21,107,454,0,0,6,1.941896647,6.346492929,23.864774435,50.139505568,25.806671082,50.139505568,0.000000000,0.000000000,0.000000000,72.519126028,85.260722278,0.217277308,0.424989766,107,0.235682819,966.361025354,true,COMPLETE
1.0,OP_RISK_EXTERNAL_P02_D900,c13fea5b026ecf69eb459ab293473037346921ed9fde275e61d3388ccfbd5688,TASK3_OPERATIONAL_POOLED_V1,RISK_EXTERNAL_P02_D900,LOCAL_WINDOW_HPP_BASE,10,300.000000000,1266.174283958,381,309,0,32,19,21,72,381,0,0,10,0.000000000,0.000000000,6.623601697,23.918323620,6.623601697,23.918323620,0.000000000,0.000000000,0.000000000,65.063830759,63.286786617,0.182367541,0.524752856,72,0.188976378,966.174283958,true,COMPLETE
1.0,OP_SERVICE_SG_BUS_QR_10S,cdadcb34db075ece6920b1c6e8c8cef0fe52d63663efa734453e81e364ec2f5d,TASK3_OPERATIONAL_POOLED_V1,SERVICE_SG_BUS_QR_10S,LOCAL_WINDOW_HPP_BASE,1,300.000000000,331.734793775,393,349,0,26,0,18,44,393,0,0,0,0.190515917,1.166221433,0.003415211,0.000000000,0.193931128,1.166221433,0.000000000,0.000000000,0.000000000,32.012112946,32.984403251,0.717988654,0.564133943,44,0.111959288,31.734793775,true,COMPLETE
1.0,OP_SERVICE_SG_BUS_QR_10S,cdadcb34db075ece6920b1c6e8c8cef0fe52d63663efa734453e81e364ec2f5d,TASK3_OPERATIONAL_POOLED_V1,SERVICE_SG_BUS_QR_10S,LOCAL_WINDOW_HPP_BASE,2,300.000000000,336.125929073,434,377,7,36,0,14,57,434,0,0,0,0.539516196,3.937996754,0.017771817,0.000000000,0.557288013,4.004790962,0.000000000,0.000000000,0.000000000,32.375469831,35.822972780,0.782534997,0.614848927,57,0.131336406,36.125929073,true,COMPLETE
1.0,OP_SERVICE_SG_BUS_QR_10S,cdadcb34db075ece6920b1c6e8c8cef0fe52d63663efa734453e81e364ec2f5d,TASK3_OPERATIONAL_POOLED_V1,SERVICE_SG_BUS_QR_10S,LOCAL_WINDOW_HPP_BASE,3,300.000000000,331.101013096,426,374,0,36,0,16,52,426,0,0,0,0.758129240,5.778117463,0.012351421,0.000000000,0.770480661,5.778117463,0.000000000,0.000000000,0.000000000,32.588662479,37.596299281,0.779767527,0.612674486,52,0.122065728,31.101013096,true,COMPLETE
1.0,OP_SERVICE_SG_BUS_QR_10S,cdadcb34db075ece6920b1c6e8c8cef0fe52d63663efa734453e81e364ec2f5d,TASK3_OPERATIONAL_POOLED_V1,SERVICE_SG_BUS_QR_10S,LOCAL_WINDOW_HPP_BASE,4,300.000000000,332.545602241,396,344,4,36,0,12,52,396,0,0,0,0.235270359,2.061964217,0.002921271,0.000000000,0.238191630,2.061964217,0.000000000,0.000000000,0.000000000,32.056373448,33.880146035,0.721705530,0.567054345,52,0.131313131,32.545602241,true,COMPLETE
1.0,OP_SERVICE_SG_BUS_QR_10S,cdadcb34db075ece6920b1c6e8c8cef0fe52d63663efa734453e81e364ec2f5d,TASK3_OPERATIONAL_POOLED_V1,SERVICE_SG_BUS_QR_10S,LOCAL_WINDOW_HPP_BASE,5,300.000000000,329.849278967,375,336,0,28,0,11,39,375,0,0,0,0.000000000,0.000000000,0.000000000,0.000000000,0.000000000,0.000000000,0.000000000,0.000000000,0.000000000,31.818181818,31.818181818,0.689019931,0.541372803,39,0.104000000,29.849278967,true,COMPLETE
1.0,OP_SERVICE_SG_BUS_QR_10S,cdadcb34db075ece6920b1c6e8c8cef0fe52d63663efa734453e81e364ec2f5d,TASK3_OPERATIONAL_POOLED_V1,SERVICE_SG_BUS_QR_10S,LOCAL_WINDOW_HPP_BASE,6,300.000000000,331.255822838,392,348,0,31,0,13,44,392,0,0,0,0.035612850,0.000000000,0.000178874,0.000000000,0.035791724,0.000000000,0.000000000,0.000000000,0.000000000,31.853973542,31.818181818,0.717197227,0.563512107,44,0.112244898,31.255822838,true,COMPLETE
1.0,OP_SERVICE_SG_BUS_QR_10S,cdadcb34db075ece6920b1c6e8c8cef0fe52d63663efa734453e81e364ec2f5d,TASK3_OPERATIONAL_POOLED_V1,SERVICE_SG_BUS_QR_10S,LOCAL_WINDOW_HPP_BASE,7,300.000000000,331.465764591,422,383,0,24,0,15,39,422,0,0,0,0.827566440,4.745920614,0.001686474,0.000000000,0.829252914,4.745920614,0.000000000,0.000000000,0.000000000,32.647434732,36.564102432,0.771595752,0.606253805,39,0.092417062,31.465764591,true,COMPLETE
1.0,OP_SERVICE_SG_BUS_QR_10S,cdadcb34db075ece6920b1c6e8c8cef0fe52d63663efa734453e81e364ec2f5d,TASK3_OPERATIONAL_POOLED_V1,SERVICE_SG_BUS_QR_10S,LOCAL_WINDOW_HPP_BASE,8,300.000000000,330.618208587,413,367,0,34,0,12,46,413,0,0,0,0.197904783,1.236772163,0.056901800,0.000000000,0.254806583,1.933357759,0.000000000,0.000000000,0.000000000,32.072988401,33.751539577,0.757075756,0.594845237,46,0.111380145,30.618208587,true,COMPLETE
1.0,OP_SERVICE_SG_BUS_QR_10S,cdadcb34db075ece6920b1c6e8c8cef0fe52d63663efa734453e81e364ec2f5d,TASK3_OPERATIONAL_POOLED_V1,SERVICE_SG_BUS_QR_10S,LOCAL_WINDOW_HPP_BASE,9,300.000000000,331.180762200,414,363,0,31,0,20,51,414,0,0,0,0.638884036,4.205644464,0.001940366,0.000000000,0.640824402,4.205644464,0.000000000,0.000000000,0.000000000,32.459006220,36.023826282,0.757619764,0.595272672,51,0.123188406,31.180762200,true,COMPLETE
1.0,OP_SERVICE_SG_BUS_QR_10S,cdadcb34db075ece6920b1c6e8c8cef0fe52d63663efa734453e81e364ec2f5d,TASK3_OPERATIONAL_POOLED_V1,SERVICE_SG_BUS_QR_10S,LOCAL_WINDOW_HPP_BASE,10,300.000000000,331.350363348,415,379,0,27,0,9,36,415,0,0,0,0.201041983,1.672744637,0.012479123,0.000000000,0.213521106,1.672744637,0.000000000,0.000000000,0.000000000,32.031702924,33.490926455,0.759061040,0.596405103,36,0.086746988,31.350363348,true,COMPLETE
1.0,OP_SERVICE_SG_TRAIN_KIOSK_24S,51c5171980db0f51dcf80799c0bda16b31f16b5b9c0c5622e341254eb6b712d1,TASK3_OPERATIONAL_POOLED_V1,SERVICE_SG_TRAIN_KIOSK_24S,LOCAL_WINDOW_HPP_BASE,1,300.000000000,492.115384168,397,228,0,30,118,21,169,397,0,0,0,0.084593570,0.427162969,72.378556953,138.489950341,72.463150523,138.489950341,0.000000000,0.000000000,0.000000000,118.281332341,184.308132159,0.488922046,0.921967287,169,0.425692695,192.115384168,true,COMPLETE
1.0,OP_SERVICE_SG_TRAIN_KIOSK_24S,51c5171980db0f51dcf80799c0bda16b31f16b5b9c0c5622e341254eb6b712d1,TASK3_OPERATIONAL_POOLED_V1,SERVICE_SG_TRAIN_KIOSK_24S,LOCAL_WINDOW_HPP_BASE,2,300.000000000,532.790295745,433,228,0,29,155,21,205,433,0,0,0,0.643623179,3.552696508,94.430506781,180.980610125,95.074129960,180.980610125,0.000000000,0.000000000,0.000000000,140.892311778,226.798791943,0.492546964,0.928802846,205,0.473441109,232.790295745,true,COMPLETE
1.0,OP_SERVICE_SG_TRAIN_KIOSK_24S,51c5171980db0f51dcf80799c0bda16b31f16b5b9c0c5622e341254eb6b712d1,TASK3_OPERATIONAL_POOLED_V1,SERVICE_SG_TRAIN_KIOSK_24S,LOCAL_WINDOW_HPP_BASE,3,300.000000000,513.362808245,416,231,0,36,128,21,185,416,0,0,0,0.074270340,0.292122487,79.724302700,156.680596830,79.798573040,156.680596830,0.000000000,0.000000000,0.000000000,125.616754858,202.498778648,0.491117019,0.926106379,185,0.444711538,213.362808245,true,COMPLETE
1.0,OP_SERVICE_SG_TRAIN_KIOSK_24S,51c5171980db0f51dcf80799c0bda16b31f16b5b9c0c5622e341254eb6b712d1,TASK3_OPERATIONAL_POOLED_V1,SERVICE_SG_TRAIN_KIOSK_24S,LOCAL_WINDOW_HPP_BASE,4,300.000000000,504.244600201,404,231,0,29,123,21,173,404,0,0,0,0.236875980,2.240784603,73.318283478,151.822553541,73.555159458,151.822553541,0.000000000,0.000000000,0.000000000,119.373341276,197.640735359,0.485574828,0.915655389,173,0.428217822,204.244600201,true,COMPLETE
1.0,OP_SERVICE_SG_TRAIN_KIOSK_24S,51c5171980db0f51dcf80799c0bda16b31f16b5b9c0c5622e341254eb6b712d1,TASK3_OPERATIONAL_POOLED_V1,SERVICE_SG_TRAIN_KIOSK_24S,LOCAL_WINDOW_HPP_BASE,5,300.000000000,567.635874189,460,224,0,32,183,21,236,460,0,0,0,2.153261736,8.274731730,106.875880760,211.599535928,109.029142496,211.599535928,0.000000000,0.000000000,0.000000000,154.847324314,257.417717746,0.491138583,0.926147042,236,0.513043478,267.635874189,true,COMPLETE
1.0,OP_SERVICE_SG_TRAIN_KIOSK_24S,51c5171980db0f51dcf80799c0bda16b31f16b5b9c0c5622e341254eb6b712d1,TASK3_OPERATIONAL_POOLED_V1,SERVICE_SG_TRAIN_KIOSK_24S,LOCAL_WINDOW_HPP_BASE,6,300.000000000,505.900615706,407,231,0,27,128,21,176,407,0,0,0,0.561282459,3.872587960,82.898600793,153.563438082,83.459883253,153.882607576,0.000000000,0.000000000,0.000000000,129.278065071,199.700789394,0.487579297,0.919435246,176,0.432432432,205.900615706,true,COMPLETE
1.0,OP_SERVICE_SG_TRAIN_KIOSK_24S,51c5171980db0f51dcf80799c0bda16b31f16b5b9c0c5622e341254eb6b712d1,TASK3_OPERATIONAL_POOLED_V1,SERVICE_SG_TRAIN_KIOSK_24S,LOCAL_WINDOW_HPP_BASE,7,300.000000000,535.090200516,431,226,0,32,152,21,205,431,0,0,0,0.382983192,2.706763142,97.510856407,179.543688593,97.893839599,179.543688593,0.000000000,0.000000000,0.000000000,143.712021417,225.361870411,0.488164651,0.920539057,205,0.475638051,235.090200516,true,COMPLETE
1.0,OP_SERVICE_SG_TRAIN_KIOSK_24S,51c5171980db0f51dcf80799c0bda16b31f16b5b9c0c5622e341254eb6b712d1,TASK3_OPERATIONAL_POOLED_V1,SERVICE_SG_TRAIN_KIOSK_24S,LOCAL_WINDOW_HPP_BASE,8,300.000000000,509.204894181,405,228,0,33,123,21,177,405,0,0,0,0.018296343,0.000000000,75.353834106,151.732535594,75.372130449,151.732535594,0.000000000,0.000000000,0.000000000,121.190312267,197.550717412,0.482034930,0.908980153,177,0.437037037,209.204894181,true,COMPLETE
1.0,OP_SERVICE_SG_TRAIN_KIOSK_24S,51c5171980db0f51dcf80799c0bda16b31f16b5b9c0c5622e341254eb6b712d1,TASK3_OPERATIONAL_POOLED_V1,SERVICE_SG_TRAIN_KIOSK_24S,LOCAL_WINDOW_HPP_BASE,9,300.000000000,511.015627384,409,231,0,33,124,21,178,409,0,0,0,0.437144646,3.439776425,73.807624050,153.752071474,74.244768696,153.752071474,0.000000000,0.000000000,0.000000000,120.062950514,199.570253292,0.485070856,0.914705043,178,0.435207824,211.015627384,true,COMPLETE
1.0,OP_SERVICE_SG_TRAIN_KIOSK_24S,51c5171980db0f51dcf80799c0bda16b31f16b5b9c0c5622e341254eb6b712d1,TASK3_OPERATIONAL_POOLED_V1,SERVICE_SG_TRAIN_KIOSK_24S,LOCAL_WINDOW_HPP_BASE,10,300.000000000,516.527572291,419,229,0,29,140,21,190,419,0,0,0,0.539471060,3.678894010,90.177755005,170.191431218,90.717226065,170.191431218,0.000000000,0.000000000,0.000000000,136.535407883,216.009613036,0.491627955,0.927069858,190,0.453460621,216.527572291,true,COMPLETE
1.0,OP_SERVICE_SG_TRAIN_MANUAL_45S,88894cc6b5bcffbcc8c95ec7e0983d6a47022176b31e1355d4dcf9721a960fe4,TASK3_OPERATIONAL_POOLED_V1,SERVICE_SG_TRAIN_MANUAL_45S,LOCAL_WINDOW_HPP_BASE,1,300.000000000,840.886943522,373,117,0,30,205,21,256,373,0,0,0,0.071671363,0.000000000,237.678842121,448.307412596,237.750513484,448.307412596,0.000000000,0.000000000,0.000000000,304.568695302,515.125594414,0.268835909,0.950526965,256,0.686327078,540.886943522,true,COMPLETE
1.0,OP_SERVICE_SG_TRAIN_MANUAL_45S,88894cc6b5bcffbcc8c95ec7e0983d6a47022176b31e1355d4dcf9721a960fe4,TASK3_OPERATIONAL_POOLED_V1,SERVICE_SG_TRAIN_MANUAL_45S,LOCAL_WINDOW_HPP_BASE,2,300.000000000,979.519373428,434,114,0,24,275,21,320,434,0,0,0,0.505654147,3.853347597,305.437245767,587.424679830,305.942899914,587.424679830,0.032258065,0.000000000,0.000000000,372.761081732,654.242861648,0.268529965,0.949445233,320,0.737327189,679.519373428,true,COMPLETE
1.0,OP_SERVICE_SG_TRAIN_MANUAL_45S,88894cc6b5bcffbcc8c95ec7e0983d6a47022176b31e1355d4dcf9721a960fe4,TASK3_OPERATIONAL_POOLED_V1,SERVICE_SG_TRAIN_MANUAL_45S,LOCAL_WINDOW_HPP_BASE,3,300.000000000,882.951074927,386,116,0,23,226,21,270,386,0,0,0,0.013041533,0.000000000,249.934876236,490.211326181,249.947917770,490.211326181,0.000000000,0.000000000,0.000000000,316.766099588,557.029507999,0.264951706,0.936793533,270,0.699481865,582.951074927,true,COMPLETE
1.0,OP_SERVICE_SG_TRAIN_MANUAL_45S,88894cc6b5bcffbcc8c95ec7e0983d6a47022176b31e1355d4dcf9721a960fe4,TASK3_OPERATIONAL_POOLED_V1,SERVICE_SG_TRAIN_MANUAL_45S,LOCAL_WINDOW_HPP_BASE,4,300.000000000,926.573136538,406,119,0,23,243,21,287,406,0,0,0,0.353246675,2.664321230,272.429203928,532.870119831,272.782450603,532.870119831,0.000000000,0.000000000,0.000000000,339.600632421,599.688301649,0.265559832,0.938943690,287,0.706896552,626.573136538,true,COMPLETE
1.0,OP_SERVICE_SG_TRAIN_MANUAL_45S,88894cc6b5bcffbcc8c95ec7e0983d6a47022176b31e1355d4dcf9721a960fe4,TASK3_OPERATIONAL_POOLED_V1,SERVICE_SG_TRAIN_MANUAL_45S,LOCAL_WINDOW_HPP_BASE,5,300.000000000,889.932863058,399,119,1,36,222,21,280,399,0,0,0,0.387731949,2.888325032,258.089248756,521.510099193,258.476980705,521.820866369,0.000000000,0.000000000,0.000000000,325.295162523,588.639048187,0.271726320,0.960746631,280,0.701754386,589.932863058,true,COMPLETE
1.0,OP_SERVICE_SG_TRAIN_MANUAL_45S,88894cc6b5bcffbcc8c95ec7e0983d6a47022176b31e1355d4dcf9721a960fe4,TASK3_OPERATIONAL_POOLED_V1,SERVICE_SG_TRAIN_MANUAL_45S,LOCAL_WINDOW_HPP_BASE,6,300.000000000,932.905125499,408,109,0,31,247,21,299,408,0,0,0,0.193749660,1.439647212,269.574472569,536.242242791,269.768222229,536.242242791,0.000000000,0.000000000,0.000000000,336.586404047,603.060424609,0.265056671,0.937164660,299,0.732843137,632.905125499,true,COMPLETE
1.0,OP_SERVICE_SG_TRAIN_MANUAL_45S,88894cc6b5bcffbcc8c95ec7e0983d6a47022176b31e1355d4dcf9721a960fe4,TASK3_OPERATIONAL_POOLED_V1,SERVICE_SG_TRAIN_MANUAL_45S,LOCAL_WINDOW_HPP_BASE,7,300.000000000,931.526200428,412,115,0,27,249,21,297,412,0,0,0,0.177090526,1.446896221,279.326777122,539.228394417,279.503867648,539.228394417,0.000000000,0.000000000,0.000000000,346.322049466,606.046576235,0.268051472,0.947753421,297,0.720873786,631.526200428,true,COMPLETE
1.0,OP_SERVICE_SG_TRAIN_MANUAL_45S,88894cc6b5bcffbcc8c95ec7e0983d6a47022176b31e1355d4dcf9721a960fe4,TASK3_OPERATIONAL_POOLED_V1,SERVICE_SG_TRAIN_MANUAL_45S,LOCAL_WINDOW_HPP_BASE,8,300.000000000,930.290571828,412,117,0,36,238,21,295,412,0,0,0,0.436161973,3.021175242,271.640726389,531.512140767,272.076888362,531.512140767,0.000000000,0.000000000,0.000000000,338.895070180,598.330322585,0.268407503,0.949012244,295,0.716019417,630.290571828,true,COMPLETE
1.0,OP_SERVICE_SG_TRAIN_MANUAL_45S,88894cc6b5bcffbcc8c95ec7e0983d6a47022176b31e1355d4dcf9721a960fe4,TASK3_OPERATIONAL_POOLED_V1,SERVICE_SG_TRAIN_MANUAL_45S,LOCAL_WINDOW_HPP_BASE,9,300.000000000,884.523157306,389,116,0,25,227,21,273,389,0,0,0,0.271295317,2.130794265,250.522870735,491.722061498,250.794166052,491.722061498,0.000000000,0.000000000,0.000000000,317.612347870,558.540243316,0.266536352,0.942396388,273,0.701799486,584.523157306,true,COMPLETE
1.0,OP_SERVICE_SG_TRAIN_MANUAL_45S,88894cc6b5bcffbcc8c95ec7e0983d6a47022176b31e1355d4dcf9721a960fe4,TASK3_OPERATIONAL_POOLED_V1,SERVICE_SG_TRAIN_MANUAL_45S,LOCAL_WINDOW_HPP_BASE,10,300.000000000,847.066275430,371,112,0,21,217,21,259,371,0,0,0,0.106012597,0.357975736,230.297408517,459.150945467,230.403421114,459.333571902,0.000000000,0.000000000,0.000000000,297.221602932,526.151753720,0.265443793,0.938533410,259,0.698113208,547.066275430,true,COMPLETE
