schema_version,config_id,config_sha256,model_version,scenario_id,scenario_family,reference_scenario_id,input_sample_id,replication_id,master_seed,arrival_seed,service_seed,routing_seed,tie_seed,start_state,arrival_mode,arrival_cutoff_seconds,drain_end_seconds,drain_rule,engine_name,engine_version,calibration_status,claim_ceiling,crn_alignment_status,run_status
1.0,OP_AUTO_HTX_TRIAL_U100_M60,5ff882ef5e872f1d06b67e27fb6fd91e3b65b3dcb563d1c03eb57a60d083376f,TASK3_OPERATIONAL_POOLED_V1,AUTO_HTX_TRIAL_U100_M60,AUTOMATION,REFERENCE_ASSUMPTION_SANDBOX_V1,LOCAL_WINDOW_HPP_BASE,1,2026072800,2027072901,2027072902,2027072903,2027072904,EMPTY_AND_IDLE,HPP,300.000000000,328.638078568,FULL_DRAIN,AnyLogic,8.9.9.202607020720,NOT_CALIBRATED,COMPARATIVE_WHAT_IF_ONLY,NOT_TESTED,COMPLETE
1.0,OP_AUTO_HTX_TRIAL_U100_M60,5ff882ef5e872f1d06b67e27fb6fd91e3b65b3dcb563d1c03eb57a60d083376f,TASK3_OPERATIONAL_POOLED_V1,AUTO_HTX_TRIAL_U100_M60,AUTOMATION,REFERENCE_ASSUMPTION_SANDBOX_V1,LOCAL_WINDOW_HPP_BASE,2,2026072800,2027073001,2027073002,2027073003,2027073004,EMPTY_AND_IDLE,HPP,300.000000000,327.837020230,FULL_DRAIN,AnyLogic,8.9.9.202607020720,NOT_CALIBRATED,COMPARATIVE_WHAT_IF_ONLY,NOT_TESTED,COMPLETE
1.0,OP_AUTO_HTX_TRIAL_U100_M60,5ff882ef5e872f1d06b67e27fb6fd91e3b65b3dcb563d1c03eb57a60d083376f,TASK3_OPERATIONAL_POOLED_V1,AUTO_HTX_TRIAL_U100_M60,AUTOMATION,REFERENCE_ASSUMPTION_SANDBOX_V1,LOCAL_WINDOW_HPP_BASE,3,2026072800,2027073101,2027073102,2027073103,2027073104,EMPTY_AND_IDLE,HPP,300.000000000,329.360809978,FULL_DRAIN,AnyLogic,8.9.9.202607020720,NOT_CALIBRATED,COMPARATIVE_WHAT_IF_ONLY,NOT_TESTED,COMPLETE
1.0,OP_AUTO_HTX_TRIAL_U100_M60,5ff882ef5e872f1d06b67e27fb6fd91e3b65b3dcb563d1c03eb57a60d083376f,TASK3_OPERATIONAL_POOLED_V1,AUTO_HTX_TRIAL_U100_M60,AUTOMATION,REFERENCE_ASSUMPTION_SANDBOX_V1,LOCAL_WINDOW_HPP_BASE,4,2026072800,2027073201,2027073202,2027073203,2027073204,EMPTY_AND_IDLE,HPP,300.000000000,325.395075497,FULL_DRAIN,AnyLogic,8.9.9.202607020720,NOT_CALIBRATED,COMPARATIVE_WHAT_IF_ONLY,NOT_TESTED,COMPLETE
1.0,OP_AUTO_HTX_TRIAL_U100_M60,5ff882ef5e872f1d06b67e27fb6fd91e3b65b3dcb563d1c03eb57a60d083376f,TASK3_OPERATIONAL_POOLED_V1,AUTO_HTX_TRIAL_U100_M60,AUTOMATION,REFERENCE_ASSUMPTION_SANDBOX_V1,LOCAL_WINDOW_HPP_BASE,5,2026072800,2027073301,2027073302,2027073303,2027073304,EMPTY_AND_IDLE,HPP,300.000000000,331.977392971,FULL_DRAIN,AnyLogic,8.9.9.202607020720,NOT_CALIBRATED,COMPARATIVE_WHAT_IF_ONLY,NOT_TESTED,COMPLETE
1.0,OP_AUTO_HTX_TRIAL_U100_M60,5ff882ef5e872f1d06b67e27fb6fd91e3b65b3dcb563d1c03eb57a60d083376f,TASK3_OPERATIONAL_POOLED_V1,AUTO_HTX_TRIAL_U100_M60,AUTOMATION,REFERENCE_ASSUMPTION_SANDBOX_V1,LOCAL_WINDOW_HPP_BASE,6,2026072800,2027073401,2027073402,2027073403,2027073404,EMPTY_AND_IDLE,HPP,300.000000000,327.871388513,FULL_DRAIN,AnyLogic,8.9.9.202607020720,NOT_CALIBRATED,COMPARATIVE_WHAT_IF_ONLY,NOT_TESTED,COMPLETE
1.0,OP_AUTO_HTX_TRIAL_U100_M60,5ff882ef5e872f1d06b67e27fb6fd91e3b65b3dcb563d1c03eb57a60d083376f,TASK3_OPERATIONAL_POOLED_V1,AUTO_HTX_TRIAL_U100_M60,AUTOMATION,REFERENCE_ASSUMPTION_SANDBOX_V1,LOCAL_WINDOW_HPP_BASE,7,2026072800,2027073501,2027073502,2027073503,2027073504,EMPTY_AND_IDLE,HPP,300.000000000,328.243552397,FULL_DRAIN,AnyLogic,8.9.9.202607020720,NOT_CALIBRATED,COMPARATIVE_WHAT_IF_ONLY,NOT_TESTED,COMPLETE
1.0,OP_AUTO_HTX_TRIAL_U100_M60,5ff882ef5e872f1d06b67e27fb6fd91e3b65b3dcb563d1c03eb57a60d083376f,TASK3_OPERATIONAL_POOLED_V1,AUTO_HTX_TRIAL_U100_M60,AUTOMATION,REFERENCE_ASSUMPTION_SANDBOX_V1,LOCAL_WINDOW_HPP_BASE,8,2026072800,2027073601,2027073602,2027073603,2027073604,EMPTY_AND_IDLE,HPP,300.000000000,329.304305824,FULL_DRAIN,AnyLogic,8.9.9.202607020720,NOT_CALIBRATED,COMPARATIVE_WHAT_IF_ONLY,NOT_TESTED,COMPLETE
1.0,OP_AUTO_HTX_TRIAL_U100_M60,5ff882ef5e872f1d06b67e27fb6fd91e3b65b3dcb563d1c03eb57a60d083376f,TASK3_OPERATIONAL_POOLED_V1,AUTO_HTX_TRIAL_U100_M60,AUTOMATION,REFERENCE_ASSUMPTION_SANDBOX_V1,LOCAL_WINDOW_HPP_BASE,9,2026072800,2027073701,2027073702,2027073703,2027073704,EMPTY_AND_IDLE,HPP,300.000000000,329.082133864,FULL_DRAIN,AnyLogic,8.9.9.202607020720,NOT_CALIBRATED,COMPARATIVE_WHAT_IF_ONLY,NOT_TESTED,COMPLETE
1.0,OP_AUTO_HTX_TRIAL_U100_M60,5ff882ef5e872f1d06b67e27fb6fd91e3b65b3dcb563d1c03eb57a60d083376f,TASK3_OPERATIONAL_POOLED_V1,AUTO_HTX_TRIAL_U100_M60,AUTOMATION,REFERENCE_ASSUMPTION_SANDBOX_V1,LOCAL_WINDOW_HPP_BASE,10,2026072800,2027073801,2027073802,2027073803,2027073804,EMPTY_AND_IDLE,HPP,300.000000000,328.710551487,FULL_DRAIN,AnyLogic,8.9.9.202607020720,NOT_CALIBRATED,COMPARATIVE_WHAT_IF_ONLY,NOT_TESTED,COMPLETE
1.0,OP_AUTO_HTX_TRIAL_U50_M60,45de50cf67e57f376bebbb9cf9c7ad27be92a165248a238089c015edec8a2549,TASK3_OPERATIONAL_POOLED_V1,AUTO_HTX_TRIAL_U50_M60,AUTOMATION,REFERENCE_ASSUMPTION_SANDBOX_V1,LOCAL_WINDOW_HPP_BASE,1,2026072800,2026972901,2026972902,2026972903,2026972904,EMPTY_AND_IDLE,HPP,300.000000000,334.795766802,FULL_DRAIN,AnyLogic,8.9.9.202607020720,NOT_CALIBRATED,COMPARATIVE_WHAT_IF_ONLY,NOT_TESTED,COMPLETE
1.0,OP_AUTO_HTX_TRIAL_U50_M60,45de50cf67e57f376bebbb9cf9c7ad27be92a165248a238089c015edec8a2549,TASK3_OPERATIONAL_POOLED_V1,AUTO_HTX_TRIAL_U50_M60,AUTOMATION,REFERENCE_ASSUMPTION_SANDBOX_V1,LOCAL_WINDOW_HPP_BASE,2,2026072800,2026973001,2026973002,2026973003,2026973004,EMPTY_AND_IDLE,HPP,300.000000000,333.698584697,FULL_DRAIN,AnyLogic,8.9.9.202607020720,NOT_CALIBRATED,COMPARATIVE_WHAT_IF_ONLY,NOT_TESTED,COMPLETE
1.0,OP_AUTO_HTX_TRIAL_U50_M60,45de50cf67e57f376bebbb9cf9c7ad27be92a165248a238089c015edec8a2549,TASK3_OPERATIONAL_POOLED_V1,AUTO_HTX_TRIAL_U50_M60,AUTOMATION,REFERENCE_ASSUMPTION_SANDBOX_V1,LOCAL_WINDOW_HPP_BASE,3,2026072800,2026973101,2026973102,2026973103,2026973104,EMPTY_AND_IDLE,HPP,300.000000000,334.430042904,FULL_DRAIN,AnyLogic,8.9.9.202607020720,NOT_CALIBRATED,COMPARATIVE_WHAT_IF_ONLY,NOT_TESTED,COMPLETE
1.0,OP_AUTO_HTX_TRIAL_U50_M60,45de50cf67e57f376bebbb9cf9c7ad27be92a165248a238089c015edec8a2549,TASK3_OPERATIONAL_POOLED_V1,AUTO_HTX_TRIAL_U50_M60,AUTOMATION,REFERENCE_ASSUMPTION_SANDBOX_V1,LOCAL_WINDOW_HPP_BASE,4,2026072800,2026973201,2026973202,2026973203,2026973204,EMPTY_AND_IDLE,HPP,300.000000000,334.562978255,FULL_DRAIN,AnyLogic,8.9.9.202607020720,NOT_CALIBRATED,COMPARATIVE_WHAT_IF_ONLY,NOT_TESTED,COMPLETE
1.0,OP_AUTO_HTX_TRIAL_U50_M60,45de50cf67e57f376bebbb9cf9c7ad27be92a165248a238089c015edec8a2549,TASK3_OPERATIONAL_POOLED_V1,AUTO_HTX_TRIAL_U50_M60,AUTOMATION,REFERENCE_ASSUMPTION_SANDBOX_V1,LOCAL_WINDOW_HPP_BASE,5,2026072800,2026973301,2026973302,2026973303,2026973304,EMPTY_AND_IDLE,HPP,300.000000000,333.646912385,FULL_DRAIN,AnyLogic,8.9.9.202607020720,NOT_CALIBRATED,COMPARATIVE_WHAT_IF_ONLY,NOT_TESTED,COMPLETE
1.0,OP_AUTO_HTX_TRIAL_U50_M60,45de50cf67e57f376bebbb9cf9c7ad27be92a165248a238089c015edec8a2549,TASK3_OPERATIONAL_POOLED_V1,AUTO_HTX_TRIAL_U50_M60,AUTOMATION,REFERENCE_ASSUMPTION_SANDBOX_V1,LOCAL_WINDOW_HPP_BASE,6,2026072800,2026973401,2026973402,2026973403,2026973404,EMPTY_AND_IDLE,HPP,300.000000000,333.313928679,FULL_DRAIN,AnyLogic,8.9.9.202607020720,NOT_CALIBRATED,COMPARATIVE_WHAT_IF_ONLY,NOT_TESTED,COMPLETE
1.0,OP_AUTO_HTX_TRIAL_U50_M60,45de50cf67e57f376bebbb9cf9c7ad27be92a165248a238089c015edec8a2549,TASK3_OPERATIONAL_POOLED_V1,AUTO_HTX_TRIAL_U50_M60,AUTOMATION,REFERENCE_ASSUMPTION_SANDBOX_V1,LOCAL_WINDOW_HPP_BASE,7,2026072800,2026973501,2026973502,2026973503,2026973504,EMPTY_AND_IDLE,HPP,300.000000000,331.307352707,FULL_DRAIN,AnyLogic,8.9.9.202607020720,NOT_CALIBRATED,COMPARATIVE_WHAT_IF_ONLY,NOT_TESTED,COMPLETE
1.0,OP_AUTO_HTX_TRIAL_U50_M60,45de50cf67e57f376bebbb9cf9c7ad27be92a165248a238089c015edec8a2549,TASK3_OPERATIONAL_POOLED_V1,AUTO_HTX_TRIAL_U50_M60,AUTOMATION,REFERENCE_ASSUMPTION_SANDBOX_V1,LOCAL_WINDOW_HPP_BASE,8,2026072800,2026973601,2026973602,2026973603,2026973604,EMPTY_AND_IDLE,HPP,300.000000000,330.941085990,FULL_DRAIN,AnyLogic,8.9.9.202607020720,NOT_CALIBRATED,COMPARATIVE_WHAT_IF_ONLY,NOT_TESTED,COMPLETE
1.0,OP_AUTO_HTX_TRIAL_U50_M60,45de50cf67e57f376bebbb9cf9c7ad27be92a165248a238089c015edec8a2549,TASK3_OPERATIONAL_POOLED_V1,AUTO_HTX_TRIAL_U50_M60,AUTOMATION,REFERENCE_ASSUMPTION_SANDBOX_V1,LOCAL_WINDOW_HPP_BASE,9,2026072800,2026973701,2026973702,2026973703,2026973704,EMPTY_AND_IDLE,HPP,300.000000000,336.281195833,FULL_DRAIN,AnyLogic,8.9.9.202607020720,NOT_CALIBRATED,COMPARATIVE_WHAT_IF_ONLY,NOT_TESTED,COMPLETE
1.0,OP_AUTO_HTX_TRIAL_U50_M60,45de50cf67e57f376bebbb9cf9c7ad27be92a165248a238089c015edec8a2549,TASK3_OPERATIONAL_POOLED_V1,AUTO_HTX_TRIAL_U50_M60,AUTOMATION,REFERENCE_ASSUMPTION_SANDBOX_V1,LOCAL_WINDOW_HPP_BASE,10,2026072800,2026973801,2026973802,2026973803,2026973804,EMPTY_AND_IDLE,HPP,300.000000000,329.448666544,FULL_DRAIN,AnyLogic,8.9.9.202607020720,NOT_CALIBRATED,COMPARATIVE_WHAT_IF_ONLY,NOT_TESTED,COMPLETE
1.0,OP_AUTO_ICA_ROLLOUT_U100_M40,0a870280a38567d7537d91950591688601802dd3037092b8a2ac7a999aacc8b7,TASK3_OPERATIONAL_POOLED_V1,AUTO_ICA_ROLLOUT_U100_M40,AUTOMATION,REFERENCE_ASSUMPTION_SANDBOX_V1,LOCAL_WINDOW_HPP_BASE,1,2026072800,2027272901,2027272902,2027272903,2027272904,EMPTY_AND_IDLE,HPP,300.000000000,326.182664179,FULL_DRAIN,AnyLogic,8.9.9.202607020720,NOT_CALIBRATED,COMPARATIVE_WHAT_IF_ONLY,NOT_TESTED,COMPLETE
1.0,OP_AUTO_ICA_ROLLOUT_U100_M40,0a870280a38567d7537d91950591688601802dd3037092b8a2ac7a999aacc8b7,TASK3_OPERATIONAL_POOLED_V1,AUTO_ICA_ROLLOUT_U100_M40,AUTOMATION,REFERENCE_ASSUMPTION_SANDBOX_V1,LOCAL_WINDOW_HPP_BASE,2,2026072800,2027273001,2027273002,2027273003,2027273004,EMPTY_AND_IDLE,HPP,300.000000000,325.820211135,FULL_DRAIN,AnyLogic,8.9.9.202607020720,NOT_CALIBRATED,COMPARATIVE_WHAT_IF_ONLY,NOT_TESTED,COMPLETE
1.0,OP_AUTO_ICA_ROLLOUT_U100_M40,0a870280a38567d7537d91950591688601802dd3037092b8a2ac7a999aacc8b7,TASK3_OPERATIONAL_POOLED_V1,AUTO_ICA_ROLLOUT_U100_M40,AUTOMATION,REFERENCE_ASSUMPTION_SANDBOX_V1,LOCAL_WINDOW_HPP_BASE,3,2026072800,2027273101,2027273102,2027273103,2027273104,EMPTY_AND_IDLE,HPP,300.000000000,326.798277437,FULL_DRAIN,AnyLogic,8.9.9.202607020720,NOT_CALIBRATED,COMPARATIVE_WHAT_IF_ONLY,NOT_TESTED,COMPLETE
1.0,OP_AUTO_ICA_ROLLOUT_U100_M40,0a870280a38567d7537d91950591688601802dd3037092b8a2ac7a999aacc8b7,TASK3_OPERATIONAL_POOLED_V1,AUTO_ICA_ROLLOUT_U100_M40,AUTOMATION,REFERENCE_ASSUMPTION_SANDBOX_V1,LOCAL_WINDOW_HPP_BASE,4,2026072800,2027273201,2027273202,2027273203,2027273204,EMPTY_AND_IDLE,HPP,300.000000000,328.119122486,FULL_DRAIN,AnyLogic,8.9.9.202607020720,NOT_CALIBRATED,COMPARATIVE_WHAT_IF_ONLY,NOT_TESTED,COMPLETE
1.0,OP_AUTO_ICA_ROLLOUT_U100_M40,0a870280a38567d7537d91950591688601802dd3037092b8a2ac7a999aacc8b7,TASK3_OPERATIONAL_POOLED_V1,AUTO_ICA_ROLLOUT_U100_M40,AUTOMATION,REFERENCE_ASSUMPTION_SANDBOX_V1,LOCAL_WINDOW_HPP_BASE,5,2026072800,2027273301,2027273302,2027273303,2027273304,EMPTY_AND_IDLE,HPP,300.000000000,326.682540029,FULL_DRAIN,AnyLogic,8.9.9.202607020720,NOT_CALIBRATED,COMPARATIVE_WHAT_IF_ONLY,NOT_TESTED,COMPLETE
1.0,OP_AUTO_ICA_ROLLOUT_U100_M40,0a870280a38567d7537d91950591688601802dd3037092b8a2ac7a999aacc8b7,TASK3_OPERATIONAL_POOLED_V1,AUTO_ICA_ROLLOUT_U100_M40,AUTOMATION,REFERENCE_ASSUMPTION_SANDBOX_V1,LOCAL_WINDOW_HPP_BASE,6,2026072800,2027273401,2027273402,2027273403,2027273404,EMPTY_AND_IDLE,HPP,300.000000000,326.963027200,FULL_DRAIN,AnyLogic,8.9.9.202607020720,NOT_CALIBRATED,COMPARATIVE_WHAT_IF_ONLY,NOT_TESTED,COMPLETE
1.0,OP_AUTO_ICA_ROLLOUT_U100_M40,0a870280a38567d7537d91950591688601802dd3037092b8a2ac7a999aacc8b7,TASK3_OPERATIONAL_POOLED_V1,AUTO_ICA_ROLLOUT_U100_M40,AUTOMATION,REFERENCE_ASSUMPTION_SANDBOX_V1,LOCAL_WINDOW_HPP_BASE,7,2026072800,2027273501,2027273502,2027273503,2027273504,EMPTY_AND_IDLE,HPP,300.000000000,326.685439514,FULL_DRAIN,AnyLogic,8.9.9.202607020720,NOT_CALIBRATED,COMPARATIVE_WHAT_IF_ONLY,NOT_TESTED,COMPLETE
1.0,OP_AUTO_ICA_ROLLOUT_U100_M40,0a870280a38567d7537d91950591688601802dd3037092b8a2ac7a999aacc8b7,TASK3_OPERATIONAL_POOLED_V1,AUTO_ICA_ROLLOUT_U100_M40,AUTOMATION,REFERENCE_ASSUMPTION_SANDBOX_V1,LOCAL_WINDOW_HPP_BASE,8,2026072800,2027273601,2027273602,2027273603,2027273604,EMPTY_AND_IDLE,HPP,300.000000000,326.444787181,FULL_DRAIN,AnyLogic,8.9.9.202607020720,NOT_CALIBRATED,COMPARATIVE_WHAT_IF_ONLY,NOT_TESTED,COMPLETE
1.0,OP_AUTO_ICA_ROLLOUT_U100_M40,0a870280a38567d7537d91950591688601802dd3037092b8a2ac7a999aacc8b7,TASK3_OPERATIONAL_POOLED_V1,AUTO_ICA_ROLLOUT_U100_M40,AUTOMATION,REFERENCE_ASSUMPTION_SANDBOX_V1,LOCAL_WINDOW_HPP_BASE,9,2026072800,2027273701,2027273702,2027273703,2027273704,EMPTY_AND_IDLE,HPP,300.000000000,327.016455719,FULL_DRAIN,AnyLogic,8.9.9.202607020720,NOT_CALIBRATED,COMPARATIVE_WHAT_IF_ONLY,NOT_TESTED,COMPLETE
1.0,OP_AUTO_ICA_ROLLOUT_U100_M40,0a870280a38567d7537d91950591688601802dd3037092b8a2ac7a999aacc8b7,TASK3_OPERATIONAL_POOLED_V1,AUTO_ICA_ROLLOUT_U100_M40,AUTOMATION,REFERENCE_ASSUMPTION_SANDBOX_V1,LOCAL_WINDOW_HPP_BASE,10,2026072800,2027273801,2027273802,2027273803,2027273804,EMPTY_AND_IDLE,HPP,300.000000000,326.729467069,FULL_DRAIN,AnyLogic,8.9.9.202607020720,NOT_CALIBRATED,COMPARATIVE_WHAT_IF_ONLY,NOT_TESTED,COMPLETE
1.0,OP_AUTO_ICA_ROLLOUT_U50_M40,b4f10b827d98f4ed0815a002ed3e1091b5f908f911cfbcfb145ed87c23a9273f,TASK3_OPERATIONAL_POOLED_V1,AUTO_ICA_ROLLOUT_U50_M40,AUTOMATION,REFERENCE_ASSUMPTION_SANDBOX_V1,LOCAL_WINDOW_HPP_BASE,1,2026072800,2027172901,2027172902,2027172903,2027172904,EMPTY_AND_IDLE,HPP,300.000000000,332.702811723,FULL_DRAIN,AnyLogic,8.9.9.202607020720,NOT_CALIBRATED,COMPARATIVE_WHAT_IF_ONLY,NOT_TESTED,COMPLETE
1.0,OP_AUTO_ICA_ROLLOUT_U50_M40,b4f10b827d98f4ed0815a002ed3e1091b5f908f911cfbcfb145ed87c23a9273f,TASK3_OPERATIONAL_POOLED_V1,AUTO_ICA_ROLLOUT_U50_M40,AUTOMATION,REFERENCE_ASSUMPTION_SANDBOX_V1,LOCAL_WINDOW_HPP_BASE,2,2026072800,2027173001,2027173002,2027173003,2027173004,EMPTY_AND_IDLE,HPP,300.000000000,333.369225829,FULL_DRAIN,AnyLogic,8.9.9.202607020720,NOT_CALIBRATED,COMPARATIVE_WHAT_IF_ONLY,NOT_TESTED,COMPLETE
1.0,OP_AUTO_ICA_ROLLOUT_U50_M40,b4f10b827d98f4ed0815a002ed3e1091b5f908f911cfbcfb145ed87c23a9273f,TASK3_OPERATIONAL_POOLED_V1,AUTO_ICA_ROLLOUT_U50_M40,AUTOMATION,REFERENCE_ASSUMPTION_SANDBOX_V1,LOCAL_WINDOW_HPP_BASE,3,2026072800,2027173101,2027173102,2027173103,2027173104,EMPTY_AND_IDLE,HPP,300.000000000,333.555628672,FULL_DRAIN,AnyLogic,8.9.9.202607020720,NOT_CALIBRATED,COMPARATIVE_WHAT_IF_ONLY,NOT_TESTED,COMPLETE
1.0,OP_AUTO_ICA_ROLLOUT_U50_M40,b4f10b827d98f4ed0815a002ed3e1091b5f908f911cfbcfb145ed87c23a9273f,TASK3_OPERATIONAL_POOLED_V1,AUTO_ICA_ROLLOUT_U50_M40,AUTOMATION,REFERENCE_ASSUMPTION_SANDBOX_V1,LOCAL_WINDOW_HPP_BASE,4,2026072800,2027173201,2027173202,2027173203,2027173204,EMPTY_AND_IDLE,HPP,300.000000000,334.804317597,FULL_DRAIN,AnyLogic,8.9.9.202607020720,NOT_CALIBRATED,COMPARATIVE_WHAT_IF_ONLY,NOT_TESTED,COMPLETE
1.0,OP_AUTO_ICA_ROLLOUT_U50_M40,b4f10b827d98f4ed0815a002ed3e1091b5f908f911cfbcfb145ed87c23a9273f,TASK3_OPERATIONAL_POOLED_V1,AUTO_ICA_ROLLOUT_U50_M40,AUTOMATION,REFERENCE_ASSUMPTION_SANDBOX_V1,LOCAL_WINDOW_HPP_BASE,5,2026072800,2027173301,2027173302,2027173303,2027173304,EMPTY_AND_IDLE,HPP,300.000000000,332.574763475,FULL_DRAIN,AnyLogic,8.9.9.202607020720,NOT_CALIBRATED,COMPARATIVE_WHAT_IF_ONLY,NOT_TESTED,COMPLETE
1.0,OP_AUTO_ICA_ROLLOUT_U50_M40,b4f10b827d98f4ed0815a002ed3e1091b5f908f911cfbcfb145ed87c23a9273f,TASK3_OPERATIONAL_POOLED_V1,AUTO_ICA_ROLLOUT_U50_M40,AUTOMATION,REFERENCE_ASSUMPTION_SANDBOX_V1,LOCAL_WINDOW_HPP_BASE,6,2026072800,2027173401,2027173402,2027173403,2027173404,EMPTY_AND_IDLE,HPP,300.000000000,333.047537237,FULL_DRAIN,AnyLogic,8.9.9.202607020720,NOT_CALIBRATED,COMPARATIVE_WHAT_IF_ONLY,NOT_TESTED,COMPLETE
1.0,OP_AUTO_ICA_ROLLOUT_U50_M40,b4f10b827d98f4ed0815a002ed3e1091b5f908f911cfbcfb145ed87c23a9273f,TASK3_OPERATIONAL_POOLED_V1,AUTO_ICA_ROLLOUT_U50_M40,AUTOMATION,REFERENCE_ASSUMPTION_SANDBOX_V1,LOCAL_WINDOW_HPP_BASE,7,2026072800,2027173501,2027173502,2027173503,2027173504,EMPTY_AND_IDLE,HPP,300.000000000,333.715788344,FULL_DRAIN,AnyLogic,8.9.9.202607020720,NOT_CALIBRATED,COMPARATIVE_WHAT_IF_ONLY,NOT_TESTED,COMPLETE
1.0,OP_AUTO_ICA_ROLLOUT_U50_M40,b4f10b827d98f4ed0815a002ed3e1091b5f908f911cfbcfb145ed87c23a9273f,TASK3_OPERATIONAL_POOLED_V1,AUTO_ICA_ROLLOUT_U50_M40,AUTOMATION,REFERENCE_ASSUMPTION_SANDBOX_V1,LOCAL_WINDOW_HPP_BASE,8,2026072800,2027173601,2027173602,2027173603,2027173604,EMPTY_AND_IDLE,HPP,300.000000000,337.830569568,FULL_DRAIN,AnyLogic,8.9.9.202607020720,NOT_CALIBRATED,COMPARATIVE_WHAT_IF_ONLY,NOT_TESTED,COMPLETE
1.0,OP_AUTO_ICA_ROLLOUT_U50_M40,b4f10b827d98f4ed0815a002ed3e1091b5f908f911cfbcfb145ed87c23a9273f,TASK3_OPERATIONAL_POOLED_V1,AUTO_ICA_ROLLOUT_U50_M40,AUTOMATION,REFERENCE_ASSUMPTION_SANDBOX_V1,LOCAL_WINDOW_HPP_BASE,9,2026072800,2027173701,2027173702,2027173703,2027173704,EMPTY_AND_IDLE,HPP,300.000000000,334.337979074,FULL_DRAIN,AnyLogic,8.9.9.202607020720,NOT_CALIBRATED,COMPARATIVE_WHAT_IF_ONLY,NOT_TESTED,COMPLETE
1.0,OP_AUTO_ICA_ROLLOUT_U50_M40,b4f10b827d98f4ed0815a002ed3e1091b5f908f911cfbcfb145ed87c23a9273f,TASK3_OPERATIONAL_POOLED_V1,AUTO_ICA_ROLLOUT_U50_M40,AUTOMATION,REFERENCE_ASSUMPTION_SANDBOX_V1,LOCAL_WINDOW_HPP_BASE,10,2026072800,2027173801,2027173802,2027173803,2027173804,EMPTY_AND_IDLE,HPP,300.000000000,333.614017149,FULL_DRAIN,AnyLogic,8.9.9.202607020720,NOT_CALIBRATED,COMPARATIVE_WHAT_IF_ONLY,NOT_TESTED,COMPLETE
1.0,OP_CAPACITY_BOTH_PLUS,68ce8c6f5c6b1f1a277d1d77e35d7939692638238ed1ce0f62fe844e6e340347,TASK3_OPERATIONAL_POOLED_V1,CAPACITY_BOTH_PLUS,CAPACITY,REFERENCE_ASSUMPTION_SANDBOX_V1,LOCAL_WINDOW_HPP_BASE,1,2026072800,2026372901,2026372902,2026372903,2026372904,EMPTY_AND_IDLE,HPP,300.000000000,334.706738926,FULL_DRAIN,AnyLogic,8.9.9.202607020720,NOT_CALIBRATED,COMPARATIVE_WHAT_IF_ONLY,NOT_TESTED,COMPLETE
1.0,OP_CAPACITY_BOTH_PLUS,68ce8c6f5c6b1f1a277d1d77e35d7939692638238ed1ce0f62fe844e6e340347,TASK3_OPERATIONAL_POOLED_V1,CAPACITY_BOTH_PLUS,CAPACITY,REFERENCE_ASSUMPTION_SANDBOX_V1,LOCAL_WINDOW_HPP_BASE,2,2026072800,2026373001,2026373002,2026373003,2026373004,EMPTY_AND_IDLE,HPP,300.000000000,334.687449935,FULL_DRAIN,AnyLogic,8.9.9.202607020720,NOT_CALIBRATED,COMPARATIVE_WHAT_IF_ONLY,NOT_TESTED,COMPLETE
1.0,OP_CAPACITY_BOTH_PLUS,68ce8c6f5c6b1f1a277d1d77e35d7939692638238ed1ce0f62fe844e6e340347,TASK3_OPERATIONAL_POOLED_V1,CAPACITY_BOTH_PLUS,CAPACITY,REFERENCE_ASSUMPTION_SANDBOX_V1,LOCAL_WINDOW_HPP_BASE,3,2026072800,2026373101,2026373102,2026373103,2026373104,EMPTY_AND_IDLE,HPP,300.000000000,334.719333119,FULL_DRAIN,AnyLogic,8.9.9.202607020720,NOT_CALIBRATED,COMPARATIVE_WHAT_IF_ONLY,NOT_TESTED,COMPLETE
1.0,OP_CAPACITY_BOTH_PLUS,68ce8c6f5c6b1f1a277d1d77e35d7939692638238ed1ce0f62fe844e6e340347,TASK3_OPERATIONAL_POOLED_V1,CAPACITY_BOTH_PLUS,CAPACITY,REFERENCE_ASSUMPTION_SANDBOX_V1,LOCAL_WINDOW_HPP_BASE,4,2026072800,2026373201,2026373202,2026373203,2026373204,EMPTY_AND_IDLE,HPP,300.000000000,334.664035256,FULL_DRAIN,AnyLogic,8.9.9.202607020720,NOT_CALIBRATED,COMPARATIVE_WHAT_IF_ONLY,NOT_TESTED,COMPLETE
1.0,OP_CAPACITY_BOTH_PLUS,68ce8c6f5c6b1f1a277d1d77e35d7939692638238ed1ce0f62fe844e6e340347,TASK3_OPERATIONAL_POOLED_V1,CAPACITY_BOTH_PLUS,CAPACITY,REFERENCE_ASSUMPTION_SANDBOX_V1,LOCAL_WINDOW_HPP_BASE,5,2026072800,2026373301,2026373302,2026373303,2026373304,EMPTY_AND_IDLE,HPP,300.000000000,334.582041704,FULL_DRAIN,AnyLogic,8.9.9.202607020720,NOT_CALIBRATED,COMPARATIVE_WHAT_IF_ONLY,NOT_TESTED,COMPLETE
1.0,OP_CAPACITY_BOTH_PLUS,68ce8c6f5c6b1f1a277d1d77e35d7939692638238ed1ce0f62fe844e6e340347,TASK3_OPERATIONAL_POOLED_V1,CAPACITY_BOTH_PLUS,CAPACITY,REFERENCE_ASSUMPTION_SANDBOX_V1,LOCAL_WINDOW_HPP_BASE,6,2026072800,2026373401,2026373402,2026373403,2026373404,EMPTY_AND_IDLE,HPP,300.000000000,334.750618485,FULL_DRAIN,AnyLogic,8.9.9.202607020720,NOT_CALIBRATED,COMPARATIVE_WHAT_IF_ONLY,NOT_TESTED,COMPLETE
1.0,OP_CAPACITY_BOTH_PLUS,68ce8c6f5c6b1f1a277d1d77e35d7939692638238ed1ce0f62fe844e6e340347,TASK3_OPERATIONAL_POOLED_V1,CAPACITY_BOTH_PLUS,CAPACITY,REFERENCE_ASSUMPTION_SANDBOX_V1,LOCAL_WINDOW_HPP_BASE,7,2026072800,2026373501,2026373502,2026373503,2026373504,EMPTY_AND_IDLE,HPP,300.000000000,336.133933586,FULL_DRAIN,AnyLogic,8.9.9.202607020720,NOT_CALIBRATED,COMPARATIVE_WHAT_IF_ONLY,NOT_TESTED,COMPLETE
1.0,OP_CAPACITY_BOTH_PLUS,68ce8c6f5c6b1f1a277d1d77e35d7939692638238ed1ce0f62fe844e6e340347,TASK3_OPERATIONAL_POOLED_V1,CAPACITY_BOTH_PLUS,CAPACITY,REFERENCE_ASSUMPTION_SANDBOX_V1,LOCAL_WINDOW_HPP_BASE,8,2026072800,2026373601,2026373602,2026373603,2026373604,EMPTY_AND_IDLE,HPP,300.000000000,334.085742915,FULL_DRAIN,AnyLogic,8.9.9.202607020720,NOT_CALIBRATED,COMPARATIVE_WHAT_IF_ONLY,NOT_TESTED,COMPLETE
1.0,OP_CAPACITY_BOTH_PLUS,68ce8c6f5c6b1f1a277d1d77e35d7939692638238ed1ce0f62fe844e6e340347,TASK3_OPERATIONAL_POOLED_V1,CAPACITY_BOTH_PLUS,CAPACITY,REFERENCE_ASSUMPTION_SANDBOX_V1,LOCAL_WINDOW_HPP_BASE,9,2026072800,2026373701,2026373702,2026373703,2026373704,EMPTY_AND_IDLE,HPP,300.000000000,334.577131767,FULL_DRAIN,AnyLogic,8.9.9.202607020720,NOT_CALIBRATED,COMPARATIVE_WHAT_IF_ONLY,NOT_TESTED,COMPLETE
1.0,OP_CAPACITY_BOTH_PLUS,68ce8c6f5c6b1f1a277d1d77e35d7939692638238ed1ce0f62fe844e6e340347,TASK3_OPERATIONAL_POOLED_V1,CAPACITY_BOTH_PLUS,CAPACITY,REFERENCE_ASSUMPTION_SANDBOX_V1,LOCAL_WINDOW_HPP_BASE,10,2026072800,2026373801,2026373802,2026373803,2026373804,EMPTY_AND_IDLE,HPP,300.000000000,333.678888543,FULL_DRAIN,AnyLogic,8.9.9.202607020720,NOT_CALIBRATED,COMPARATIVE_WHAT_IF_ONLY,NOT_TESTED,COMPLETE
1.0,OP_CAPACITY_IMMIGRATION_PLUS_3,233f382b7d1d96ec9249325cf693782cdffaf6c2f3f6d07a9f0890a16b344aa2,TASK3_OPERATIONAL_POOLED_V1,CAPACITY_IMMIGRATION_PLUS_3,CAPACITY,REFERENCE_ASSUMPTION_SANDBOX_V1,LOCAL_WINDOW_HPP_BASE,1,2026072800,2026272901,2026272902,2026272903,2026272904,EMPTY_AND_IDLE,HPP,300.000000000,335.591276852,FULL_DRAIN,AnyLogic,8.9.9.202607020720,NOT_CALIBRATED,COMPARATIVE_WHAT_IF_ONLY,NOT_TESTED,COMPLETE
1.0,OP_CAPACITY_IMMIGRATION_PLUS_3,233f382b7d1d96ec9249325cf693782cdffaf6c2f3f6d07a9f0890a16b344aa2,TASK3_OPERATIONAL_POOLED_V1,CAPACITY_IMMIGRATION_PLUS_3,CAPACITY,REFERENCE_ASSUMPTION_SANDBOX_V1,LOCAL_WINDOW_HPP_BASE,2,2026072800,2026273001,2026273002,2026273003,2026273004,EMPTY_AND_IDLE,HPP,300.000000000,334.648257895,FULL_DRAIN,AnyLogic,8.9.9.202607020720,NOT_CALIBRATED,COMPARATIVE_WHAT_IF_ONLY,NOT_TESTED,COMPLETE
1.0,OP_CAPACITY_IMMIGRATION_PLUS_3,233f382b7d1d96ec9249325cf693782cdffaf6c2f3f6d07a9f0890a16b344aa2,TASK3_OPERATIONAL_POOLED_V1,CAPACITY_IMMIGRATION_PLUS_3,CAPACITY,REFERENCE_ASSUMPTION_SANDBOX_V1,LOCAL_WINDOW_HPP_BASE,3,2026072800,2026273101,2026273102,2026273103,2026273104,EMPTY_AND_IDLE,HPP,300.000000000,334.554759063,FULL_DRAIN,AnyLogic,8.9.9.202607020720,NOT_CALIBRATED,COMPARATIVE_WHAT_IF_ONLY,NOT_TESTED,COMPLETE
1.0,OP_CAPACITY_IMMIGRATION_PLUS_3,233f382b7d1d96ec9249325cf693782cdffaf6c2f3f6d07a9f0890a16b344aa2,TASK3_OPERATIONAL_POOLED_V1,CAPACITY_IMMIGRATION_PLUS_3,CAPACITY,REFERENCE_ASSUMPTION_SANDBOX_V1,LOCAL_WINDOW_HPP_BASE,4,2026072800,2026273201,2026273202,2026273203,2026273204,EMPTY_AND_IDLE,HPP,300.000000000,333.870866437,FULL_DRAIN,AnyLogic,8.9.9.202607020720,NOT_CALIBRATED,COMPARATIVE_WHAT_IF_ONLY,NOT_TESTED,COMPLETE
1.0,OP_CAPACITY_IMMIGRATION_PLUS_3,233f382b7d1d96ec9249325cf693782cdffaf6c2f3f6d07a9f0890a16b344aa2,TASK3_OPERATIONAL_POOLED_V1,CAPACITY_IMMIGRATION_PLUS_3,CAPACITY,REFERENCE_ASSUMPTION_SANDBOX_V1,LOCAL_WINDOW_HPP_BASE,5,2026072800,2026273301,2026273302,2026273303,2026273304,EMPTY_AND_IDLE,HPP,300.000000000,333.816395934,FULL_DRAIN,AnyLogic,8.9.9.202607020720,NOT_CALIBRATED,COMPARATIVE_WHAT_IF_ONLY,NOT_TESTED,COMPLETE
1.0,OP_CAPACITY_IMMIGRATION_PLUS_3,233f382b7d1d96ec9249325cf693782cdffaf6c2f3f6d07a9f0890a16b344aa2,TASK3_OPERATIONAL_POOLED_V1,CAPACITY_IMMIGRATION_PLUS_3,CAPACITY,REFERENCE_ASSUMPTION_SANDBOX_V1,LOCAL_WINDOW_HPP_BASE,6,2026072800,2026273401,2026273402,2026273403,2026273404,EMPTY_AND_IDLE,HPP,300.000000000,334.411682832,FULL_DRAIN,AnyLogic,8.9.9.202607020720,NOT_CALIBRATED,COMPARATIVE_WHAT_IF_ONLY,NOT_TESTED,COMPLETE
1.0,OP_CAPACITY_IMMIGRATION_PLUS_3,233f382b7d1d96ec9249325cf693782cdffaf6c2f3f6d07a9f0890a16b344aa2,TASK3_OPERATIONAL_POOLED_V1,CAPACITY_IMMIGRATION_PLUS_3,CAPACITY,REFERENCE_ASSUMPTION_SANDBOX_V1,LOCAL_WINDOW_HPP_BASE,7,2026072800,2026273501,2026273502,2026273503,2026273504,EMPTY_AND_IDLE,HPP,300.000000000,334.547524719,FULL_DRAIN,AnyLogic,8.9.9.202607020720,NOT_CALIBRATED,COMPARATIVE_WHAT_IF_ONLY,NOT_TESTED,COMPLETE
1.0,OP_CAPACITY_IMMIGRATION_PLUS_3,233f382b7d1d96ec9249325cf693782cdffaf6c2f3f6d07a9f0890a16b344aa2,TASK3_OPERATIONAL_POOLED_V1,CAPACITY_IMMIGRATION_PLUS_3,CAPACITY,REFERENCE_ASSUMPTION_SANDBOX_V1,LOCAL_WINDOW_HPP_BASE,8,2026072800,2026273601,2026273602,2026273603,2026273604,EMPTY_AND_IDLE,HPP,300.000000000,334.539248868,FULL_DRAIN,AnyLogic,8.9.9.202607020720,NOT_CALIBRATED,COMPARATIVE_WHAT_IF_ONLY,NOT_TESTED,COMPLETE
1.0,OP_CAPACITY_IMMIGRATION_PLUS_3,233f382b7d1d96ec9249325cf693782cdffaf6c2f3f6d07a9f0890a16b344aa2,TASK3_OPERATIONAL_POOLED_V1,CAPACITY_IMMIGRATION_PLUS_3,CAPACITY,REFERENCE_ASSUMPTION_SANDBOX_V1,LOCAL_WINDOW_HPP_BASE,9,2026072800,2026273701,2026273702,2026273703,2026273704,EMPTY_AND_IDLE,HPP,300.000000000,337.929337093,FULL_DRAIN,AnyLogic,8.9.9.202607020720,NOT_CALIBRATED,COMPARATIVE_WHAT_IF_ONLY,NOT_TESTED,COMPLETE
1.0,OP_CAPACITY_IMMIGRATION_PLUS_3,233f382b7d1d96ec9249325cf693782cdffaf6c2f3f6d07a9f0890a16b344aa2,TASK3_OPERATIONAL_POOLED_V1,CAPACITY_IMMIGRATION_PLUS_3,CAPACITY,REFERENCE_ASSUMPTION_SANDBOX_V1,LOCAL_WINDOW_HPP_BASE,10,2026072800,2026273801,2026273802,2026273803,2026273804,EMPTY_AND_IDLE,HPP,300.000000000,334.582599068,FULL_DRAIN,AnyLogic,8.9.9.202607020720,NOT_CALIBRATED,COMPARATIVE_WHAT_IF_ONLY,NOT_TESTED,COMPLETE
1.0,OP_CAPACITY_SECURITY_PLUS_4,0ba7db9b3955b498affc337d2c78a22a31eb3d56e6268018546934cfdf4ecdd7,TASK3_OPERATIONAL_POOLED_V1,CAPACITY_SECURITY_PLUS_4,CAPACITY,REFERENCE_ASSUMPTION_SANDBOX_V1,LOCAL_WINDOW_HPP_BASE,1,2026072800,2026172901,2026172902,2026172903,2026172904,EMPTY_AND_IDLE,HPP,300.000000000,336.739735662,FULL_DRAIN,AnyLogic,8.9.9.202607020720,NOT_CALIBRATED,COMPARATIVE_WHAT_IF_ONLY,NOT_TESTED,COMPLETE
1.0,OP_CAPACITY_SECURITY_PLUS_4,0ba7db9b3955b498affc337d2c78a22a31eb3d56e6268018546934cfdf4ecdd7,TASK3_OPERATIONAL_POOLED_V1,CAPACITY_SECURITY_PLUS_4,CAPACITY,REFERENCE_ASSUMPTION_SANDBOX_V1,LOCAL_WINDOW_HPP_BASE,2,2026072800,2026173001,2026173002,2026173003,2026173004,EMPTY_AND_IDLE,HPP,300.000000000,337.327657111,FULL_DRAIN,AnyLogic,8.9.9.202607020720,NOT_CALIBRATED,COMPARATIVE_WHAT_IF_ONLY,NOT_TESTED,COMPLETE
1.0,OP_CAPACITY_SECURITY_PLUS_4,0ba7db9b3955b498affc337d2c78a22a31eb3d56e6268018546934cfdf4ecdd7,TASK3_OPERATIONAL_POOLED_V1,CAPACITY_SECURITY_PLUS_4,CAPACITY,REFERENCE_ASSUMPTION_SANDBOX_V1,LOCAL_WINDOW_HPP_BASE,3,2026072800,2026173101,2026173102,2026173103,2026173104,EMPTY_AND_IDLE,HPP,300.000000000,336.760235875,FULL_DRAIN,AnyLogic,8.9.9.202607020720,NOT_CALIBRATED,COMPARATIVE_WHAT_IF_ONLY,NOT_TESTED,COMPLETE
1.0,OP_CAPACITY_SECURITY_PLUS_4,0ba7db9b3955b498affc337d2c78a22a31eb3d56e6268018546934cfdf4ecdd7,TASK3_OPERATIONAL_POOLED_V1,CAPACITY_SECURITY_PLUS_4,CAPACITY,REFERENCE_ASSUMPTION_SANDBOX_V1,LOCAL_WINDOW_HPP_BASE,4,2026072800,2026173201,2026173202,2026173203,2026173204,EMPTY_AND_IDLE,HPP,300.000000000,334.478046553,FULL_DRAIN,AnyLogic,8.9.9.202607020720,NOT_CALIBRATED,COMPARATIVE_WHAT_IF_ONLY,NOT_TESTED,COMPLETE
1.0,OP_CAPACITY_SECURITY_PLUS_4,0ba7db9b3955b498affc337d2c78a22a31eb3d56e6268018546934cfdf4ecdd7,TASK3_OPERATIONAL_POOLED_V1,CAPACITY_SECURITY_PLUS_4,CAPACITY,REFERENCE_ASSUMPTION_SANDBOX_V1,LOCAL_WINDOW_HPP_BASE,5,2026072800,2026173301,2026173302,2026173303,2026173304,EMPTY_AND_IDLE,HPP,300.000000000,334.229350331,FULL_DRAIN,AnyLogic,8.9.9.202607020720,NOT_CALIBRATED,COMPARATIVE_WHAT_IF_ONLY,NOT_TESTED,COMPLETE
1.0,OP_CAPACITY_SECURITY_PLUS_4,0ba7db9b3955b498affc337d2c78a22a31eb3d56e6268018546934cfdf4ecdd7,TASK3_OPERATIONAL_POOLED_V1,CAPACITY_SECURITY_PLUS_4,CAPACITY,REFERENCE_ASSUMPTION_SANDBOX_V1,LOCAL_WINDOW_HPP_BASE,6,2026072800,2026173401,2026173402,2026173403,2026173404,EMPTY_AND_IDLE,HPP,300.000000000,333.739756377,FULL_DRAIN,AnyLogic,8.9.9.202607020720,NOT_CALIBRATED,COMPARATIVE_WHAT_IF_ONLY,NOT_TESTED,COMPLETE
1.0,OP_CAPACITY_SECURITY_PLUS_4,0ba7db9b3955b498affc337d2c78a22a31eb3d56e6268018546934cfdf4ecdd7,TASK3_OPERATIONAL_POOLED_V1,CAPACITY_SECURITY_PLUS_4,CAPACITY,REFERENCE_ASSUMPTION_SANDBOX_V1,LOCAL_WINDOW_HPP_BASE,7,2026072800,2026173501,2026173502,2026173503,2026173504,EMPTY_AND_IDLE,HPP,300.000000000,337.176415125,FULL_DRAIN,AnyLogic,8.9.9.202607020720,NOT_CALIBRATED,COMPARATIVE_WHAT_IF_ONLY,NOT_TESTED,COMPLETE
1.0,OP_CAPACITY_SECURITY_PLUS_4,0ba7db9b3955b498affc337d2c78a22a31eb3d56e6268018546934cfdf4ecdd7,TASK3_OPERATIONAL_POOLED_V1,CAPACITY_SECURITY_PLUS_4,CAPACITY,REFERENCE_ASSUMPTION_SANDBOX_V1,LOCAL_WINDOW_HPP_BASE,8,2026072800,2026173601,2026173602,2026173603,2026173604,EMPTY_AND_IDLE,HPP,300.000000000,334.232818040,FULL_DRAIN,AnyLogic,8.9.9.202607020720,NOT_CALIBRATED,COMPARATIVE_WHAT_IF_ONLY,NOT_TESTED,COMPLETE
1.0,OP_CAPACITY_SECURITY_PLUS_4,0ba7db9b3955b498affc337d2c78a22a31eb3d56e6268018546934cfdf4ecdd7,TASK3_OPERATIONAL_POOLED_V1,CAPACITY_SECURITY_PLUS_4,CAPACITY,REFERENCE_ASSUMPTION_SANDBOX_V1,LOCAL_WINDOW_HPP_BASE,9,2026072800,2026173701,2026173702,2026173703,2026173704,EMPTY_AND_IDLE,HPP,300.000000000,333.119437542,FULL_DRAIN,AnyLogic,8.9.9.202607020720,NOT_CALIBRATED,COMPARATIVE_WHAT_IF_ONLY,NOT_TESTED,COMPLETE
1.0,OP_CAPACITY_SECURITY_PLUS_4,0ba7db9b3955b498affc337d2c78a22a31eb3d56e6268018546934cfdf4ecdd7,TASK3_OPERATIONAL_POOLED_V1,CAPACITY_SECURITY_PLUS_4,CAPACITY,REFERENCE_ASSUMPTION_SANDBOX_V1,LOCAL_WINDOW_HPP_BASE,10,2026072800,2026173801,2026173802,2026173803,2026173804,EMPTY_AND_IDLE,HPP,300.000000000,334.147367814,FULL_DRAIN,AnyLogic,8.9.9.202607020720,NOT_CALIBRATED,COMPARATIVE_WHAT_IF_ONLY,NOT_TESTED,COMPLETE
1.0,OP_DEMAND_HIGH_120,b623baa07b816dda367f02418f6ca573805c3d797cfa6a060f278c67b196f9d3,TASK3_OPERATIONAL_POOLED_V1,DEMAND_HIGH_120,DEMAND,REFERENCE_ASSUMPTION_SANDBOX_V1,LOCAL_WINDOW_HPP_HIGH,1,2026072800,2026572901,2026572902,2026572903,2026572904,EMPTY_AND_IDLE,HPP,300.000000000,338.124995991,FULL_DRAIN,AnyLogic,8.9.9.202607020720,NOT_CALIBRATED,COMPARATIVE_WHAT_IF_ONLY,NOT_TESTED,COMPLETE
1.0,OP_DEMAND_HIGH_120,b623baa07b816dda367f02418f6ca573805c3d797cfa6a060f278c67b196f9d3,TASK3_OPERATIONAL_POOLED_V1,DEMAND_HIGH_120,DEMAND,REFERENCE_ASSUMPTION_SANDBOX_V1,LOCAL_WINDOW_HPP_HIGH,2,2026072800,2026573001,2026573002,2026573003,2026573004,EMPTY_AND_IDLE,HPP,300.000000000,356.583223668,FULL_DRAIN,AnyLogic,8.9.9.202607020720,NOT_CALIBRATED,COMPARATIVE_WHAT_IF_ONLY,NOT_TESTED,COMPLETE
1.0,OP_DEMAND_HIGH_120,b623baa07b816dda367f02418f6ca573805c3d797cfa6a060f278c67b196f9d3,TASK3_OPERATIONAL_POOLED_V1,DEMAND_HIGH_120,DEMAND,REFERENCE_ASSUMPTION_SANDBOX_V1,LOCAL_WINDOW_HPP_HIGH,3,2026072800,2026573101,2026573102,2026573103,2026573104,EMPTY_AND_IDLE,HPP,300.000000000,361.523415732,FULL_DRAIN,AnyLogic,8.9.9.202607020720,NOT_CALIBRATED,COMPARATIVE_WHAT_IF_ONLY,NOT_TESTED,COMPLETE
1.0,OP_DEMAND_HIGH_120,b623baa07b816dda367f02418f6ca573805c3d797cfa6a060f278c67b196f9d3,TASK3_OPERATIONAL_POOLED_V1,DEMAND_HIGH_120,DEMAND,REFERENCE_ASSUMPTION_SANDBOX_V1,LOCAL_WINDOW_HPP_HIGH,4,2026072800,2026573201,2026573202,2026573203,2026573204,EMPTY_AND_IDLE,HPP,300.000000000,334.539139974,FULL_DRAIN,AnyLogic,8.9.9.202607020720,NOT_CALIBRATED,COMPARATIVE_WHAT_IF_ONLY,NOT_TESTED,COMPLETE
1.0,OP_DEMAND_HIGH_120,b623baa07b816dda367f02418f6ca573805c3d797cfa6a060f278c67b196f9d3,TASK3_OPERATIONAL_POOLED_V1,DEMAND_HIGH_120,DEMAND,REFERENCE_ASSUMPTION_SANDBOX_V1,LOCAL_WINDOW_HPP_HIGH,5,2026072800,2026573301,2026573302,2026573303,2026573304,EMPTY_AND_IDLE,HPP,300.000000000,334.392059110,FULL_DRAIN,AnyLogic,8.9.9.202607020720,NOT_CALIBRATED,COMPARATIVE_WHAT_IF_ONLY,NOT_TESTED,COMPLETE
1.0,OP_DEMAND_HIGH_120,b623baa07b816dda367f02418f6ca573805c3d797cfa6a060f278c67b196f9d3,TASK3_OPERATIONAL_POOLED_V1,DEMAND_HIGH_120,DEMAND,REFERENCE_ASSUMPTION_SANDBOX_V1,LOCAL_WINDOW_HPP_HIGH,6,2026072800,2026573401,2026573402,2026573403,2026573404,EMPTY_AND_IDLE,HPP,300.000000000,359.230280587,FULL_DRAIN,AnyLogic,8.9.9.202607020720,NOT_CALIBRATED,COMPARATIVE_WHAT_IF_ONLY,NOT_TESTED,COMPLETE
1.0,OP_DEMAND_HIGH_120,b623baa07b816dda367f02418f6ca573805c3d797cfa6a060f278c67b196f9d3,TASK3_OPERATIONAL_POOLED_V1,DEMAND_HIGH_120,DEMAND,REFERENCE_ASSUMPTION_SANDBOX_V1,LOCAL_WINDOW_HPP_HIGH,7,2026072800,2026573501,2026573502,2026573503,2026573504,EMPTY_AND_IDLE,HPP,300.000000000,355.098733830,FULL_DRAIN,AnyLogic,8.9.9.202607020720,NOT_CALIBRATED,COMPARATIVE_WHAT_IF_ONLY,NOT_TESTED,COMPLETE
1.0,OP_DEMAND_HIGH_120,b623baa07b816dda367f02418f6ca573805c3d797cfa6a060f278c67b196f9d3,TASK3_OPERATIONAL_POOLED_V1,DEMAND_HIGH_120,DEMAND,REFERENCE_ASSUMPTION_SANDBOX_V1,LOCAL_WINDOW_HPP_HIGH,8,2026072800,2026573601,2026573602,2026573603,2026573604,EMPTY_AND_IDLE,HPP,300.000000000,360.876947567,FULL_DRAIN,AnyLogic,8.9.9.202607020720,NOT_CALIBRATED,COMPARATIVE_WHAT_IF_ONLY,NOT_TESTED,COMPLETE
1.0,OP_DEMAND_HIGH_120,b623baa07b816dda367f02418f6ca573805c3d797cfa6a060f278c67b196f9d3,TASK3_OPERATIONAL_POOLED_V1,DEMAND_HIGH_120,DEMAND,REFERENCE_ASSUMPTION_SANDBOX_V1,LOCAL_WINDOW_HPP_HIGH,9,2026072800,2026573701,2026573702,2026573703,2026573704,EMPTY_AND_IDLE,HPP,300.000000000,342.945106390,FULL_DRAIN,AnyLogic,8.9.9.202607020720,NOT_CALIBRATED,COMPARATIVE_WHAT_IF_ONLY,NOT_TESTED,COMPLETE
1.0,OP_DEMAND_HIGH_120,b623baa07b816dda367f02418f6ca573805c3d797cfa6a060f278c67b196f9d3,TASK3_OPERATIONAL_POOLED_V1,DEMAND_HIGH_120,DEMAND,REFERENCE_ASSUMPTION_SANDBOX_V1,LOCAL_WINDOW_HPP_HIGH,10,2026072800,2026573801,2026573802,2026573803,2026573804,EMPTY_AND_IDLE,HPP,300.000000000,339.744301821,FULL_DRAIN,AnyLogic,8.9.9.202607020720,NOT_CALIBRATED,COMPARATIVE_WHAT_IF_ONLY,NOT_TESTED,COMPLETE
1.0,OP_DEMAND_LOW_080,26647522e10b35fc53f2602dd72748a5d949614591bcff01ac0a5bc695c82fde,TASK3_OPERATIONAL_POOLED_V1,DEMAND_LOW_080,DEMAND,REFERENCE_ASSUMPTION_SANDBOX_V1,LOCAL_WINDOW_HPP_LOW,1,2026072800,2026472901,2026472902,2026472903,2026472904,EMPTY_AND_IDLE,HPP,300.000000000,334.771831068,FULL_DRAIN,AnyLogic,8.9.9.202607020720,NOT_CALIBRATED,COMPARATIVE_WHAT_IF_ONLY,NOT_TESTED,COMPLETE
1.0,OP_DEMAND_LOW_080,26647522e10b35fc53f2602dd72748a5d949614591bcff01ac0a5bc695c82fde,TASK3_OPERATIONAL_POOLED_V1,DEMAND_LOW_080,DEMAND,REFERENCE_ASSUMPTION_SANDBOX_V1,LOCAL_WINDOW_HPP_LOW,2,2026072800,2026473001,2026473002,2026473003,2026473004,EMPTY_AND_IDLE,HPP,300.000000000,333.199258467,FULL_DRAIN,AnyLogic,8.9.9.202607020720,NOT_CALIBRATED,COMPARATIVE_WHAT_IF_ONLY,NOT_TESTED,COMPLETE
1.0,OP_DEMAND_LOW_080,26647522e10b35fc53f2602dd72748a5d949614591bcff01ac0a5bc695c82fde,TASK3_OPERATIONAL_POOLED_V1,DEMAND_LOW_080,DEMAND,REFERENCE_ASSUMPTION_SANDBOX_V1,LOCAL_WINDOW_HPP_LOW,3,2026072800,2026473101,2026473102,2026473103,2026473104,EMPTY_AND_IDLE,HPP,300.000000000,332.591128145,FULL_DRAIN,AnyLogic,8.9.9.202607020720,NOT_CALIBRATED,COMPARATIVE_WHAT_IF_ONLY,NOT_TESTED,COMPLETE
1.0,OP_DEMAND_LOW_080,26647522e10b35fc53f2602dd72748a5d949614591bcff01ac0a5bc695c82fde,TASK3_OPERATIONAL_POOLED_V1,DEMAND_LOW_080,DEMAND,REFERENCE_ASSUMPTION_SANDBOX_V1,LOCAL_WINDOW_HPP_LOW,4,2026072800,2026473201,2026473202,2026473203,2026473204,EMPTY_AND_IDLE,HPP,300.000000000,333.509311605,FULL_DRAIN,AnyLogic,8.9.9.202607020720,NOT_CALIBRATED,COMPARATIVE_WHAT_IF_ONLY,NOT_TESTED,COMPLETE
1.0,OP_DEMAND_LOW_080,26647522e10b35fc53f2602dd72748a5d949614591bcff01ac0a5bc695c82fde,TASK3_OPERATIONAL_POOLED_V1,DEMAND_LOW_080,DEMAND,REFERENCE_ASSUMPTION_SANDBOX_V1,LOCAL_WINDOW_HPP_LOW,5,2026072800,2026473301,2026473302,2026473303,2026473304,EMPTY_AND_IDLE,HPP,300.000000000,333.927039053,FULL_DRAIN,AnyLogic,8.9.9.202607020720,NOT_CALIBRATED,COMPARATIVE_WHAT_IF_ONLY,NOT_TESTED,COMPLETE
1.0,OP_DEMAND_LOW_080,26647522e10b35fc53f2602dd72748a5d949614591bcff01ac0a5bc695c82fde,TASK3_OPERATIONAL_POOLED_V1,DEMAND_LOW_080,DEMAND,REFERENCE_ASSUMPTION_SANDBOX_V1,LOCAL_WINDOW_HPP_LOW,6,2026072800,2026473401,2026473402,2026473403,2026473404,EMPTY_AND_IDLE,HPP,300.000000000,334.732692639,FULL_DRAIN,AnyLogic,8.9.9.202607020720,NOT_CALIBRATED,COMPARATIVE_WHAT_IF_ONLY,NOT_TESTED,COMPLETE
1.0,OP_DEMAND_LOW_080,26647522e10b35fc53f2602dd72748a5d949614591bcff01ac0a5bc695c82fde,TASK3_OPERATIONAL_POOLED_V1,DEMAND_LOW_080,DEMAND,REFERENCE_ASSUMPTION_SANDBOX_V1,LOCAL_WINDOW_HPP_LOW,7,2026072800,2026473501,2026473502,2026473503,2026473504,EMPTY_AND_IDLE,HPP,300.000000000,332.557219931,FULL_DRAIN,AnyLogic,8.9.9.202607020720,NOT_CALIBRATED,COMPARATIVE_WHAT_IF_ONLY,NOT_TESTED,COMPLETE
1.0,OP_DEMAND_LOW_080,26647522e10b35fc53f2602dd72748a5d949614591bcff01ac0a5bc695c82fde,TASK3_OPERATIONAL_POOLED_V1,DEMAND_LOW_080,DEMAND,REFERENCE_ASSUMPTION_SANDBOX_V1,LOCAL_WINDOW_HPP_LOW,8,2026072800,2026473601,2026473602,2026473603,2026473604,EMPTY_AND_IDLE,HPP,300.000000000,334.273661149,FULL_DRAIN,AnyLogic,8.9.9.202607020720,NOT_CALIBRATED,COMPARATIVE_WHAT_IF_ONLY,NOT_TESTED,COMPLETE
1.0,OP_DEMAND_LOW_080,26647522e10b35fc53f2602dd72748a5d949614591bcff01ac0a5bc695c82fde,TASK3_OPERATIONAL_POOLED_V1,DEMAND_LOW_080,DEMAND,REFERENCE_ASSUMPTION_SANDBOX_V1,LOCAL_WINDOW_HPP_LOW,9,2026072800,2026473701,2026473702,2026473703,2026473704,EMPTY_AND_IDLE,HPP,300.000000000,333.947134745,FULL_DRAIN,AnyLogic,8.9.9.202607020720,NOT_CALIBRATED,COMPARATIVE_WHAT_IF_ONLY,NOT_TESTED,COMPLETE
1.0,OP_DEMAND_LOW_080,26647522e10b35fc53f2602dd72748a5d949614591bcff01ac0a5bc695c82fde,TASK3_OPERATIONAL_POOLED_V1,DEMAND_LOW_080,DEMAND,REFERENCE_ASSUMPTION_SANDBOX_V1,LOCAL_WINDOW_HPP_LOW,10,2026072800,2026473801,2026473802,2026473803,2026473804,EMPTY_AND_IDLE,HPP,300.000000000,333.776273241,FULL_DRAIN,AnyLogic,8.9.9.202607020720,NOT_CALIBRATED,COMPARATIVE_WHAT_IF_ONLY,NOT_TESTED,COMPLETE
1.0,OP_REFERENCE_ASSUMPTION_SANDBOX_V1,166e6c918cff63041b08f31ff5c17fbea49008b8cdd3047b1082b326faae3460,TASK3_OPERATIONAL_POOLED_V1,REFERENCE_ASSUMPTION_SANDBOX_V1,REFERENCE,REFERENCE_ASSUMPTION_SANDBOX_V1,LOCAL_WINDOW_HPP_BASE,1,2026072800,2026072901,2026072902,2026072903,2026072904,EMPTY_AND_IDLE,HPP,300.000000000,334.620201892,FULL_DRAIN,AnyLogic,8.9.9.202607020720,NOT_CALIBRATED,COMPARATIVE_WHAT_IF_ONLY,NOT_TESTED,COMPLETE
1.0,OP_REFERENCE_ASSUMPTION_SANDBOX_V1,166e6c918cff63041b08f31ff5c17fbea49008b8cdd3047b1082b326faae3460,TASK3_OPERATIONAL_POOLED_V1,REFERENCE_ASSUMPTION_SANDBOX_V1,REFERENCE,REFERENCE_ASSUMPTION_SANDBOX_V1,LOCAL_WINDOW_HPP_BASE,2,2026072800,2026073001,2026073002,2026073003,2026073004,EMPTY_AND_IDLE,HPP,300.000000000,332.917248839,FULL_DRAIN,AnyLogic,8.9.9.202607020720,NOT_CALIBRATED,COMPARATIVE_WHAT_IF_ONLY,NOT_TESTED,COMPLETE
1.0,OP_REFERENCE_ASSUMPTION_SANDBOX_V1,166e6c918cff63041b08f31ff5c17fbea49008b8cdd3047b1082b326faae3460,TASK3_OPERATIONAL_POOLED_V1,REFERENCE_ASSUMPTION_SANDBOX_V1,REFERENCE,REFERENCE_ASSUMPTION_SANDBOX_V1,LOCAL_WINDOW_HPP_BASE,3,2026072800,2026073101,2026073102,2026073103,2026073104,EMPTY_AND_IDLE,HPP,300.000000000,335.100540689,FULL_DRAIN,AnyLogic,8.9.9.202607020720,NOT_CALIBRATED,COMPARATIVE_WHAT_IF_ONLY,NOT_TESTED,COMPLETE
1.0,OP_REFERENCE_ASSUMPTION_SANDBOX_V1,166e6c918cff63041b08f31ff5c17fbea49008b8cdd3047b1082b326faae3460,TASK3_OPERATIONAL_POOLED_V1,REFERENCE_ASSUMPTION_SANDBOX_V1,REFERENCE,REFERENCE_ASSUMPTION_SANDBOX_V1,LOCAL_WINDOW_HPP_BASE,4,2026072800,2026073201,2026073202,2026073203,2026073204,EMPTY_AND_IDLE,HPP,300.000000000,337.374296450,FULL_DRAIN,AnyLogic,8.9.9.202607020720,NOT_CALIBRATED,COMPARATIVE_WHAT_IF_ONLY,NOT_TESTED,COMPLETE
1.0,OP_REFERENCE_ASSUMPTION_SANDBOX_V1,166e6c918cff63041b08f31ff5c17fbea49008b8cdd3047b1082b326faae3460,TASK3_OPERATIONAL_POOLED_V1,REFERENCE_ASSUMPTION_SANDBOX_V1,REFERENCE,REFERENCE_ASSUMPTION_SANDBOX_V1,LOCAL_WINDOW_HPP_BASE,5,2026072800,2026073301,2026073302,2026073303,2026073304,EMPTY_AND_IDLE,HPP,300.000000000,337.948373132,FULL_DRAIN,AnyLogic,8.9.9.202607020720,NOT_CALIBRATED,COMPARATIVE_WHAT_IF_ONLY,NOT_TESTED,COMPLETE
1.0,OP_REFERENCE_ASSUMPTION_SANDBOX_V1,166e6c918cff63041b08f31ff5c17fbea49008b8cdd3047b1082b326faae3460,TASK3_OPERATIONAL_POOLED_V1,REFERENCE_ASSUMPTION_SANDBOX_V1,REFERENCE,REFERENCE_ASSUMPTION_SANDBOX_V1,LOCAL_WINDOW_HPP_BASE,6,2026072800,2026073401,2026073402,2026073403,2026073404,EMPTY_AND_IDLE,HPP,300.000000000,334.295584295,FULL_DRAIN,AnyLogic,8.9.9.202607020720,NOT_CALIBRATED,COMPARATIVE_WHAT_IF_ONLY,NOT_TESTED,COMPLETE
1.0,OP_REFERENCE_ASSUMPTION_SANDBOX_V1,166e6c918cff63041b08f31ff5c17fbea49008b8cdd3047b1082b326faae3460,TASK3_OPERATIONAL_POOLED_V1,REFERENCE_ASSUMPTION_SANDBOX_V1,REFERENCE,REFERENCE_ASSUMPTION_SANDBOX_V1,LOCAL_WINDOW_HPP_BASE,7,2026072800,2026073501,2026073502,2026073503,2026073504,EMPTY_AND_IDLE,HPP,300.000000000,337.399136012,FULL_DRAIN,AnyLogic,8.9.9.202607020720,NOT_CALIBRATED,COMPARATIVE_WHAT_IF_ONLY,NOT_TESTED,COMPLETE
1.0,OP_REFERENCE_ASSUMPTION_SANDBOX_V1,166e6c918cff63041b08f31ff5c17fbea49008b8cdd3047b1082b326faae3460,TASK3_OPERATIONAL_POOLED_V1,REFERENCE_ASSUMPTION_SANDBOX_V1,REFERENCE,REFERENCE_ASSUMPTION_SANDBOX_V1,LOCAL_WINDOW_HPP_BASE,8,2026072800,2026073601,2026073602,2026073603,2026073604,EMPTY_AND_IDLE,HPP,300.000000000,334.290630485,FULL_DRAIN,AnyLogic,8.9.9.202607020720,NOT_CALIBRATED,COMPARATIVE_WHAT_IF_ONLY,NOT_TESTED,COMPLETE
1.0,OP_REFERENCE_ASSUMPTION_SANDBOX_V1,166e6c918cff63041b08f31ff5c17fbea49008b8cdd3047b1082b326faae3460,TASK3_OPERATIONAL_POOLED_V1,REFERENCE_ASSUMPTION_SANDBOX_V1,REFERENCE,REFERENCE_ASSUMPTION_SANDBOX_V1,LOCAL_WINDOW_HPP_BASE,9,2026072800,2026073701,2026073702,2026073703,2026073704,EMPTY_AND_IDLE,HPP,300.000000000,334.329075676,FULL_DRAIN,AnyLogic,8.9.9.202607020720,NOT_CALIBRATED,COMPARATIVE_WHAT_IF_ONLY,NOT_TESTED,COMPLETE
1.0,OP_REFERENCE_ASSUMPTION_SANDBOX_V1,166e6c918cff63041b08f31ff5c17fbea49008b8cdd3047b1082b326faae3460,TASK3_OPERATIONAL_POOLED_V1,REFERENCE_ASSUMPTION_SANDBOX_V1,REFERENCE,REFERENCE_ASSUMPTION_SANDBOX_V1,LOCAL_WINDOW_HPP_BASE,10,2026072800,2026073801,2026073802,2026073803,2026073804,EMPTY_AND_IDLE,HPP,300.000000000,334.788859887,FULL_DRAIN,AnyLogic,8.9.9.202607020720,NOT_CALIBRATED,COMPARATIVE_WHAT_IF_ONLY,NOT_TESTED,COMPLETE
1.0,OP_RISK_EXTERNAL_P02_D7200,a52cf5e3a539d8949e87eb3d23b0b9ef6fa9c4038dd87d37d65f118fa0033d3b,TASK3_OPERATIONAL_POOLED_V1,RISK_EXTERNAL_P02_D7200,RISK,REFERENCE_ASSUMPTION_SANDBOX_V1,LOCAL_WINDOW_HPP_BASE,1,2026072800,2027472901,2027472902,2027472903,2027472904,EMPTY_AND_IDLE,HPP,300.000000000,7593.498143018,FULL_DRAIN,AnyLogic,8.9.9.202607020720,NOT_CALIBRATED,COMPARATIVE_WHAT_IF_ONLY,NOT_TESTED,COMPLETE
1.0,OP_RISK_EXTERNAL_P02_D7200,a52cf5e3a539d8949e87eb3d23b0b9ef6fa9c4038dd87d37d65f118fa0033d3b,TASK3_OPERATIONAL_POOLED_V1,RISK_EXTERNAL_P02_D7200,RISK,REFERENCE_ASSUMPTION_SANDBOX_V1,LOCAL_WINDOW_HPP_BASE,2,2026072800,2027473001,2027473002,2027473003,2027473004,EMPTY_AND_IDLE,HPP,300.000000000,7535.832054437,FULL_DRAIN,AnyLogic,8.9.9.202607020720,NOT_CALIBRATED,COMPARATIVE_WHAT_IF_ONLY,NOT_TESTED,COMPLETE
1.0,OP_RISK_EXTERNAL_P02_D7200,a52cf5e3a539d8949e87eb3d23b0b9ef6fa9c4038dd87d37d65f118fa0033d3b,TASK3_OPERATIONAL_POOLED_V1,RISK_EXTERNAL_P02_D7200,RISK,REFERENCE_ASSUMPTION_SANDBOX_V1,LOCAL_WINDOW_HPP_BASE,3,2026072800,2027473101,2027473102,2027473103,2027473104,EMPTY_AND_IDLE,HPP,300.000000000,7542.811520494,FULL_DRAIN,AnyLogic,8.9.9.202607020720,NOT_CALIBRATED,COMPARATIVE_WHAT_IF_ONLY,NOT_TESTED,COMPLETE
1.0,OP_RISK_EXTERNAL_P02_D7200,a52cf5e3a539d8949e87eb3d23b0b9ef6fa9c4038dd87d37d65f118fa0033d3b,TASK3_OPERATIONAL_POOLED_V1,RISK_EXTERNAL_P02_D7200,RISK,REFERENCE_ASSUMPTION_SANDBOX_V1,LOCAL_WINDOW_HPP_BASE,4,2026072800,2027473201,2027473202,2027473203,2027473204,EMPTY_AND_IDLE,HPP,300.000000000,7519.764103142,FULL_DRAIN,AnyLogic,8.9.9.202607020720,NOT_CALIBRATED,COMPARATIVE_WHAT_IF_ONLY,NOT_TESTED,COMPLETE
1.0,OP_RISK_EXTERNAL_P02_D7200,a52cf5e3a539d8949e87eb3d23b0b9ef6fa9c4038dd87d37d65f118fa0033d3b,TASK3_OPERATIONAL_POOLED_V1,RISK_EXTERNAL_P02_D7200,RISK,REFERENCE_ASSUMPTION_SANDBOX_V1,LOCAL_WINDOW_HPP_BASE,5,2026072800,2027473301,2027473302,2027473303,2027473304,EMPTY_AND_IDLE,HPP,300.000000000,7492.254630259,FULL_DRAIN,AnyLogic,8.9.9.202607020720,NOT_CALIBRATED,COMPARATIVE_WHAT_IF_ONLY,NOT_TESTED,COMPLETE
1.0,OP_RISK_EXTERNAL_P02_D7200,a52cf5e3a539d8949e87eb3d23b0b9ef6fa9c4038dd87d37d65f118fa0033d3b,TASK3_OPERATIONAL_POOLED_V1,RISK_EXTERNAL_P02_D7200,RISK,REFERENCE_ASSUMPTION_SANDBOX_V1,LOCAL_WINDOW_HPP_BASE,6,2026072800,2027473401,2027473402,2027473403,2027473404,EMPTY_AND_IDLE,HPP,300.000000000,7579.080649256,FULL_DRAIN,AnyLogic,8.9.9.202607020720,NOT_CALIBRATED,COMPARATIVE_WHAT_IF_ONLY,NOT_TESTED,COMPLETE
1.0,OP_RISK_EXTERNAL_P02_D7200,a52cf5e3a539d8949e87eb3d23b0b9ef6fa9c4038dd87d37d65f118fa0033d3b,TASK3_OPERATIONAL_POOLED_V1,RISK_EXTERNAL_P02_D7200,RISK,REFERENCE_ASSUMPTION_SANDBOX_V1,LOCAL_WINDOW_HPP_BASE,7,2026072800,2027473501,2027473502,2027473503,2027473504,EMPTY_AND_IDLE,HPP,300.000000000,7482.431056729,FULL_DRAIN,AnyLogic,8.9.9.202607020720,NOT_CALIBRATED,COMPARATIVE_WHAT_IF_ONLY,NOT_TESTED,COMPLETE
1.0,OP_RISK_EXTERNAL_P02_D7200,a52cf5e3a539d8949e87eb3d23b0b9ef6fa9c4038dd87d37d65f118fa0033d3b,TASK3_OPERATIONAL_POOLED_V1,RISK_EXTERNAL_P02_D7200,RISK,REFERENCE_ASSUMPTION_SANDBOX_V1,LOCAL_WINDOW_HPP_BASE,8,2026072800,2027473601,2027473602,2027473603,2027473604,EMPTY_AND_IDLE,HPP,300.000000000,7371.036730377,FULL_DRAIN,AnyLogic,8.9.9.202607020720,NOT_CALIBRATED,COMPARATIVE_WHAT_IF_ONLY,NOT_TESTED,COMPLETE
1.0,OP_RISK_EXTERNAL_P02_D7200,a52cf5e3a539d8949e87eb3d23b0b9ef6fa9c4038dd87d37d65f118fa0033d3b,TASK3_OPERATIONAL_POOLED_V1,RISK_EXTERNAL_P02_D7200,RISK,REFERENCE_ASSUMPTION_SANDBOX_V1,LOCAL_WINDOW_HPP_BASE,9,2026072800,2027473701,2027473702,2027473703,2027473704,EMPTY_AND_IDLE,HPP,300.000000000,7520.177280449,FULL_DRAIN,AnyLogic,8.9.9.202607020720,NOT_CALIBRATED,COMPARATIVE_WHAT_IF_ONLY,NOT_TESTED,COMPLETE
1.0,OP_RISK_EXTERNAL_P02_D7200,a52cf5e3a539d8949e87eb3d23b0b9ef6fa9c4038dd87d37d65f118fa0033d3b,TASK3_OPERATIONAL_POOLED_V1,RISK_EXTERNAL_P02_D7200,RISK,REFERENCE_ASSUMPTION_SANDBOX_V1,LOCAL_WINDOW_HPP_BASE,10,2026072800,2027473801,2027473802,2027473803,2027473804,EMPTY_AND_IDLE,HPP,300.000000000,7505.024458098,FULL_DRAIN,AnyLogic,8.9.9.202607020720,NOT_CALIBRATED,COMPARATIVE_WHAT_IF_ONLY,NOT_TESTED,COMPLETE
1.0,OP_RISK_EXTERNAL_P02_D900,c13fea5b026ecf69eb459ab293473037346921ed9fde275e61d3388ccfbd5688,TASK3_OPERATIONAL_POOLED_V1,RISK_EXTERNAL_P02_D900,RISK,REFERENCE_ASSUMPTION_SANDBOX_V1,LOCAL_WINDOW_HPP_BASE,1,2026072800,2027372901,2027372902,2027372903,2027372904,EMPTY_AND_IDLE,HPP,300.000000000,1288.345484443,FULL_DRAIN,AnyLogic,8.9.9.202607020720,NOT_CALIBRATED,COMPARATIVE_WHAT_IF_ONLY,NOT_TESTED,COMPLETE
1.0,OP_RISK_EXTERNAL_P02_D900,c13fea5b026ecf69eb459ab293473037346921ed9fde275e61d3388ccfbd5688,TASK3_OPERATIONAL_POOLED_V1,RISK_EXTERNAL_P02_D900,RISK,REFERENCE_ASSUMPTION_SANDBOX_V1,LOCAL_WINDOW_HPP_BASE,2,2026072800,2027373001,2027373002,2027373003,2027373004,EMPTY_AND_IDLE,HPP,300.000000000,1249.975329341,FULL_DRAIN,AnyLogic,8.9.9.202607020720,NOT_CALIBRATED,COMPARATIVE_WHAT_IF_ONLY,NOT_TESTED,COMPLETE
1.0,OP_RISK_EXTERNAL_P02_D900,c13fea5b026ecf69eb459ab293473037346921ed9fde275e61d3388ccfbd5688,TASK3_OPERATIONAL_POOLED_V1,RISK_EXTERNAL_P02_D900,RISK,REFERENCE_ASSUMPTION_SANDBOX_V1,LOCAL_WINDOW_HPP_BASE,3,2026072800,2027373101,2027373102,2027373103,2027373104,EMPTY_AND_IDLE,HPP,300.000000000,1238.613550444,FULL_DRAIN,AnyLogic,8.9.9.202607020720,NOT_CALIBRATED,COMPARATIVE_WHAT_IF_ONLY,NOT_TESTED,COMPLETE
1.0,OP_RISK_EXTERNAL_P02_D900,c13fea5b026ecf69eb459ab293473037346921ed9fde275e61d3388ccfbd5688,TASK3_OPERATIONAL_POOLED_V1,RISK_EXTERNAL_P02_D900,RISK,REFERENCE_ASSUMPTION_SANDBOX_V1,LOCAL_WINDOW_HPP_BASE,4,2026072800,2027373201,2027373202,2027373203,2027373204,EMPTY_AND_IDLE,HPP,300.000000000,1299.803327339,FULL_DRAIN,AnyLogic,8.9.9.202607020720,NOT_CALIBRATED,COMPARATIVE_WHAT_IF_ONLY,NOT_TESTED,COMPLETE
1.0,OP_RISK_EXTERNAL_P02_D900,c13fea5b026ecf69eb459ab293473037346921ed9fde275e61d3388ccfbd5688,TASK3_OPERATIONAL_POOLED_V1,RISK_EXTERNAL_P02_D900,RISK,REFERENCE_ASSUMPTION_SANDBOX_V1,LOCAL_WINDOW_HPP_BASE,5,2026072800,2027373301,2027373302,2027373303,2027373304,EMPTY_AND_IDLE,HPP,300.000000000,1273.364903178,FULL_DRAIN,AnyLogic,8.9.9.202607020720,NOT_CALIBRATED,COMPARATIVE_WHAT_IF_ONLY,NOT_TESTED,COMPLETE
1.0,OP_RISK_EXTERNAL_P02_D900,c13fea5b026ecf69eb459ab293473037346921ed9fde275e61d3388ccfbd5688,TASK3_OPERATIONAL_POOLED_V1,RISK_EXTERNAL_P02_D900,RISK,REFERENCE_ASSUMPTION_SANDBOX_V1,LOCAL_WINDOW_HPP_BASE,6,2026072800,2027373401,2027373402,2027373403,2027373404,EMPTY_AND_IDLE,HPP,300.000000000,1234.390430450,FULL_DRAIN,AnyLogic,8.9.9.202607020720,NOT_CALIBRATED,COMPARATIVE_WHAT_IF_ONLY,NOT_TESTED,COMPLETE
1.0,OP_RISK_EXTERNAL_P02_D900,c13fea5b026ecf69eb459ab293473037346921ed9fde275e61d3388ccfbd5688,TASK3_OPERATIONAL_POOLED_V1,RISK_EXTERNAL_P02_D900,RISK,REFERENCE_ASSUMPTION_SANDBOX_V1,LOCAL_WINDOW_HPP_BASE,7,2026072800,2027373501,2027373502,2027373503,2027373504,EMPTY_AND_IDLE,HPP,300.000000000,1209.686000661,FULL_DRAIN,AnyLogic,8.9.9.202607020720,NOT_CALIBRATED,COMPARATIVE_WHAT_IF_ONLY,NOT_TESTED,COMPLETE
1.0,OP_RISK_EXTERNAL_P02_D900,c13fea5b026ecf69eb459ab293473037346921ed9fde275e61d3388ccfbd5688,TASK3_OPERATIONAL_POOLED_V1,RISK_EXTERNAL_P02_D900,RISK,REFERENCE_ASSUMPTION_SANDBOX_V1,LOCAL_WINDOW_HPP_BASE,8,2026072800,2027373601,2027373602,2027373603,2027373604,EMPTY_AND_IDLE,HPP,300.000000000,1210.910126057,FULL_DRAIN,AnyLogic,8.9.9.202607020720,NOT_CALIBRATED,COMPARATIVE_WHAT_IF_ONLY,NOT_TESTED,COMPLETE
1.0,OP_RISK_EXTERNAL_P02_D900,c13fea5b026ecf69eb459ab293473037346921ed9fde275e61d3388ccfbd5688,TASK3_OPERATIONAL_POOLED_V1,RISK_EXTERNAL_P02_D900,RISK,REFERENCE_ASSUMPTION_SANDBOX_V1,LOCAL_WINDOW_HPP_BASE,9,2026072800,2027373701,2027373702,2027373703,2027373704,EMPTY_AND_IDLE,HPP,300.000000000,1266.361025354,FULL_DRAIN,AnyLogic,8.9.9.202607020720,NOT_CALIBRATED,COMPARATIVE_WHAT_IF_ONLY,NOT_TESTED,COMPLETE
1.0,OP_RISK_EXTERNAL_P02_D900,c13fea5b026ecf69eb459ab293473037346921ed9fde275e61d3388ccfbd5688,TASK3_OPERATIONAL_POOLED_V1,RISK_EXTERNAL_P02_D900,RISK,REFERENCE_ASSUMPTION_SANDBOX_V1,LOCAL_WINDOW_HPP_BASE,10,2026072800,2027373801,2027373802,2027373803,2027373804,EMPTY_AND_IDLE,HPP,300.000000000,1266.174283958,FULL_DRAIN,AnyLogic,8.9.9.202607020720,NOT_CALIBRATED,COMPARATIVE_WHAT_IF_ONLY,NOT_TESTED,COMPLETE
1.0,OP_SERVICE_SG_BUS_QR_10S,cdadcb34db075ece6920b1c6e8c8cef0fe52d63663efa734453e81e364ec2f5d,TASK3_OPERATIONAL_POOLED_V1,SERVICE_SG_BUS_QR_10S,SERVICE_CONTEXT,REFERENCE_ASSUMPTION_SANDBOX_V1,LOCAL_WINDOW_HPP_BASE,1,2026072800,2026672901,2026672902,2026672903,2026672904,EMPTY_AND_IDLE,HPP,300.000000000,331.734793775,FULL_DRAIN,AnyLogic,8.9.9.202607020720,NOT_CALIBRATED,COMPARATIVE_WHAT_IF_ONLY,NOT_TESTED,COMPLETE
1.0,OP_SERVICE_SG_BUS_QR_10S,cdadcb34db075ece6920b1c6e8c8cef0fe52d63663efa734453e81e364ec2f5d,TASK3_OPERATIONAL_POOLED_V1,SERVICE_SG_BUS_QR_10S,SERVICE_CONTEXT,REFERENCE_ASSUMPTION_SANDBOX_V1,LOCAL_WINDOW_HPP_BASE,2,2026072800,2026673001,2026673002,2026673003,2026673004,EMPTY_AND_IDLE,HPP,300.000000000,336.125929073,FULL_DRAIN,AnyLogic,8.9.9.202607020720,NOT_CALIBRATED,COMPARATIVE_WHAT_IF_ONLY,NOT_TESTED,COMPLETE
1.0,OP_SERVICE_SG_BUS_QR_10S,cdadcb34db075ece6920b1c6e8c8cef0fe52d63663efa734453e81e364ec2f5d,TASK3_OPERATIONAL_POOLED_V1,SERVICE_SG_BUS_QR_10S,SERVICE_CONTEXT,REFERENCE_ASSUMPTION_SANDBOX_V1,LOCAL_WINDOW_HPP_BASE,3,2026072800,2026673101,2026673102,2026673103,2026673104,EMPTY_AND_IDLE,HPP,300.000000000,331.101013096,FULL_DRAIN,AnyLogic,8.9.9.202607020720,NOT_CALIBRATED,COMPARATIVE_WHAT_IF_ONLY,NOT_TESTED,COMPLETE
1.0,OP_SERVICE_SG_BUS_QR_10S,cdadcb34db075ece6920b1c6e8c8cef0fe52d63663efa734453e81e364ec2f5d,TASK3_OPERATIONAL_POOLED_V1,SERVICE_SG_BUS_QR_10S,SERVICE_CONTEXT,REFERENCE_ASSUMPTION_SANDBOX_V1,LOCAL_WINDOW_HPP_BASE,4,2026072800,2026673201,2026673202,2026673203,2026673204,EMPTY_AND_IDLE,HPP,300.000000000,332.545602241,FULL_DRAIN,AnyLogic,8.9.9.202607020720,NOT_CALIBRATED,COMPARATIVE_WHAT_IF_ONLY,NOT_TESTED,COMPLETE
1.0,OP_SERVICE_SG_BUS_QR_10S,cdadcb34db075ece6920b1c6e8c8cef0fe52d63663efa734453e81e364ec2f5d,TASK3_OPERATIONAL_POOLED_V1,SERVICE_SG_BUS_QR_10S,SERVICE_CONTEXT,REFERENCE_ASSUMPTION_SANDBOX_V1,LOCAL_WINDOW_HPP_BASE,5,2026072800,2026673301,2026673302,2026673303,2026673304,EMPTY_AND_IDLE,HPP,300.000000000,329.849278967,FULL_DRAIN,AnyLogic,8.9.9.202607020720,NOT_CALIBRATED,COMPARATIVE_WHAT_IF_ONLY,NOT_TESTED,COMPLETE
1.0,OP_SERVICE_SG_BUS_QR_10S,cdadcb34db075ece6920b1c6e8c8cef0fe52d63663efa734453e81e364ec2f5d,TASK3_OPERATIONAL_POOLED_V1,SERVICE_SG_BUS_QR_10S,SERVICE_CONTEXT,REFERENCE_ASSUMPTION_SANDBOX_V1,LOCAL_WINDOW_HPP_BASE,6,2026072800,2026673401,2026673402,2026673403,2026673404,EMPTY_AND_IDLE,HPP,300.000000000,331.255822838,FULL_DRAIN,AnyLogic,8.9.9.202607020720,NOT_CALIBRATED,COMPARATIVE_WHAT_IF_ONLY,NOT_TESTED,COMPLETE
1.0,OP_SERVICE_SG_BUS_QR_10S,cdadcb34db075ece6920b1c6e8c8cef0fe52d63663efa734453e81e364ec2f5d,TASK3_OPERATIONAL_POOLED_V1,SERVICE_SG_BUS_QR_10S,SERVICE_CONTEXT,REFERENCE_ASSUMPTION_SANDBOX_V1,LOCAL_WINDOW_HPP_BASE,7,2026072800,2026673501,2026673502,2026673503,2026673504,EMPTY_AND_IDLE,HPP,300.000000000,331.465764591,FULL_DRAIN,AnyLogic,8.9.9.202607020720,NOT_CALIBRATED,COMPARATIVE_WHAT_IF_ONLY,NOT_TESTED,COMPLETE
1.0,OP_SERVICE_SG_BUS_QR_10S,cdadcb34db075ece6920b1c6e8c8cef0fe52d63663efa734453e81e364ec2f5d,TASK3_OPERATIONAL_POOLED_V1,SERVICE_SG_BUS_QR_10S,SERVICE_CONTEXT,REFERENCE_ASSUMPTION_SANDBOX_V1,LOCAL_WINDOW_HPP_BASE,8,2026072800,2026673601,2026673602,2026673603,2026673604,EMPTY_AND_IDLE,HPP,300.000000000,330.618208587,FULL_DRAIN,AnyLogic,8.9.9.202607020720,NOT_CALIBRATED,COMPARATIVE_WHAT_IF_ONLY,NOT_TESTED,COMPLETE
1.0,OP_SERVICE_SG_BUS_QR_10S,cdadcb34db075ece6920b1c6e8c8cef0fe52d63663efa734453e81e364ec2f5d,TASK3_OPERATIONAL_POOLED_V1,SERVICE_SG_BUS_QR_10S,SERVICE_CONTEXT,REFERENCE_ASSUMPTION_SANDBOX_V1,LOCAL_WINDOW_HPP_BASE,9,2026072800,2026673701,2026673702,2026673703,2026673704,EMPTY_AND_IDLE,HPP,300.000000000,331.180762200,FULL_DRAIN,AnyLogic,8.9.9.202607020720,NOT_CALIBRATED,COMPARATIVE_WHAT_IF_ONLY,NOT_TESTED,COMPLETE
1.0,OP_SERVICE_SG_BUS_QR_10S,cdadcb34db075ece6920b1c6e8c8cef0fe52d63663efa734453e81e364ec2f5d,TASK3_OPERATIONAL_POOLED_V1,SERVICE_SG_BUS_QR_10S,SERVICE_CONTEXT,REFERENCE_ASSUMPTION_SANDBOX_V1,LOCAL_WINDOW_HPP_BASE,10,2026072800,2026673801,2026673802,2026673803,2026673804,EMPTY_AND_IDLE,HPP,300.000000000,331.350363348,FULL_DRAIN,AnyLogic,8.9.9.202607020720,NOT_CALIBRATED,COMPARATIVE_WHAT_IF_ONLY,NOT_TESTED,COMPLETE
1.0,OP_SERVICE_SG_TRAIN_KIOSK_24S,51c5171980db0f51dcf80799c0bda16b31f16b5b9c0c5622e341254eb6b712d1,TASK3_OPERATIONAL_POOLED_V1,SERVICE_SG_TRAIN_KIOSK_24S,SERVICE_CONTEXT,REFERENCE_ASSUMPTION_SANDBOX_V1,LOCAL_WINDOW_HPP_BASE,1,2026072800,2026772901,2026772902,2026772903,2026772904,EMPTY_AND_IDLE,HPP,300.000000000,492.115384168,FULL_DRAIN,AnyLogic,8.9.9.202607020720,NOT_CALIBRATED,COMPARATIVE_WHAT_IF_ONLY,NOT_TESTED,COMPLETE
1.0,OP_SERVICE_SG_TRAIN_KIOSK_24S,51c5171980db0f51dcf80799c0bda16b31f16b5b9c0c5622e341254eb6b712d1,TASK3_OPERATIONAL_POOLED_V1,SERVICE_SG_TRAIN_KIOSK_24S,SERVICE_CONTEXT,REFERENCE_ASSUMPTION_SANDBOX_V1,LOCAL_WINDOW_HPP_BASE,2,2026072800,2026773001,2026773002,2026773003,2026773004,EMPTY_AND_IDLE,HPP,300.000000000,532.790295745,FULL_DRAIN,AnyLogic,8.9.9.202607020720,NOT_CALIBRATED,COMPARATIVE_WHAT_IF_ONLY,NOT_TESTED,COMPLETE
1.0,OP_SERVICE_SG_TRAIN_KIOSK_24S,51c5171980db0f51dcf80799c0bda16b31f16b5b9c0c5622e341254eb6b712d1,TASK3_OPERATIONAL_POOLED_V1,SERVICE_SG_TRAIN_KIOSK_24S,SERVICE_CONTEXT,REFERENCE_ASSUMPTION_SANDBOX_V1,LOCAL_WINDOW_HPP_BASE,3,2026072800,2026773101,2026773102,2026773103,2026773104,EMPTY_AND_IDLE,HPP,300.000000000,513.362808245,FULL_DRAIN,AnyLogic,8.9.9.202607020720,NOT_CALIBRATED,COMPARATIVE_WHAT_IF_ONLY,NOT_TESTED,COMPLETE
1.0,OP_SERVICE_SG_TRAIN_KIOSK_24S,51c5171980db0f51dcf80799c0bda16b31f16b5b9c0c5622e341254eb6b712d1,TASK3_OPERATIONAL_POOLED_V1,SERVICE_SG_TRAIN_KIOSK_24S,SERVICE_CONTEXT,REFERENCE_ASSUMPTION_SANDBOX_V1,LOCAL_WINDOW_HPP_BASE,4,2026072800,2026773201,2026773202,2026773203,2026773204,EMPTY_AND_IDLE,HPP,300.000000000,504.244600201,FULL_DRAIN,AnyLogic,8.9.9.202607020720,NOT_CALIBRATED,COMPARATIVE_WHAT_IF_ONLY,NOT_TESTED,COMPLETE
1.0,OP_SERVICE_SG_TRAIN_KIOSK_24S,51c5171980db0f51dcf80799c0bda16b31f16b5b9c0c5622e341254eb6b712d1,TASK3_OPERATIONAL_POOLED_V1,SERVICE_SG_TRAIN_KIOSK_24S,SERVICE_CONTEXT,REFERENCE_ASSUMPTION_SANDBOX_V1,LOCAL_WINDOW_HPP_BASE,5,2026072800,2026773301,2026773302,2026773303,2026773304,EMPTY_AND_IDLE,HPP,300.000000000,567.635874189,FULL_DRAIN,AnyLogic,8.9.9.202607020720,NOT_CALIBRATED,COMPARATIVE_WHAT_IF_ONLY,NOT_TESTED,COMPLETE
1.0,OP_SERVICE_SG_TRAIN_KIOSK_24S,51c5171980db0f51dcf80799c0bda16b31f16b5b9c0c5622e341254eb6b712d1,TASK3_OPERATIONAL_POOLED_V1,SERVICE_SG_TRAIN_KIOSK_24S,SERVICE_CONTEXT,REFERENCE_ASSUMPTION_SANDBOX_V1,LOCAL_WINDOW_HPP_BASE,6,2026072800,2026773401,2026773402,2026773403,2026773404,EMPTY_AND_IDLE,HPP,300.000000000,505.900615706,FULL_DRAIN,AnyLogic,8.9.9.202607020720,NOT_CALIBRATED,COMPARATIVE_WHAT_IF_ONLY,NOT_TESTED,COMPLETE
1.0,OP_SERVICE_SG_TRAIN_KIOSK_24S,51c5171980db0f51dcf80799c0bda16b31f16b5b9c0c5622e341254eb6b712d1,TASK3_OPERATIONAL_POOLED_V1,SERVICE_SG_TRAIN_KIOSK_24S,SERVICE_CONTEXT,REFERENCE_ASSUMPTION_SANDBOX_V1,LOCAL_WINDOW_HPP_BASE,7,2026072800,2026773501,2026773502,2026773503,2026773504,EMPTY_AND_IDLE,HPP,300.000000000,535.090200516,FULL_DRAIN,AnyLogic,8.9.9.202607020720,NOT_CALIBRATED,COMPARATIVE_WHAT_IF_ONLY,NOT_TESTED,COMPLETE
1.0,OP_SERVICE_SG_TRAIN_KIOSK_24S,51c5171980db0f51dcf80799c0bda16b31f16b5b9c0c5622e341254eb6b712d1,TASK3_OPERATIONAL_POOLED_V1,SERVICE_SG_TRAIN_KIOSK_24S,SERVICE_CONTEXT,REFERENCE_ASSUMPTION_SANDBOX_V1,LOCAL_WINDOW_HPP_BASE,8,2026072800,2026773601,2026773602,2026773603,2026773604,EMPTY_AND_IDLE,HPP,300.000000000,509.204894181,FULL_DRAIN,AnyLogic,8.9.9.202607020720,NOT_CALIBRATED,COMPARATIVE_WHAT_IF_ONLY,NOT_TESTED,COMPLETE
1.0,OP_SERVICE_SG_TRAIN_KIOSK_24S,51c5171980db0f51dcf80799c0bda16b31f16b5b9c0c5622e341254eb6b712d1,TASK3_OPERATIONAL_POOLED_V1,SERVICE_SG_TRAIN_KIOSK_24S,SERVICE_CONTEXT,REFERENCE_ASSUMPTION_SANDBOX_V1,LOCAL_WINDOW_HPP_BASE,9,2026072800,2026773701,2026773702,2026773703,2026773704,EMPTY_AND_IDLE,HPP,300.000000000,511.015627384,FULL_DRAIN,AnyLogic,8.9.9.202607020720,NOT_CALIBRATED,COMPARATIVE_WHAT_IF_ONLY,NOT_TESTED,COMPLETE
1.0,OP_SERVICE_SG_TRAIN_KIOSK_24S,51c5171980db0f51dcf80799c0bda16b31f16b5b9c0c5622e341254eb6b712d1,TASK3_OPERATIONAL_POOLED_V1,SERVICE_SG_TRAIN_KIOSK_24S,SERVICE_CONTEXT,REFERENCE_ASSUMPTION_SANDBOX_V1,LOCAL_WINDOW_HPP_BASE,10,2026072800,2026773801,2026773802,2026773803,2026773804,EMPTY_AND_IDLE,HPP,300.000000000,516.527572291,FULL_DRAIN,AnyLogic,8.9.9.202607020720,NOT_CALIBRATED,COMPARATIVE_WHAT_IF_ONLY,NOT_TESTED,COMPLETE
1.0,OP_SERVICE_SG_TRAIN_MANUAL_45S,88894cc6b5bcffbcc8c95ec7e0983d6a47022176b31e1355d4dcf9721a960fe4,TASK3_OPERATIONAL_POOLED_V1,SERVICE_SG_TRAIN_MANUAL_45S,SERVICE_CONTEXT,REFERENCE_ASSUMPTION_SANDBOX_V1,LOCAL_WINDOW_HPP_BASE,1,2026072800,2026872901,2026872902,2026872903,2026872904,EMPTY_AND_IDLE,HPP,300.000000000,840.886943522,FULL_DRAIN,AnyLogic,8.9.9.202607020720,NOT_CALIBRATED,COMPARATIVE_WHAT_IF_ONLY,NOT_TESTED,COMPLETE
1.0,OP_SERVICE_SG_TRAIN_MANUAL_45S,88894cc6b5bcffbcc8c95ec7e0983d6a47022176b31e1355d4dcf9721a960fe4,TASK3_OPERATIONAL_POOLED_V1,SERVICE_SG_TRAIN_MANUAL_45S,SERVICE_CONTEXT,REFERENCE_ASSUMPTION_SANDBOX_V1,LOCAL_WINDOW_HPP_BASE,2,2026072800,2026873001,2026873002,2026873003,2026873004,EMPTY_AND_IDLE,HPP,300.000000000,979.519373428,FULL_DRAIN,AnyLogic,8.9.9.202607020720,NOT_CALIBRATED,COMPARATIVE_WHAT_IF_ONLY,NOT_TESTED,COMPLETE
1.0,OP_SERVICE_SG_TRAIN_MANUAL_45S,88894cc6b5bcffbcc8c95ec7e0983d6a47022176b31e1355d4dcf9721a960fe4,TASK3_OPERATIONAL_POOLED_V1,SERVICE_SG_TRAIN_MANUAL_45S,SERVICE_CONTEXT,REFERENCE_ASSUMPTION_SANDBOX_V1,LOCAL_WINDOW_HPP_BASE,3,2026072800,2026873101,2026873102,2026873103,2026873104,EMPTY_AND_IDLE,HPP,300.000000000,882.951074927,FULL_DRAIN,AnyLogic,8.9.9.202607020720,NOT_CALIBRATED,COMPARATIVE_WHAT_IF_ONLY,NOT_TESTED,COMPLETE
1.0,OP_SERVICE_SG_TRAIN_MANUAL_45S,88894cc6b5bcffbcc8c95ec7e0983d6a47022176b31e1355d4dcf9721a960fe4,TASK3_OPERATIONAL_POOLED_V1,SERVICE_SG_TRAIN_MANUAL_45S,SERVICE_CONTEXT,REFERENCE_ASSUMPTION_SANDBOX_V1,LOCAL_WINDOW_HPP_BASE,4,2026072800,2026873201,2026873202,2026873203,2026873204,EMPTY_AND_IDLE,HPP,300.000000000,926.573136538,FULL_DRAIN,AnyLogic,8.9.9.202607020720,NOT_CALIBRATED,COMPARATIVE_WHAT_IF_ONLY,NOT_TESTED,COMPLETE
1.0,OP_SERVICE_SG_TRAIN_MANUAL_45S,88894cc6b5bcffbcc8c95ec7e0983d6a47022176b31e1355d4dcf9721a960fe4,TASK3_OPERATIONAL_POOLED_V1,SERVICE_SG_TRAIN_MANUAL_45S,SERVICE_CONTEXT,REFERENCE_ASSUMPTION_SANDBOX_V1,LOCAL_WINDOW_HPP_BASE,5,2026072800,2026873301,2026873302,2026873303,2026873304,EMPTY_AND_IDLE,HPP,300.000000000,889.932863058,FULL_DRAIN,AnyLogic,8.9.9.202607020720,NOT_CALIBRATED,COMPARATIVE_WHAT_IF_ONLY,NOT_TESTED,COMPLETE
1.0,OP_SERVICE_SG_TRAIN_MANUAL_45S,88894cc6b5bcffbcc8c95ec7e0983d6a47022176b31e1355d4dcf9721a960fe4,TASK3_OPERATIONAL_POOLED_V1,SERVICE_SG_TRAIN_MANUAL_45S,SERVICE_CONTEXT,REFERENCE_ASSUMPTION_SANDBOX_V1,LOCAL_WINDOW_HPP_BASE,6,2026072800,2026873401,2026873402,2026873403,2026873404,EMPTY_AND_IDLE,HPP,300.000000000,932.905125499,FULL_DRAIN,AnyLogic,8.9.9.202607020720,NOT_CALIBRATED,COMPARATIVE_WHAT_IF_ONLY,NOT_TESTED,COMPLETE
1.0,OP_SERVICE_SG_TRAIN_MANUAL_45S,88894cc6b5bcffbcc8c95ec7e0983d6a47022176b31e1355d4dcf9721a960fe4,TASK3_OPERATIONAL_POOLED_V1,SERVICE_SG_TRAIN_MANUAL_45S,SERVICE_CONTEXT,REFERENCE_ASSUMPTION_SANDBOX_V1,LOCAL_WINDOW_HPP_BASE,7,2026072800,2026873501,2026873502,2026873503,2026873504,EMPTY_AND_IDLE,HPP,300.000000000,931.526200428,FULL_DRAIN,AnyLogic,8.9.9.202607020720,NOT_CALIBRATED,COMPARATIVE_WHAT_IF_ONLY,NOT_TESTED,COMPLETE
1.0,OP_SERVICE_SG_TRAIN_MANUAL_45S,88894cc6b5bcffbcc8c95ec7e0983d6a47022176b31e1355d4dcf9721a960fe4,TASK3_OPERATIONAL_POOLED_V1,SERVICE_SG_TRAIN_MANUAL_45S,SERVICE_CONTEXT,REFERENCE_ASSUMPTION_SANDBOX_V1,LOCAL_WINDOW_HPP_BASE,8,2026072800,2026873601,2026873602,2026873603,2026873604,EMPTY_AND_IDLE,HPP,300.000000000,930.290571828,FULL_DRAIN,AnyLogic,8.9.9.202607020720,NOT_CALIBRATED,COMPARATIVE_WHAT_IF_ONLY,NOT_TESTED,COMPLETE
1.0,OP_SERVICE_SG_TRAIN_MANUAL_45S,88894cc6b5bcffbcc8c95ec7e0983d6a47022176b31e1355d4dcf9721a960fe4,TASK3_OPERATIONAL_POOLED_V1,SERVICE_SG_TRAIN_MANUAL_45S,SERVICE_CONTEXT,REFERENCE_ASSUMPTION_SANDBOX_V1,LOCAL_WINDOW_HPP_BASE,9,2026072800,2026873701,2026873702,2026873703,2026873704,EMPTY_AND_IDLE,HPP,300.000000000,884.523157306,FULL_DRAIN,AnyLogic,8.9.9.202607020720,NOT_CALIBRATED,COMPARATIVE_WHAT_IF_ONLY,NOT_TESTED,COMPLETE
1.0,OP_SERVICE_SG_TRAIN_MANUAL_45S,88894cc6b5bcffbcc8c95ec7e0983d6a47022176b31e1355d4dcf9721a960fe4,TASK3_OPERATIONAL_POOLED_V1,SERVICE_SG_TRAIN_MANUAL_45S,SERVICE_CONTEXT,REFERENCE_ASSUMPTION_SANDBOX_V1,LOCAL_WINDOW_HPP_BASE,10,2026072800,2026873801,2026873802,2026873803,2026873804,EMPTY_AND_IDLE,HPP,300.000000000,847.066275430,FULL_DRAIN,AnyLogic,8.9.9.202607020720,NOT_CALIBRATED,COMPARATIVE_WHAT_IF_ONLY,NOT_TESTED,COMPLETE
