schema_version,scenario_id,reference_scenario_id,scenario_input_sample_id,reference_input_sample_id,metric,difference_direction,comparison_method,alignment_status,n_scenario,n_reference,difference_mean,standard_error,degrees_of_freedom,ci_level,ci_low,ci_high,analysis_status
1.0,AUTO_HTX_TRIAL_U100_M60,REFERENCE_ASSUMPTION_SANDBOX_V1,LOCAL_WINDOW_HPP_BASE,LOCAL_WINDOW_HPP_BASE,total_queue_wait_p95_seconds,SCENARIO_MINUS_REFERENCE,INDEPENDENT_WELCH_T,NOT_VERIFIED,10,10,-0.6669079508,0.756607760236,11.4516441912,0.95,-2.32421229167,0.990396390071,COMPLETE
1.0,AUTO_HTX_TRIAL_U100_M60,REFERENCE_ASSUMPTION_SANDBOX_V1,LOCAL_WINDOW_HPP_BASE,LOCAL_WINDOW_HPP_BASE,total_queue_wait_mean_seconds,SCENARIO_MINUS_REFERENCE,INDEPENDENT_WELCH_T,NOT_VERIFIED,10,10,-0.1927446579,0.176028063699,14.2319894791,0.95,-0.569710760581,0.184221444781,COMPLETE
1.0,AUTO_HTX_TRIAL_U100_M60,REFERENCE_ASSUMPTION_SANDBOX_V1,LOCAL_WINDOW_HPP_BASE,LOCAL_WINDOW_HPP_BASE,security_wait_p95_seconds,SCENARIO_MINUS_REFERENCE,INDEPENDENT_WELCH_T,NOT_VERIFIED,10,10,0.7814247893,0.762977369624,11.7761176242,0.95,-0.884472101405,2.44732168,COMPLETE
1.0,AUTO_HTX_TRIAL_U100_M60,REFERENCE_ASSUMPTION_SANDBOX_V1,LOCAL_WINDOW_HPP_BASE,LOCAL_WINDOW_HPP_BASE,immigration_wait_p95_seconds,SCENARIO_MINUS_REFERENCE,INDEPENDENT_WELCH_T,NOT_VERIFIED,10,10,-2.3202303778,0.147394894859,9,0.95,-2.65366079496,-1.98679996064,COMPLETE
1.0,AUTO_HTX_TRIAL_U100_M60,REFERENCE_ASSUMPTION_SANDBOX_V1,LOCAL_WINDOW_HPP_BASE,LOCAL_WINDOW_HPP_BASE,total_queue_wait_exceed_600_rate,SCENARIO_MINUS_REFERENCE,INDEPENDENT_WELCH_T,NOT_VERIFIED,10,10,0,0,18,0.95,0,0,COMPLETE
1.0,AUTO_HTX_TRIAL_U100_M60,REFERENCE_ASSUMPTION_SANDBOX_V1,LOCAL_WINDOW_HPP_BASE,LOCAL_WINDOW_HPP_BASE,total_queue_wait_exceed_900_rate,SCENARIO_MINUS_REFERENCE,INDEPENDENT_WELCH_T,NOT_VERIFIED,10,10,0,0,18,0.95,0,0,COMPLETE
1.0,AUTO_HTX_TRIAL_U100_M60,REFERENCE_ASSUMPTION_SANDBOX_V1,LOCAL_WINDOW_HPP_BASE,LOCAL_WINDOW_HPP_BASE,total_queue_wait_exceed_1200_rate,SCENARIO_MINUS_REFERENCE,INDEPENDENT_WELCH_T,NOT_VERIFIED,10,10,0,0,18,0.95,0,0,COMPLETE
1.0,AUTO_HTX_TRIAL_U100_M60,REFERENCE_ASSUMPTION_SANDBOX_V1,LOCAL_WINDOW_HPP_BASE,LOCAL_WINDOW_HPP_BASE,security_utilization,SCENARIO_MINUS_REFERENCE,INDEPENDENT_WELCH_T,NOT_VERIFIED,10,10,0.0130572892,0.0165723416637,17.9959397266,0.95,-0.0217604717475,0.0478750501475,COMPLETE
1.0,AUTO_HTX_TRIAL_U100_M60,REFERENCE_ASSUMPTION_SANDBOX_V1,LOCAL_WINDOW_HPP_BASE,LOCAL_WINDOW_HPP_BASE,immigration_utilization,SCENARIO_MINUS_REFERENCE,INDEPENDENT_WELCH_T,NOT_VERIFIED,10,10,-0.2943360694,0.0140079910835,14.6042575514,0.95,-0.324264017581,-0.264408121219,COMPLETE
1.0,AUTO_HTX_TRIAL_U100_M60,REFERENCE_ASSUMPTION_SANDBOX_V1,LOCAL_WINDOW_HPP_BASE,LOCAL_WINDOW_HPP_BASE,cutoff_backlog_fraction,SCENARIO_MINUS_REFERENCE,INDEPENDENT_WELCH_T,NOT_VERIFIED,10,10,-0.0132372209,0.00654736992111,11.708322264,0.95,-0.0275422294933,0.00106778769327,COMPLETE
1.0,AUTO_HTX_TRIAL_U100_M60,REFERENCE_ASSUMPTION_SANDBOX_V1,LOCAL_WINDOW_HPP_BASE,LOCAL_WINDOW_HPP_BASE,cohort_clear_time_after_cutoff_seconds,SCENARIO_MINUS_REFERENCE,INDEPENDENT_WELCH_T,NOT_VERIFIED,10,10,-6.6643638028,0.740535293707,17.9938578484,0.95,-8.22020879064,-5.10851881496,COMPLETE
1.0,AUTO_HTX_TRIAL_U50_M60,REFERENCE_ASSUMPTION_SANDBOX_V1,LOCAL_WINDOW_HPP_BASE,LOCAL_WINDOW_HPP_BASE,total_queue_wait_p95_seconds,SCENARIO_MINUS_REFERENCE,INDEPENDENT_WELCH_T,NOT_VERIFIED,10,10,-1.4067005056,0.628792026076,12.6884891278,0.95,-2.76852103744,-0.0448799737578,COMPLETE
1.0,AUTO_HTX_TRIAL_U50_M60,REFERENCE_ASSUMPTION_SANDBOX_V1,LOCAL_WINDOW_HPP_BASE,LOCAL_WINDOW_HPP_BASE,total_queue_wait_mean_seconds,SCENARIO_MINUS_REFERENCE,INDEPENDENT_WELCH_T,NOT_VERIFIED,10,10,-0.3225354847,0.147274897848,16.4543831689,0.95,-0.634045087125,-0.0110258822752,COMPLETE
1.0,AUTO_HTX_TRIAL_U50_M60,REFERENCE_ASSUMPTION_SANDBOX_V1,LOCAL_WINDOW_HPP_BASE,LOCAL_WINDOW_HPP_BASE,security_wait_p95_seconds,SCENARIO_MINUS_REFERENCE,INDEPENDENT_WELCH_T,NOT_VERIFIED,10,10,-0.0248297701,0.642339240115,13.0624377134,0.95,-1.41184536025,1.36218582005,COMPLETE
1.0,AUTO_HTX_TRIAL_U50_M60,REFERENCE_ASSUMPTION_SANDBOX_V1,LOCAL_WINDOW_HPP_BASE,LOCAL_WINDOW_HPP_BASE,immigration_wait_p95_seconds,SCENARIO_MINUS_REFERENCE,INDEPENDENT_WELCH_T,NOT_VERIFIED,10,10,-2.2448421187,0.156315336174,11.210301883,0.95,-2.58810403407,-1.90158020333,COMPLETE
1.0,AUTO_HTX_TRIAL_U50_M60,REFERENCE_ASSUMPTION_SANDBOX_V1,LOCAL_WINDOW_HPP_BASE,LOCAL_WINDOW_HPP_BASE,total_queue_wait_exceed_600_rate,SCENARIO_MINUS_REFERENCE,INDEPENDENT_WELCH_T,NOT_VERIFIED,10,10,0,0,18,0.95,0,0,COMPLETE
1.0,AUTO_HTX_TRIAL_U50_M60,REFERENCE_ASSUMPTION_SANDBOX_V1,LOCAL_WINDOW_HPP_BASE,LOCAL_WINDOW_HPP_BASE,total_queue_wait_exceed_900_rate,SCENARIO_MINUS_REFERENCE,INDEPENDENT_WELCH_T,NOT_VERIFIED,10,10,0,0,18,0.95,0,0,COMPLETE
1.0,AUTO_HTX_TRIAL_U50_M60,REFERENCE_ASSUMPTION_SANDBOX_V1,LOCAL_WINDOW_HPP_BASE,LOCAL_WINDOW_HPP_BASE,total_queue_wait_exceed_1200_rate,SCENARIO_MINUS_REFERENCE,INDEPENDENT_WELCH_T,NOT_VERIFIED,10,10,0,0,18,0.95,0,0,COMPLETE
1.0,AUTO_HTX_TRIAL_U50_M60,REFERENCE_ASSUMPTION_SANDBOX_V1,LOCAL_WINDOW_HPP_BASE,LOCAL_WINDOW_HPP_BASE,security_utilization,SCENARIO_MINUS_REFERENCE,INDEPENDENT_WELCH_T,NOT_VERIFIED,10,10,-0.0016641126,0.0159685084738,17.8448751261,0.95,-0.0352336205946,0.0319053953946,COMPLETE
1.0,AUTO_HTX_TRIAL_U50_M60,REFERENCE_ASSUMPTION_SANDBOX_V1,LOCAL_WINDOW_HPP_BASE,LOCAL_WINDOW_HPP_BASE,immigration_utilization,SCENARIO_MINUS_REFERENCE,INDEPENDENT_WELCH_T,NOT_VERIFIED,10,10,-0.1522794488,0.015482,17.2159806617,0.95,-0.184912425681,-0.119646471919,COMPLETE
1.0,AUTO_HTX_TRIAL_U50_M60,REFERENCE_ASSUMPTION_SANDBOX_V1,LOCAL_WINDOW_HPP_BASE,LOCAL_WINDOW_HPP_BASE,cutoff_backlog_fraction,SCENARIO_MINUS_REFERENCE,INDEPENDENT_WELCH_T,NOT_VERIFIED,10,10,-0.0117393748,0.00855456251776,17.9958440221,0.95,-0.0297121412543,0.00623339165425,COMPLETE
1.0,AUTO_HTX_TRIAL_U50_M60,REFERENCE_ASSUMPTION_SANDBOX_V1,LOCAL_WINDOW_HPP_BASE,LOCAL_WINDOW_HPP_BASE,cohort_clear_time_after_cutoff_seconds,SCENARIO_MINUS_REFERENCE,INDEPENDENT_WELCH_T,NOT_VERIFIED,10,10,-2.0637432561,0.84159218796,17.229764161,0.95,-3.8375455589,-0.289940953302,COMPLETE
1.0,AUTO_ICA_ROLLOUT_U100_M40,REFERENCE_ASSUMPTION_SANDBOX_V1,LOCAL_WINDOW_HPP_BASE,LOCAL_WINDOW_HPP_BASE,total_queue_wait_p95_seconds,SCENARIO_MINUS_REFERENCE,INDEPENDENT_WELCH_T,NOT_VERIFIED,10,10,-1.5807196139,0.676063471221,12.1414663457,0.95,-3.05183410947,-0.109605118325,COMPLETE
1.0,AUTO_ICA_ROLLOUT_U100_M40,REFERENCE_ASSUMPTION_SANDBOX_V1,LOCAL_WINDOW_HPP_BASE,LOCAL_WINDOW_HPP_BASE,total_queue_wait_mean_seconds,SCENARIO_MINUS_REFERENCE,INDEPENDENT_WELCH_T,NOT_VERIFIED,10,10,-0.3812698876,0.127910530488,17.883794951,0.95,-0.650125158111,-0.112414617089,COMPLETE
1.0,AUTO_ICA_ROLLOUT_U100_M40,REFERENCE_ASSUMPTION_SANDBOX_V1,LOCAL_WINDOW_HPP_BASE,LOCAL_WINDOW_HPP_BASE,security_wait_p95_seconds,SCENARIO_MINUS_REFERENCE,INDEPENDENT_WELCH_T,NOT_VERIFIED,10,10,-0.1323868738,0.683184441295,12.5441275309,0.95,-1.61378812992,1.34901438232,COMPLETE
1.0,AUTO_ICA_ROLLOUT_U100_M40,REFERENCE_ASSUMPTION_SANDBOX_V1,LOCAL_WINDOW_HPP_BASE,LOCAL_WINDOW_HPP_BASE,immigration_wait_p95_seconds,SCENARIO_MINUS_REFERENCE,INDEPENDENT_WELCH_T,NOT_VERIFIED,10,10,-2.3202303778,0.147394894859,9,0.95,-2.65366079496,-1.98679996064,COMPLETE
1.0,AUTO_ICA_ROLLOUT_U100_M40,REFERENCE_ASSUMPTION_SANDBOX_V1,LOCAL_WINDOW_HPP_BASE,LOCAL_WINDOW_HPP_BASE,total_queue_wait_exceed_600_rate,SCENARIO_MINUS_REFERENCE,INDEPENDENT_WELCH_T,NOT_VERIFIED,10,10,0,0,18,0.95,0,0,COMPLETE
1.0,AUTO_ICA_ROLLOUT_U100_M40,REFERENCE_ASSUMPTION_SANDBOX_V1,LOCAL_WINDOW_HPP_BASE,LOCAL_WINDOW_HPP_BASE,total_queue_wait_exceed_900_rate,SCENARIO_MINUS_REFERENCE,INDEPENDENT_WELCH_T,NOT_VERIFIED,10,10,0,0,18,0.95,0,0,COMPLETE
1.0,AUTO_ICA_ROLLOUT_U100_M40,REFERENCE_ASSUMPTION_SANDBOX_V1,LOCAL_WINDOW_HPP_BASE,LOCAL_WINDOW_HPP_BASE,total_queue_wait_exceed_1200_rate,SCENARIO_MINUS_REFERENCE,INDEPENDENT_WELCH_T,NOT_VERIFIED,10,10,0,0,18,0.95,0,0,COMPLETE
1.0,AUTO_ICA_ROLLOUT_U100_M40,REFERENCE_ASSUMPTION_SANDBOX_V1,LOCAL_WINDOW_HPP_BASE,LOCAL_WINDOW_HPP_BASE,security_utilization,SCENARIO_MINUS_REFERENCE,INDEPENDENT_WELCH_T,NOT_VERIFIED,10,10,0.0071587762,0.0157305511782,17.7162262655,0.95,-0.0259278709405,0.0402454233405,COMPLETE
1.0,AUTO_ICA_ROLLOUT_U100_M40,REFERENCE_ASSUMPTION_SANDBOX_V1,LOCAL_WINDOW_HPP_BASE,LOCAL_WINDOW_HPP_BASE,immigration_utilization,SCENARIO_MINUS_REFERENCE,INDEPENDENT_WELCH_T,NOT_VERIFIED,10,10,-0.4505826118,0.0127851903546,11.1990645404,0.95,-0.478661719728,-0.422503503872,COMPLETE
1.0,AUTO_ICA_ROLLOUT_U100_M40,REFERENCE_ASSUMPTION_SANDBOX_V1,LOCAL_WINDOW_HPP_BASE,LOCAL_WINDOW_HPP_BASE,cutoff_backlog_fraction,SCENARIO_MINUS_REFERENCE,INDEPENDENT_WELCH_T,NOT_VERIFIED,10,10,-0.0239918798,0.00746842544301,16.2134350872,0.95,-0.0398073126169,-0.00817644698308,COMPLETE
1.0,AUTO_ICA_ROLLOUT_U100_M40,REFERENCE_ASSUMPTION_SANDBOX_V1,LOCAL_WINDOW_HPP_BASE,LOCAL_WINDOW_HPP_BASE,cohort_clear_time_after_cutoff_seconds,SCENARIO_MINUS_REFERENCE,INDEPENDENT_WELCH_T,NOT_VERIFIED,10,10,-8.5621955408,0.561893031713,11.310760175,0.95,-9.79478078446,-7.32961029714,COMPLETE
1.0,AUTO_ICA_ROLLOUT_U50_M40,REFERENCE_ASSUMPTION_SANDBOX_V1,LOCAL_WINDOW_HPP_BASE,LOCAL_WINDOW_HPP_BASE,total_queue_wait_p95_seconds,SCENARIO_MINUS_REFERENCE,INDEPENDENT_WELCH_T,NOT_VERIFIED,10,10,-1.4661075071,0.559580382772,13.7696370345,0.95,-2.66817451553,-0.264040498667,COMPLETE
1.0,AUTO_ICA_ROLLOUT_U50_M40,REFERENCE_ASSUMPTION_SANDBOX_V1,LOCAL_WINDOW_HPP_BASE,LOCAL_WINDOW_HPP_BASE,total_queue_wait_mean_seconds,SCENARIO_MINUS_REFERENCE,INDEPENDENT_WELCH_T,NOT_VERIFIED,10,10,-0.3515583142,0.123273487609,17.9981492578,0.95,-0.610548210249,-0.0925684181506,COMPLETE
1.0,AUTO_ICA_ROLLOUT_U50_M40,REFERENCE_ASSUMPTION_SANDBOX_V1,LOCAL_WINDOW_HPP_BASE,LOCAL_WINDOW_HPP_BASE,security_wait_p95_seconds,SCENARIO_MINUS_REFERENCE,INDEPENDENT_WELCH_T,NOT_VERIFIED,10,10,-0.017774767,0.568163153057,14.3114623791,0.95,-1.23388018597,1.19833065197,COMPLETE
1.0,AUTO_ICA_ROLLOUT_U50_M40,REFERENCE_ASSUMPTION_SANDBOX_V1,LOCAL_WINDOW_HPP_BASE,LOCAL_WINDOW_HPP_BASE,immigration_wait_p95_seconds,SCENARIO_MINUS_REFERENCE,INDEPENDENT_WELCH_T,NOT_VERIFIED,10,10,-2.3202303778,0.147394894859,9,0.95,-2.65366079496,-1.98679996064,COMPLETE
1.0,AUTO_ICA_ROLLOUT_U50_M40,REFERENCE_ASSUMPTION_SANDBOX_V1,LOCAL_WINDOW_HPP_BASE,LOCAL_WINDOW_HPP_BASE,total_queue_wait_exceed_600_rate,SCENARIO_MINUS_REFERENCE,INDEPENDENT_WELCH_T,NOT_VERIFIED,10,10,0,0,18,0.95,0,0,COMPLETE
1.0,AUTO_ICA_ROLLOUT_U50_M40,REFERENCE_ASSUMPTION_SANDBOX_V1,LOCAL_WINDOW_HPP_BASE,LOCAL_WINDOW_HPP_BASE,total_queue_wait_exceed_900_rate,SCENARIO_MINUS_REFERENCE,INDEPENDENT_WELCH_T,NOT_VERIFIED,10,10,0,0,18,0.95,0,0,COMPLETE
1.0,AUTO_ICA_ROLLOUT_U50_M40,REFERENCE_ASSUMPTION_SANDBOX_V1,LOCAL_WINDOW_HPP_BASE,LOCAL_WINDOW_HPP_BASE,total_queue_wait_exceed_1200_rate,SCENARIO_MINUS_REFERENCE,INDEPENDENT_WELCH_T,NOT_VERIFIED,10,10,0,0,18,0.95,0,0,COMPLETE
1.0,AUTO_ICA_ROLLOUT_U50_M40,REFERENCE_ASSUMPTION_SANDBOX_V1,LOCAL_WINDOW_HPP_BASE,LOCAL_WINDOW_HPP_BASE,security_utilization,SCENARIO_MINUS_REFERENCE,INDEPENDENT_WELCH_T,NOT_VERIFIED,10,10,0.0053218907,0.0175337672518,17.8448609969,0.95,-0.0315381563492,0.0421819377492,COMPLETE
1.0,AUTO_ICA_ROLLOUT_U50_M40,REFERENCE_ASSUMPTION_SANDBOX_V1,LOCAL_WINDOW_HPP_BASE,LOCAL_WINDOW_HPP_BASE,immigration_utilization,SCENARIO_MINUS_REFERENCE,INDEPENDENT_WELCH_T,NOT_VERIFIED,10,10,-0.2213514968,0.0161760727366,17.778937254,0.95,-0.25536647906,-0.18733651454,COMPLETE
1.0,AUTO_ICA_ROLLOUT_U50_M40,REFERENCE_ASSUMPTION_SANDBOX_V1,LOCAL_WINDOW_HPP_BASE,LOCAL_WINDOW_HPP_BASE,cutoff_backlog_fraction,SCENARIO_MINUS_REFERENCE,INDEPENDENT_WELCH_T,NOT_VERIFIED,10,10,-0.0140736121,0.00801458703684,17.569137264,0.95,-0.0309412823227,0.00279405812272,COMPLETE
1.0,AUTO_ICA_ROLLOUT_U50_M40,REFERENCE_ASSUMPTION_SANDBOX_V1,LOCAL_WINDOW_HPP_BASE,LOCAL_WINDOW_HPP_BASE,cohort_clear_time_after_cutoff_seconds,SCENARIO_MINUS_REFERENCE,INDEPENDENT_WELCH_T,NOT_VERIFIED,10,10,-1.3511308689,0.714875957735,17.8459790818,0.95,-2.85395919033,0.151697452525,COMPLETE
1.0,CAPACITY_BOTH_PLUS,REFERENCE_ASSUMPTION_SANDBOX_V1,LOCAL_WINDOW_HPP_BASE,LOCAL_WINDOW_HPP_BASE,total_queue_wait_p95_seconds,SCENARIO_MINUS_REFERENCE,INDEPENDENT_WELCH_T,NOT_VERIFIED,10,10,-1.9059829377,0.67249318684,12.178480992,0.95,-3.36884162971,-0.443124245691,COMPLETE
1.0,CAPACITY_BOTH_PLUS,REFERENCE_ASSUMPTION_SANDBOX_V1,LOCAL_WINDOW_HPP_BASE,LOCAL_WINDOW_HPP_BASE,total_queue_wait_mean_seconds,SCENARIO_MINUS_REFERENCE,INDEPENDENT_WELCH_T,NOT_VERIFIED,10,10,-0.4568455818,0.117582960247,17.8617162731,0.95,-0.704015373176,-0.209675790424,COMPLETE
1.0,CAPACITY_BOTH_PLUS,REFERENCE_ASSUMPTION_SANDBOX_V1,LOCAL_WINDOW_HPP_BASE,LOCAL_WINDOW_HPP_BASE,security_wait_p95_seconds,SCENARIO_MINUS_REFERENCE,INDEPENDENT_WELCH_T,NOT_VERIFIED,10,10,-1.3226561887,0.580045350516,14.0800779259,0.95,-2.56606626976,-0.0792461076401,COMPLETE
1.0,CAPACITY_BOTH_PLUS,REFERENCE_ASSUMPTION_SANDBOX_V1,LOCAL_WINDOW_HPP_BASE,LOCAL_WINDOW_HPP_BASE,immigration_wait_p95_seconds,SCENARIO_MINUS_REFERENCE,INDEPENDENT_WELCH_T,NOT_VERIFIED,10,10,-1.5657511879,0.270895946902,15.4322550217,0.95,-2.14174680424,-0.989755571555,COMPLETE
1.0,CAPACITY_BOTH_PLUS,REFERENCE_ASSUMPTION_SANDBOX_V1,LOCAL_WINDOW_HPP_BASE,LOCAL_WINDOW_HPP_BASE,total_queue_wait_exceed_600_rate,SCENARIO_MINUS_REFERENCE,INDEPENDENT_WELCH_T,NOT_VERIFIED,10,10,0,0,18,0.95,0,0,COMPLETE
1.0,CAPACITY_BOTH_PLUS,REFERENCE_ASSUMPTION_SANDBOX_V1,LOCAL_WINDOW_HPP_BASE,LOCAL_WINDOW_HPP_BASE,total_queue_wait_exceed_900_rate,SCENARIO_MINUS_REFERENCE,INDEPENDENT_WELCH_T,NOT_VERIFIED,10,10,0,0,18,0.95,0,0,COMPLETE
1.0,CAPACITY_BOTH_PLUS,REFERENCE_ASSUMPTION_SANDBOX_V1,LOCAL_WINDOW_HPP_BASE,LOCAL_WINDOW_HPP_BASE,total_queue_wait_exceed_1200_rate,SCENARIO_MINUS_REFERENCE,INDEPENDENT_WELCH_T,NOT_VERIFIED,10,10,0,0,18,0.95,0,0,COMPLETE
1.0,CAPACITY_BOTH_PLUS,REFERENCE_ASSUMPTION_SANDBOX_V1,LOCAL_WINDOW_HPP_BASE,LOCAL_WINDOW_HPP_BASE,security_utilization,SCENARIO_MINUS_REFERENCE,INDEPENDENT_WELCH_T,NOT_VERIFIED,10,10,-0.0621437716,0.0157823796188,17.7479351497,0.95,-0.09533510832,-0.02895243488,COMPLETE
1.0,CAPACITY_BOTH_PLUS,REFERENCE_ASSUMPTION_SANDBOX_V1,LOCAL_WINDOW_HPP_BASE,LOCAL_WINDOW_HPP_BASE,immigration_utilization,SCENARIO_MINUS_REFERENCE,INDEPENDENT_WELCH_T,NOT_VERIFIED,10,10,-0.0827079343,0.015924910979,17.620052073,0.95,-0.116216718677,-0.0491991499233,COMPLETE
1.0,CAPACITY_BOTH_PLUS,REFERENCE_ASSUMPTION_SANDBOX_V1,LOCAL_WINDOW_HPP_BASE,LOCAL_WINDOW_HPP_BASE,cutoff_backlog_fraction,SCENARIO_MINUS_REFERENCE,INDEPENDENT_WELCH_T,NOT_VERIFIED,10,10,-0.0105009427,0.00875369959339,17.9833070913,0.95,-0.0288930068407,0.0078911214407,COMPLETE
1.0,CAPACITY_BOTH_PLUS,REFERENCE_ASSUMPTION_SANDBOX_V1,LOCAL_WINDOW_HPP_BASE,LOCAL_WINDOW_HPP_BASE,cohort_clear_time_after_cutoff_seconds,SCENARIO_MINUS_REFERENCE,INDEPENDENT_WELCH_T,NOT_VERIFIED,10,10,-0.6478033121,0.563974388575,11.4538128369,0.95,-1.88312839545,0.587521771253,COMPLETE
1.0,CAPACITY_IMMIGRATION_PLUS_3,REFERENCE_ASSUMPTION_SANDBOX_V1,LOCAL_WINDOW_HPP_BASE,LOCAL_WINDOW_HPP_BASE,total_queue_wait_p95_seconds,SCENARIO_MINUS_REFERENCE,INDEPENDENT_WELCH_T,NOT_VERIFIED,10,10,-1.2107751061,0.817904505305,11.0683338405,0.95,-3.00961572721,0.588065515012,COMPLETE
1.0,CAPACITY_IMMIGRATION_PLUS_3,REFERENCE_ASSUMPTION_SANDBOX_V1,LOCAL_WINDOW_HPP_BASE,LOCAL_WINDOW_HPP_BASE,total_queue_wait_mean_seconds,SCENARIO_MINUS_REFERENCE,INDEPENDENT_WELCH_T,NOT_VERIFIED,10,10,-0.2745364742,0.189418258268,13.460209767,0.95,-0.682332037475,0.133259089075,COMPLETE
1.0,CAPACITY_IMMIGRATION_PLUS_3,REFERENCE_ASSUMPTION_SANDBOX_V1,LOCAL_WINDOW_HPP_BASE,LOCAL_WINDOW_HPP_BASE,security_wait_p95_seconds,SCENARIO_MINUS_REFERENCE,INDEPENDENT_WELCH_T,NOT_VERIFIED,10,10,0.0493320353,0.836179855544,11.2706719072,0.95,-1.78570923362,1.88437330422,COMPLETE
1.0,CAPACITY_IMMIGRATION_PLUS_3,REFERENCE_ASSUMPTION_SANDBOX_V1,LOCAL_WINDOW_HPP_BASE,LOCAL_WINDOW_HPP_BASE,immigration_wait_p95_seconds,SCENARIO_MINUS_REFERENCE,INDEPENDENT_WELCH_T,NOT_VERIFIED,10,10,-2.1500882517,0.178074278248,15.8301882736,0.95,-2.52791823754,-1.77225826586,COMPLETE
1.0,CAPACITY_IMMIGRATION_PLUS_3,REFERENCE_ASSUMPTION_SANDBOX_V1,LOCAL_WINDOW_HPP_BASE,LOCAL_WINDOW_HPP_BASE,total_queue_wait_exceed_600_rate,SCENARIO_MINUS_REFERENCE,INDEPENDENT_WELCH_T,NOT_VERIFIED,10,10,0,0,18,0.95,0,0,COMPLETE
1.0,CAPACITY_IMMIGRATION_PLUS_3,REFERENCE_ASSUMPTION_SANDBOX_V1,LOCAL_WINDOW_HPP_BASE,LOCAL_WINDOW_HPP_BASE,total_queue_wait_exceed_900_rate,SCENARIO_MINUS_REFERENCE,INDEPENDENT_WELCH_T,NOT_VERIFIED,10,10,0,0,18,0.95,0,0,COMPLETE
1.0,CAPACITY_IMMIGRATION_PLUS_3,REFERENCE_ASSUMPTION_SANDBOX_V1,LOCAL_WINDOW_HPP_BASE,LOCAL_WINDOW_HPP_BASE,total_queue_wait_exceed_1200_rate,SCENARIO_MINUS_REFERENCE,INDEPENDENT_WELCH_T,NOT_VERIFIED,10,10,0,0,18,0.95,0,0,COMPLETE
1.0,CAPACITY_IMMIGRATION_PLUS_3,REFERENCE_ASSUMPTION_SANDBOX_V1,LOCAL_WINDOW_HPP_BASE,LOCAL_WINDOW_HPP_BASE,security_utilization,SCENARIO_MINUS_REFERENCE,INDEPENDENT_WELCH_T,NOT_VERIFIED,10,10,0.006165736,0.0174716812169,17.8654454527,0.95,-0.0305607305533,0.0428922025533,COMPLETE
1.0,CAPACITY_IMMIGRATION_PLUS_3,REFERENCE_ASSUMPTION_SANDBOX_V1,LOCAL_WINDOW_HPP_BASE,LOCAL_WINDOW_HPP_BASE,immigration_utilization,SCENARIO_MINUS_REFERENCE,INDEPENDENT_WELCH_T,NOT_VERIFIED,10,10,-0.0889700989,0.0166709697768,17.9611727147,0.95,-0.123999934628,-0.053940263172,COMPLETE
1.0,CAPACITY_IMMIGRATION_PLUS_3,REFERENCE_ASSUMPTION_SANDBOX_V1,LOCAL_WINDOW_HPP_BASE,LOCAL_WINDOW_HPP_BASE,cutoff_backlog_fraction,SCENARIO_MINUS_REFERENCE,INDEPENDENT_WELCH_T,NOT_VERIFIED,10,10,0.0026387283,0.00748421863953,16.26760046,0.95,-0.0132059213811,0.0184833779811,COMPLETE
1.0,CAPACITY_IMMIGRATION_PLUS_3,REFERENCE_ASSUMPTION_SANDBOX_V1,LOCAL_WINDOW_HPP_BASE,LOCAL_WINDOW_HPP_BASE,cohort_clear_time_after_cutoff_seconds,SCENARIO_MINUS_REFERENCE,INDEPENDENT_WELCH_T,NOT_VERIFIED,10,10,-0.4571998596,0.647833905425,16.2245081907,0.95,-1.82900351509,0.914603795889,COMPLETE
1.0,CAPACITY_SECURITY_PLUS_4,REFERENCE_ASSUMPTION_SANDBOX_V1,LOCAL_WINDOW_HPP_BASE,LOCAL_WINDOW_HPP_BASE,total_queue_wait_p95_seconds,SCENARIO_MINUS_REFERENCE,INDEPENDENT_WELCH_T,NOT_VERIFIED,10,10,-0.841559895,0.458532511849,16.1722377342,0.95,-1.81276470038,0.129644910379,COMPLETE
1.0,CAPACITY_SECURITY_PLUS_4,REFERENCE_ASSUMPTION_SANDBOX_V1,LOCAL_WINDOW_HPP_BASE,LOCAL_WINDOW_HPP_BASE,total_queue_wait_mean_seconds,SCENARIO_MINUS_REFERENCE,INDEPENDENT_WELCH_T,NOT_VERIFIED,10,10,-0.1903634476,0.13123255481,17.716201975,0.95,-0.466389736772,0.0856628415719,COMPLETE
1.0,CAPACITY_SECURITY_PLUS_4,REFERENCE_ASSUMPTION_SANDBOX_V1,LOCAL_WINDOW_HPP_BASE,LOCAL_WINDOW_HPP_BASE,security_wait_p95_seconds,SCENARIO_MINUS_REFERENCE,INDEPENDENT_WELCH_T,NOT_VERIFIED,10,10,-2.0537409527,0.282562741337,9.08562528887,0.95,-2.69202518798,-1.41545671742,COMPLETE
1.0,CAPACITY_SECURITY_PLUS_4,REFERENCE_ASSUMPTION_SANDBOX_V1,LOCAL_WINDOW_HPP_BASE,LOCAL_WINDOW_HPP_BASE,immigration_wait_p95_seconds,SCENARIO_MINUS_REFERENCE,INDEPENDENT_WELCH_T,NOT_VERIFIED,10,10,0.1972767823,0.346617866978,12.7887602748,0.95,-0.552804859951,0.947358424551,COMPLETE
1.0,CAPACITY_SECURITY_PLUS_4,REFERENCE_ASSUMPTION_SANDBOX_V1,LOCAL_WINDOW_HPP_BASE,LOCAL_WINDOW_HPP_BASE,total_queue_wait_exceed_600_rate,SCENARIO_MINUS_REFERENCE,INDEPENDENT_WELCH_T,NOT_VERIFIED,10,10,0,0,18,0.95,0,0,COMPLETE
1.0,CAPACITY_SECURITY_PLUS_4,REFERENCE_ASSUMPTION_SANDBOX_V1,LOCAL_WINDOW_HPP_BASE,LOCAL_WINDOW_HPP_BASE,total_queue_wait_exceed_900_rate,SCENARIO_MINUS_REFERENCE,INDEPENDENT_WELCH_T,NOT_VERIFIED,10,10,0,0,18,0.95,0,0,COMPLETE
1.0,CAPACITY_SECURITY_PLUS_4,REFERENCE_ASSUMPTION_SANDBOX_V1,LOCAL_WINDOW_HPP_BASE,LOCAL_WINDOW_HPP_BASE,total_queue_wait_exceed_1200_rate,SCENARIO_MINUS_REFERENCE,INDEPENDENT_WELCH_T,NOT_VERIFIED,10,10,0,0,18,0.95,0,0,COMPLETE
1.0,CAPACITY_SECURITY_PLUS_4,REFERENCE_ASSUMPTION_SANDBOX_V1,LOCAL_WINDOW_HPP_BASE,LOCAL_WINDOW_HPP_BASE,security_utilization,SCENARIO_MINUS_REFERENCE,INDEPENDENT_WELCH_T,NOT_VERIFIED,10,10,-0.0892956605,0.0158527469555,17.7876529911,0.95,-0.122629568335,-0.0559617526652,COMPLETE
1.0,CAPACITY_SECURITY_PLUS_4,REFERENCE_ASSUMPTION_SANDBOX_V1,LOCAL_WINDOW_HPP_BASE,LOCAL_WINDOW_HPP_BASE,immigration_utilization,SCENARIO_MINUS_REFERENCE,INDEPENDENT_WELCH_T,NOT_VERIFIED,10,10,-0.0173606205,0.0170172499346,17.9996612742,0.95,-0.0531125841776,0.0183913431776,COMPLETE
1.0,CAPACITY_SECURITY_PLUS_4,REFERENCE_ASSUMPTION_SANDBOX_V1,LOCAL_WINDOW_HPP_BASE,LOCAL_WINDOW_HPP_BASE,cutoff_backlog_fraction,SCENARIO_MINUS_REFERENCE,INDEPENDENT_WELCH_T,NOT_VERIFIED,10,10,0.0040969288,0.00774865710001,17.0400402645,0.95,-0.0122483828615,0.0204422404615,COMPLETE
1.0,CAPACITY_SECURITY_PLUS_4,REFERENCE_ASSUMPTION_SANDBOX_V1,LOCAL_WINDOW_HPP_BASE,LOCAL_WINDOW_HPP_BASE,cohort_clear_time_after_cutoff_seconds,SCENARIO_MINUS_REFERENCE,INDEPENDENT_WELCH_T,NOT_VERIFIED,10,10,-0.1113126927,0.732875037138,17.9714212169,0.95,-1.6512015374,1.428576152,COMPLETE
1.0,DEMAND_HIGH_120,REFERENCE_ASSUMPTION_SANDBOX_V1,LOCAL_WINDOW_HPP_HIGH,LOCAL_WINDOW_HPP_BASE,total_queue_wait_p95_seconds,SCENARIO_MINUS_REFERENCE,INDEPENDENT_WELCH_T,NOT_APPLICABLE_DIFFERENT_INPUT_SAMPLE,10,10,13.5394163887,2.80364093704,9.16122221271,0.95,7.21411311461,19.8647196628,COMPLETE
1.0,DEMAND_HIGH_120,REFERENCE_ASSUMPTION_SANDBOX_V1,LOCAL_WINDOW_HPP_HIGH,LOCAL_WINDOW_HPP_BASE,total_queue_wait_mean_seconds,SCENARIO_MINUS_REFERENCE,INDEPENDENT_WELCH_T,NOT_APPLICABLE_DIFFERENT_INPUT_SAMPLE,10,10,7.2885777778,1.68235168429,9.04795947131,0.95,3.48590667702,11.0912488786,COMPLETE
1.0,DEMAND_HIGH_120,REFERENCE_ASSUMPTION_SANDBOX_V1,LOCAL_WINDOW_HPP_HIGH,LOCAL_WINDOW_HPP_BASE,security_wait_p95_seconds,SCENARIO_MINUS_REFERENCE,INDEPENDENT_WELCH_T,NOT_APPLICABLE_DIFFERENT_INPUT_SAMPLE,10,10,11.1666626339,2.26674419554,9.2826819683,0.95,6.06263583905,16.2706894288,COMPLETE
1.0,DEMAND_HIGH_120,REFERENCE_ASSUMPTION_SANDBOX_V1,LOCAL_WINDOW_HPP_HIGH,LOCAL_WINDOW_HPP_BASE,immigration_wait_p95_seconds,SCENARIO_MINUS_REFERENCE,INDEPENDENT_WELCH_T,NOT_APPLICABLE_DIFFERENT_INPUT_SAMPLE,10,10,3.0598388988,0.592381036808,10.1827780316,0.95,1.7431360687,4.3765417289,COMPLETE
1.0,DEMAND_HIGH_120,REFERENCE_ASSUMPTION_SANDBOX_V1,LOCAL_WINDOW_HPP_HIGH,LOCAL_WINDOW_HPP_BASE,total_queue_wait_exceed_600_rate,SCENARIO_MINUS_REFERENCE,INDEPENDENT_WELCH_T,NOT_APPLICABLE_DIFFERENT_INPUT_SAMPLE,10,10,0,0,18,0.95,0,0,COMPLETE
1.0,DEMAND_HIGH_120,REFERENCE_ASSUMPTION_SANDBOX_V1,LOCAL_WINDOW_HPP_HIGH,LOCAL_WINDOW_HPP_BASE,total_queue_wait_exceed_900_rate,SCENARIO_MINUS_REFERENCE,INDEPENDENT_WELCH_T,NOT_APPLICABLE_DIFFERENT_INPUT_SAMPLE,10,10,0,0,18,0.95,0,0,COMPLETE
1.0,DEMAND_HIGH_120,REFERENCE_ASSUMPTION_SANDBOX_V1,LOCAL_WINDOW_HPP_HIGH,LOCAL_WINDOW_HPP_BASE,total_queue_wait_exceed_1200_rate,SCENARIO_MINUS_REFERENCE,INDEPENDENT_WELCH_T,NOT_APPLICABLE_DIFFERENT_INPUT_SAMPLE,10,10,0,0,18,0.95,0,0,COMPLETE
1.0,DEMAND_HIGH_120,REFERENCE_ASSUMPTION_SANDBOX_V1,LOCAL_WINDOW_HPP_HIGH,LOCAL_WINDOW_HPP_BASE,security_utilization,SCENARIO_MINUS_REFERENCE,INDEPENDENT_WELCH_T,NOT_APPLICABLE_DIFFERENT_INPUT_SAMPLE,10,10,0.1180541978,0.0132467041443,13.3679565894,0.95,0.0895163008188,0.146592094781,COMPLETE
1.0,DEMAND_HIGH_120,REFERENCE_ASSUMPTION_SANDBOX_V1,LOCAL_WINDOW_HPP_HIGH,LOCAL_WINDOW_HPP_BASE,immigration_utilization,SCENARIO_MINUS_REFERENCE,INDEPENDENT_WELCH_T,NOT_APPLICABLE_DIFFERENT_INPUT_SAMPLE,10,10,0.1205839306,0.0135305620581,13.367956599,0.95,0.0914345073261,0.149733353874,COMPLETE
1.0,DEMAND_HIGH_120,REFERENCE_ASSUMPTION_SANDBOX_V1,LOCAL_WINDOW_HPP_HIGH,LOCAL_WINDOW_HPP_BASE,cutoff_backlog_fraction,SCENARIO_MINUS_REFERENCE,INDEPENDENT_WELCH_T,NOT_APPLICABLE_DIFFERENT_INPUT_SAMPLE,10,10,0.0367961751,0.0122214344766,14.3699755136,0.95,0.0106469782249,0.0629453719751,COMPLETE
1.0,DEMAND_HIGH_120,REFERENCE_ASSUMPTION_SANDBOX_V1,LOCAL_WINDOW_HPP_HIGH,LOCAL_WINDOW_HPP_BASE,cohort_clear_time_after_cutoff_seconds,SCENARIO_MINUS_REFERENCE,INDEPENDENT_WELCH_T,NOT_APPLICABLE_DIFFERENT_INPUT_SAMPLE,10,10,12.9994257313,3.62196210525,9.39132383259,0.95,4.85772710639,21.1411243562,COMPLETE
1.0,DEMAND_LOW_080,REFERENCE_ASSUMPTION_SANDBOX_V1,LOCAL_WINDOW_HPP_LOW,LOCAL_WINDOW_HPP_BASE,total_queue_wait_p95_seconds,SCENARIO_MINUS_REFERENCE,INDEPENDENT_WELCH_T,NOT_APPLICABLE_DIFFERENT_INPUT_SAMPLE,10,10,-2.9628945537,0.340662924956,17.2899507914,0.95,-3.68071343333,-2.24507567407,COMPLETE
1.0,DEMAND_LOW_080,REFERENCE_ASSUMPTION_SANDBOX_V1,LOCAL_WINDOW_HPP_LOW,LOCAL_WINDOW_HPP_BASE,total_queue_wait_mean_seconds,SCENARIO_MINUS_REFERENCE,INDEPENDENT_WELCH_T,NOT_APPLICABLE_DIFFERENT_INPUT_SAMPLE,10,10,-0.5969387292,0.0886665623643,9.8135519903,0.95,-0.795010103586,-0.398867354814,COMPLETE
1.0,DEMAND_LOW_080,REFERENCE_ASSUMPTION_SANDBOX_V1,LOCAL_WINDOW_HPP_LOW,LOCAL_WINDOW_HPP_BASE,security_wait_p95_seconds,SCENARIO_MINUS_REFERENCE,INDEPENDENT_WELCH_T,NOT_APPLICABLE_DIFFERENT_INPUT_SAMPLE,10,10,-2.0731835395,0.281893044629,9,0.95,-2.71086990955,-1.43549716945,COMPLETE
1.0,DEMAND_LOW_080,REFERENCE_ASSUMPTION_SANDBOX_V1,LOCAL_WINDOW_HPP_LOW,LOCAL_WINDOW_HPP_BASE,immigration_wait_p95_seconds,SCENARIO_MINUS_REFERENCE,INDEPENDENT_WELCH_T,NOT_APPLICABLE_DIFFERENT_INPUT_SAMPLE,10,10,-1.7756539805,0.259555942146,15.9850344956,0.95,-2.32592986748,-1.22537809352,COMPLETE
1.0,DEMAND_LOW_080,REFERENCE_ASSUMPTION_SANDBOX_V1,LOCAL_WINDOW_HPP_LOW,LOCAL_WINDOW_HPP_BASE,total_queue_wait_exceed_600_rate,SCENARIO_MINUS_REFERENCE,INDEPENDENT_WELCH_T,NOT_APPLICABLE_DIFFERENT_INPUT_SAMPLE,10,10,0,0,18,0.95,0,0,COMPLETE
1.0,DEMAND_LOW_080,REFERENCE_ASSUMPTION_SANDBOX_V1,LOCAL_WINDOW_HPP_LOW,LOCAL_WINDOW_HPP_BASE,total_queue_wait_exceed_900_rate,SCENARIO_MINUS_REFERENCE,INDEPENDENT_WELCH_T,NOT_APPLICABLE_DIFFERENT_INPUT_SAMPLE,10,10,0,0,18,0.95,0,0,COMPLETE
1.0,DEMAND_LOW_080,REFERENCE_ASSUMPTION_SANDBOX_V1,LOCAL_WINDOW_HPP_LOW,LOCAL_WINDOW_HPP_BASE,total_queue_wait_exceed_1200_rate,SCENARIO_MINUS_REFERENCE,INDEPENDENT_WELCH_T,NOT_APPLICABLE_DIFFERENT_INPUT_SAMPLE,10,10,0,0,18,0.95,0,0,COMPLETE
1.0,DEMAND_LOW_080,REFERENCE_ASSUMPTION_SANDBOX_V1,LOCAL_WINDOW_HPP_LOW,LOCAL_WINDOW_HPP_BASE,security_utilization,SCENARIO_MINUS_REFERENCE,INDEPENDENT_WELCH_T,NOT_APPLICABLE_DIFFERENT_INPUT_SAMPLE,10,10,-0.1401794171,0.0148235524539,16.7884304988,0.95,-0.1714844293,-0.1088744049,COMPLETE
1.0,DEMAND_LOW_080,REFERENCE_ASSUMPTION_SANDBOX_V1,LOCAL_WINDOW_HPP_LOW,LOCAL_WINDOW_HPP_BASE,immigration_utilization,SCENARIO_MINUS_REFERENCE,INDEPENDENT_WELCH_T,NOT_APPLICABLE_DIFFERENT_INPUT_SAMPLE,10,10,-0.1431832617,0.01514119995,16.7884304754,0.95,-0.175159095474,-0.111207427926,COMPLETE
1.0,DEMAND_LOW_080,REFERENCE_ASSUMPTION_SANDBOX_V1,LOCAL_WINDOW_HPP_LOW,LOCAL_WINDOW_HPP_BASE,cutoff_backlog_fraction,SCENARIO_MINUS_REFERENCE,INDEPENDENT_WELCH_T,NOT_APPLICABLE_DIFFERENT_INPUT_SAMPLE,10,10,-0.0058467683,0.00798092703552,17.5151545649,0.95,-0.0226474053899,0.0109538687899,COMPLETE
1.0,DEMAND_LOW_080,REFERENCE_ASSUMPTION_SANDBOX_V1,LOCAL_WINDOW_HPP_LOW,LOCAL_WINDOW_HPP_BASE,cohort_clear_time_after_cutoff_seconds,SCENARIO_MINUS_REFERENCE,INDEPENDENT_WELCH_T,NOT_APPLICABLE_DIFFERENT_INPUT_SAMPLE,10,10,-1.5778397314,0.583198974471,12.7448398108,0.95,-2.84033347639,-0.315345986411,COMPLETE
1.0,RISK_EXTERNAL_P02_D7200,REFERENCE_ASSUMPTION_SANDBOX_V1,LOCAL_WINDOW_HPP_BASE,LOCAL_WINDOW_HPP_BASE,total_queue_wait_p95_seconds,SCENARIO_MINUS_REFERENCE,INDEPENDENT_WELCH_T,NOT_VERIFIED,10,10,26.8343959707,8.1934856118,9.01873033096,0.95,8.30530997844,45.363481963,COMPLETE
1.0,RISK_EXTERNAL_P02_D7200,REFERENCE_ASSUMPTION_SANDBOX_V1,LOCAL_WINDOW_HPP_BASE,LOCAL_WINDOW_HPP_BASE,total_queue_wait_mean_seconds,SCENARIO_MINUS_REFERENCE,INDEPENDENT_WELCH_T,NOT_VERIFIED,10,10,7.8798706494,2.97381934228,9.0153212946,0.95,1.15436628084,14.605375018,COMPLETE
1.0,RISK_EXTERNAL_P02_D7200,REFERENCE_ASSUMPTION_SANDBOX_V1,LOCAL_WINDOW_HPP_BASE,LOCAL_WINDOW_HPP_BASE,security_wait_p95_seconds,SCENARIO_MINUS_REFERENCE,INDEPENDENT_WELCH_T,NOT_VERIFIED,10,10,-0.5199844674,0.584535819103,13.9959807866,0.95,-1.77372288792,0.733753953122,COMPLETE
1.0,RISK_EXTERNAL_P02_D7200,REFERENCE_ASSUMPTION_SANDBOX_V1,LOCAL_WINDOW_HPP_BASE,LOCAL_WINDOW_HPP_BASE,immigration_wait_p95_seconds,SCENARIO_MINUS_REFERENCE,INDEPENDENT_WELCH_T,NOT_VERIFIED,10,10,27.4279099375,8.30437841128,9.00567230952,0.95,8.64390435856,46.2119155164,COMPLETE
1.0,RISK_EXTERNAL_P02_D7200,REFERENCE_ASSUMPTION_SANDBOX_V1,LOCAL_WINDOW_HPP_BASE,LOCAL_WINDOW_HPP_BASE,total_queue_wait_exceed_600_rate,SCENARIO_MINUS_REFERENCE,INDEPENDENT_WELCH_T,NOT_VERIFIED,10,10,0,0,18,0.95,0,0,COMPLETE
1.0,RISK_EXTERNAL_P02_D7200,REFERENCE_ASSUMPTION_SANDBOX_V1,LOCAL_WINDOW_HPP_BASE,LOCAL_WINDOW_HPP_BASE,total_queue_wait_exceed_900_rate,SCENARIO_MINUS_REFERENCE,INDEPENDENT_WELCH_T,NOT_VERIFIED,10,10,0,0,18,0.95,0,0,COMPLETE
1.0,RISK_EXTERNAL_P02_D7200,REFERENCE_ASSUMPTION_SANDBOX_V1,LOCAL_WINDOW_HPP_BASE,LOCAL_WINDOW_HPP_BASE,total_queue_wait_exceed_1200_rate,SCENARIO_MINUS_REFERENCE,INDEPENDENT_WELCH_T,NOT_VERIFIED,10,10,0,0,18,0.95,0,0,COMPLETE
1.0,RISK_EXTERNAL_P02_D7200,REFERENCE_ASSUMPTION_SANDBOX_V1,LOCAL_WINDOW_HPP_BASE,LOCAL_WINDOW_HPP_BASE,security_utilization,SCENARIO_MINUS_REFERENCE,INDEPENDENT_WELCH_T,NOT_VERIFIED,10,10,-0.7076205792,0.0118162614005,9.03100855772,0.95,-0.734336835569,-0.680904322831,COMPLETE
1.0,RISK_EXTERNAL_P02_D7200,REFERENCE_ASSUMPTION_SANDBOX_V1,LOCAL_WINDOW_HPP_BASE,LOCAL_WINDOW_HPP_BASE,immigration_utilization,SCENARIO_MINUS_REFERENCE,INDEPENDENT_WELCH_T,NOT_VERIFIED,10,10,-0.3627889673,0.0466011173348,10.2852230379,0.95,-0.466233742545,-0.259344192055,COMPLETE
1.0,RISK_EXTERNAL_P02_D7200,REFERENCE_ASSUMPTION_SANDBOX_V1,LOCAL_WINDOW_HPP_BASE,LOCAL_WINDOW_HPP_BASE,cutoff_backlog_fraction,SCENARIO_MINUS_REFERENCE,INDEPENDENT_WELCH_T,NOT_VERIFIED,10,10,0.0671221633,0.017873894883,11.327973042,0.95,0.0279205051864,0.106323821414,COMPLETE
1.0,RISK_EXTERNAL_P02_D7200,REFERENCE_ASSUMPTION_SANDBOX_V1,LOCAL_WINDOW_HPP_BASE,LOCAL_WINDOW_HPP_BASE,cohort_clear_time_after_cutoff_seconds,SCENARIO_MINUS_REFERENCE,INDEPENDENT_WELCH_T,NOT_VERIFIED,10,10,7178.88466789,19.4213102574,9.01333671976,0.95,7134.96051926,7222.80881652,COMPLETE
1.0,RISK_EXTERNAL_P02_D900,REFERENCE_ASSUMPTION_SANDBOX_V1,LOCAL_WINDOW_HPP_BASE,LOCAL_WINDOW_HPP_BASE,total_queue_wait_p95_seconds,SCENARIO_MINUS_REFERENCE,INDEPENDENT_WELCH_T,NOT_VERIFIED,10,10,43.7643152646,13.0545688723,9.0073736813,0.95,14.2365135431,73.2921169861,COMPLETE
1.0,RISK_EXTERNAL_P02_D900,REFERENCE_ASSUMPTION_SANDBOX_V1,LOCAL_WINDOW_HPP_BASE,LOCAL_WINDOW_HPP_BASE,total_queue_wait_mean_seconds,SCENARIO_MINUS_REFERENCE,INDEPENDENT_WELCH_T,NOT_VERIFIED,10,10,14.2950528839,4.26360009811,9.00745044403,0.95,4.65133533554,23.9387704323,COMPLETE
1.0,RISK_EXTERNAL_P02_D900,REFERENCE_ASSUMPTION_SANDBOX_V1,LOCAL_WINDOW_HPP_BASE,LOCAL_WINDOW_HPP_BASE,security_wait_p95_seconds,SCENARIO_MINUS_REFERENCE,INDEPENDENT_WELCH_T,NOT_VERIFIED,10,10,0.0061820182,0.743829025019,11.9361836453,0.95,-1.61544373502,1.62780777142,COMPLETE
1.0,RISK_EXTERNAL_P02_D900,REFERENCE_ASSUMPTION_SANDBOX_V1,LOCAL_WINDOW_HPP_BASE,LOCAL_WINDOW_HPP_BASE,immigration_wait_p95_seconds,SCENARIO_MINUS_REFERENCE,INDEPENDENT_WELCH_T,NOT_VERIFIED,10,10,44.5707456662,13.1620029102,9.00225760461,0.95,14.7973646902,74.3441266422,COMPLETE
1.0,RISK_EXTERNAL_P02_D900,REFERENCE_ASSUMPTION_SANDBOX_V1,LOCAL_WINDOW_HPP_BASE,LOCAL_WINDOW_HPP_BASE,total_queue_wait_exceed_600_rate,SCENARIO_MINUS_REFERENCE,INDEPENDENT_WELCH_T,NOT_VERIFIED,10,10,0,0,18,0.95,0,0,COMPLETE
1.0,RISK_EXTERNAL_P02_D900,REFERENCE_ASSUMPTION_SANDBOX_V1,LOCAL_WINDOW_HPP_BASE,LOCAL_WINDOW_HPP_BASE,total_queue_wait_exceed_900_rate,SCENARIO_MINUS_REFERENCE,INDEPENDENT_WELCH_T,NOT_VERIFIED,10,10,0,0,18,0.95,0,0,COMPLETE
1.0,RISK_EXTERNAL_P02_D900,REFERENCE_ASSUMPTION_SANDBOX_V1,LOCAL_WINDOW_HPP_BASE,LOCAL_WINDOW_HPP_BASE,total_queue_wait_exceed_1200_rate,SCENARIO_MINUS_REFERENCE,INDEPENDENT_WELCH_T,NOT_VERIFIED,10,10,0,0,18,0.95,0,0,COMPLETE
1.0,RISK_EXTERNAL_P02_D900,REFERENCE_ASSUMPTION_SANDBOX_V1,LOCAL_WINDOW_HPP_BASE,LOCAL_WINDOW_HPP_BASE,security_utilization,SCENARIO_MINUS_REFERENCE,INDEPENDENT_WELCH_T,NOT_VERIFIED,10,10,-0.5434920109,0.0124445124588,10.9749715611,0.95,-0.57088982099,-0.51609420081,COMPLETE
1.0,RISK_EXTERNAL_P02_D900,REFERENCE_ASSUMPTION_SANDBOX_V1,LOCAL_WINDOW_HPP_BASE,LOCAL_WINDOW_HPP_BASE,immigration_utilization,SCENARIO_MINUS_REFERENCE,INDEPENDENT_WELCH_T,NOT_VERIFIED,10,10,-0.272692708,0.0286162366855,12.7135835457,0.95,-0.334656204025,-0.210729211975,COMPLETE
1.0,RISK_EXTERNAL_P02_D900,REFERENCE_ASSUMPTION_SANDBOX_V1,LOCAL_WINDOW_HPP_BASE,LOCAL_WINDOW_HPP_BASE,cutoff_backlog_fraction,SCENARIO_MINUS_REFERENCE,INDEPENDENT_WELCH_T,NOT_VERIFIED,10,10,0.1017687408,0.022268462861,10.4480553258,0.95,0.052438425581,0.151099056019,COMPLETE
1.0,RISK_EXTERNAL_P02_D900,REFERENCE_ASSUMPTION_SANDBOX_V1,LOCAL_WINDOW_HPP_BASE,LOCAL_WINDOW_HPP_BASE,cohort_clear_time_after_cutoff_seconds,SCENARIO_MINUS_REFERENCE,INDEPENDENT_WELCH_T,NOT_VERIFIED,10,10,918.456051387,9.68164229902,9.05378715016,0.95,896.574472689,940.337630085,COMPLETE
1.0,SERVICE_SG_BUS_QR_10S,REFERENCE_ASSUMPTION_SANDBOX_V1,LOCAL_WINDOW_HPP_BASE,LOCAL_WINDOW_HPP_BASE,total_queue_wait_p95_seconds,SCENARIO_MINUS_REFERENCE,INDEPENDENT_WELCH_T,NOT_VERIFIED,10,10,-0.9646401247,0.688705437207,12.0153982839,0.95,-2.46498711234,0.535706862937,COMPLETE
1.0,SERVICE_SG_BUS_QR_10S,REFERENCE_ASSUMPTION_SANDBOX_V1,LOCAL_WINDOW_HPP_BASE,LOCAL_WINDOW_HPP_BASE,total_queue_wait_mean_seconds,SCENARIO_MINUS_REFERENCE,INDEPENDENT_WELCH_T,NOT_VERIFIED,10,10,-0.2990739487,0.128721487882,17.8484154725,0.95,-0.569672484473,-0.0284754129271,COMPLETE
1.0,SERVICE_SG_BUS_QR_10S,REFERENCE_ASSUMPTION_SANDBOX_V1,LOCAL_WINDOW_HPP_BASE,LOCAL_WINDOW_HPP_BASE,security_wait_p95_seconds,SCENARIO_MINUS_REFERENCE,INDEPENDENT_WELCH_T,NOT_VERIFIED,10,10,0.407354635,0.704478941984,12.3111724167,0.95,-1.12328128003,1.93799055003,COMPLETE
1.0,SERVICE_SG_BUS_QR_10S,REFERENCE_ASSUMPTION_SANDBOX_V1,LOCAL_WINDOW_HPP_BASE,LOCAL_WINDOW_HPP_BASE,immigration_wait_p95_seconds,SCENARIO_MINUS_REFERENCE,INDEPENDENT_WELCH_T,NOT_VERIFIED,10,10,-2.3202303778,0.147394894859,9,0.95,-2.65366079496,-1.98679996064,COMPLETE
1.0,SERVICE_SG_BUS_QR_10S,REFERENCE_ASSUMPTION_SANDBOX_V1,LOCAL_WINDOW_HPP_BASE,LOCAL_WINDOW_HPP_BASE,total_queue_wait_exceed_600_rate,SCENARIO_MINUS_REFERENCE,INDEPENDENT_WELCH_T,NOT_VERIFIED,10,10,0,0,18,0.95,0,0,COMPLETE
1.0,SERVICE_SG_BUS_QR_10S,REFERENCE_ASSUMPTION_SANDBOX_V1,LOCAL_WINDOW_HPP_BASE,LOCAL_WINDOW_HPP_BASE,total_queue_wait_exceed_900_rate,SCENARIO_MINUS_REFERENCE,INDEPENDENT_WELCH_T,NOT_VERIFIED,10,10,0,0,18,0.95,0,0,COMPLETE
1.0,SERVICE_SG_BUS_QR_10S,REFERENCE_ASSUMPTION_SANDBOX_V1,LOCAL_WINDOW_HPP_BASE,LOCAL_WINDOW_HPP_BASE,total_queue_wait_exceed_1200_rate,SCENARIO_MINUS_REFERENCE,INDEPENDENT_WELCH_T,NOT_VERIFIED,10,10,0,0,18,0.95,0,0,COMPLETE
1.0,SERVICE_SG_BUS_QR_10S,REFERENCE_ASSUMPTION_SANDBOX_V1,LOCAL_WINDOW_HPP_BASE,LOCAL_WINDOW_HPP_BASE,security_utilization,SCENARIO_MINUS_REFERENCE,INDEPENDENT_WELCH_T,NOT_VERIFIED,10,10,0.005367717,0.0154740191946,17.527299446,0.95,-0.0272049512568,0.0379403852568,COMPLETE
1.0,SERVICE_SG_BUS_QR_10S,REFERENCE_ASSUMPTION_SANDBOX_V1,LOCAL_WINDOW_HPP_BASE,LOCAL_WINDOW_HPP_BASE,immigration_utilization,SCENARIO_MINUS_REFERENCE,INDEPENDENT_WELCH_T,NOT_VERIFIED,10,10,-0.1702084629,0.014394237935,15.4773209241,0.95,-0.200806849649,-0.139610076151,COMPLETE
1.0,SERVICE_SG_BUS_QR_10S,REFERENCE_ASSUMPTION_SANDBOX_V1,LOCAL_WINDOW_HPP_BASE,LOCAL_WINDOW_HPP_BASE,cutoff_backlog_fraction,SCENARIO_MINUS_REFERENCE,INDEPENDENT_WELCH_T,NOT_VERIFIED,10,10,-0.0067077344,0.00774438071536,17.0295495733,0.95,-0.023044790015,0.00962932121504,COMPLETE
1.0,SERVICE_SG_BUS_QR_10S,REFERENCE_ASSUMPTION_SANDBOX_V1,LOCAL_WINDOW_HPP_BASE,LOCAL_WINDOW_HPP_BASE,cohort_clear_time_after_cutoff_seconds,SCENARIO_MINUS_REFERENCE,INDEPENDENT_WELCH_T,NOT_VERIFIED,10,10,-3.5836408641,0.753007021852,17.9959605299,0.95,-5.16567536699,-2.00160636121,COMPLETE
1.0,SERVICE_SG_TRAIN_KIOSK_24S,REFERENCE_ASSUMPTION_SANDBOX_V1,LOCAL_WINDOW_HPP_BASE,LOCAL_WINDOW_HPP_BASE,total_queue_wait_p95_seconds,SCENARIO_MINUS_REFERENCE,INDEPENDENT_WELCH_T,NOT_VERIFIED,10,10,161.346041842,6.7026113508,9.02800384358,0.95,146.190847873,176.501235812,COMPLETE
1.0,SERVICE_SG_TRAIN_KIOSK_24S,REFERENCE_ASSUMPTION_SANDBOX_V1,LOCAL_WINDOW_HPP_BASE,LOCAL_WINDOW_HPP_BASE,total_queue_wait_mean_seconds,SCENARIO_MINUS_REFERENCE,INDEPENDENT_WELCH_T,NOT_VERIFIED,10,10,84.4883175891,3.949962778,9.00868117941,0.95,75.5541933867,93.4224417915,COMPLETE
1.0,SERVICE_SG_TRAIN_KIOSK_24S,REFERENCE_ASSUMPTION_SANDBOX_V1,LOCAL_WINDOW_HPP_BASE,LOCAL_WINDOW_HPP_BASE,security_wait_p95_seconds,SCENARIO_MINUS_REFERENCE,INDEPENDENT_WELCH_T,NOT_VERIFIED,10,10,0.7753684439,0.817046389457,11.3885357577,0.95,-1.01548149381,2.56621838161,COMPLETE
1.0,SERVICE_SG_TRAIN_KIOSK_24S,REFERENCE_ASSUMPTION_SANDBOX_V1,LOCAL_WINDOW_HPP_BASE,LOCAL_WINDOW_HPP_BASE,immigration_wait_p95_seconds,SCENARIO_MINUS_REFERENCE,INDEPENDENT_WELCH_T,NOT_VERIFIED,10,10,162.515410795,6.70491393015,9.00870283599,0.95,147.350075004,177.680746586,COMPLETE
1.0,SERVICE_SG_TRAIN_KIOSK_24S,REFERENCE_ASSUMPTION_SANDBOX_V1,LOCAL_WINDOW_HPP_BASE,LOCAL_WINDOW_HPP_BASE,total_queue_wait_exceed_600_rate,SCENARIO_MINUS_REFERENCE,INDEPENDENT_WELCH_T,NOT_VERIFIED,10,10,0,0,18,0.95,0,0,COMPLETE
1.0,SERVICE_SG_TRAIN_KIOSK_24S,REFERENCE_ASSUMPTION_SANDBOX_V1,LOCAL_WINDOW_HPP_BASE,LOCAL_WINDOW_HPP_BASE,total_queue_wait_exceed_900_rate,SCENARIO_MINUS_REFERENCE,INDEPENDENT_WELCH_T,NOT_VERIFIED,10,10,0,0,18,0.95,0,0,COMPLETE
1.0,SERVICE_SG_TRAIN_KIOSK_24S,REFERENCE_ASSUMPTION_SANDBOX_V1,LOCAL_WINDOW_HPP_BASE,LOCAL_WINDOW_HPP_BASE,total_queue_wait_exceed_1200_rate,SCENARIO_MINUS_REFERENCE,INDEPENDENT_WELCH_T,NOT_VERIFIED,10,10,0,0,18,0.95,0,0,COMPLETE
1.0,SERVICE_SG_TRAIN_KIOSK_24S,REFERENCE_ASSUMPTION_SANDBOX_V1,LOCAL_WINDOW_HPP_BASE,LOCAL_WINDOW_HPP_BASE,security_utilization,SCENARIO_MINUS_REFERENCE,INDEPENDENT_WELCH_T,NOT_VERIFIED,10,10,-0.2516111879,0.0118545007541,9.14789008276,0.95,-0.278361990824,-0.224860384976,COMPLETE
1.0,SERVICE_SG_TRAIN_KIOSK_24S,REFERENCE_ASSUMPTION_SANDBOX_V1,LOCAL_WINDOW_HPP_BASE,LOCAL_WINDOW_HPP_BASE,immigration_utilization,SCENARIO_MINUS_REFERENCE,INDEPENDENT_WELCH_T,NOT_VERIFIED,10,10,0.1650950243,0.0122267742178,9.50369043631,0.95,0.137657991154,0.192532057446,COMPLETE
1.0,SERVICE_SG_TRAIN_KIOSK_24S,REFERENCE_ASSUMPTION_SANDBOX_V1,LOCAL_WINDOW_HPP_BASE,LOCAL_WINDOW_HPP_BASE,cutoff_backlog_fraction,SCENARIO_MINUS_REFERENCE,INDEPENDENT_WELCH_T,NOT_VERIFIED,10,10,0.3325153211,0.0106924207573,16.0338445212,0.95,0.309852289605,0.355178352595,COMPLETE
1.0,SERVICE_SG_TRAIN_KIOSK_24S,REFERENCE_ASSUMPTION_SANDBOX_V1,LOCAL_WINDOW_HPP_BASE,LOCAL_WINDOW_HPP_BASE,cohort_clear_time_after_cutoff_seconds,SCENARIO_MINUS_REFERENCE,INDEPENDENT_WELCH_T,NOT_VERIFIED,10,10,183.482392527,6.78960475959,9.10970298745,0.95,168.151388017,198.813397037,COMPLETE
1.0,SERVICE_SG_TRAIN_MANUAL_45S,REFERENCE_ASSUMPTION_SANDBOX_V1,LOCAL_WINDOW_HPP_BASE,LOCAL_WINDOW_HPP_BASE,total_queue_wait_p95_seconds,SCENARIO_MINUS_REFERENCE,INDEPENDENT_WELCH_T,NOT_VERIFIED,10,10,510.345765339,13.1734335848,9.00724116201,0.95,480.549039743,540.142490935,COMPLETE
1.0,SERVICE_SG_TRAIN_MANUAL_45S,REFERENCE_ASSUMPTION_SANDBOX_V1,LOCAL_WINDOW_HPP_BASE,LOCAL_WINDOW_HPP_BASE,total_queue_wait_mean_seconds,SCENARIO_MINUS_REFERENCE,INDEPENDENT_WELCH_T,NOT_VERIFIED,10,10,262.072250023,6.97635779172,9.00278205077,0.95,246.291375649,277.853124398,COMPLETE
1.0,SERVICE_SG_TRAIN_MANUAL_45S,REFERENCE_ASSUMPTION_SANDBOX_V1,LOCAL_WINDOW_HPP_BASE,LOCAL_WINDOW_HPP_BASE,security_wait_p95_seconds,SCENARIO_MINUS_REFERENCE,INDEPENDENT_WELCH_T,NOT_VERIFIED,10,10,-0.292935286,0.513270924604,15.5520769599,0.95,-1.3835735684,0.797702996399,COMPLETE
1.0,SERVICE_SG_TRAIN_MANUAL_45S,REFERENCE_ASSUMPTION_SANDBOX_V1,LOCAL_WINDOW_HPP_BASE,LOCAL_WINDOW_HPP_BASE,immigration_wait_p95_seconds,SCENARIO_MINUS_REFERENCE,INDEPENDENT_WELCH_T,NOT_VERIFIED,10,10,511.497711879,13.1779686243,9.00225213686,0.95,481.68821257,541.307211188,COMPLETE
1.0,SERVICE_SG_TRAIN_MANUAL_45S,REFERENCE_ASSUMPTION_SANDBOX_V1,LOCAL_WINDOW_HPP_BASE,LOCAL_WINDOW_HPP_BASE,total_queue_wait_exceed_600_rate,SCENARIO_MINUS_REFERENCE,INDEPENDENT_WELCH_T,NOT_VERIFIED,10,10,0.0032258065,0.0032258065,9,0.95,-0.00407147477978,0.0105230877798,COMPLETE
1.0,SERVICE_SG_TRAIN_MANUAL_45S,REFERENCE_ASSUMPTION_SANDBOX_V1,LOCAL_WINDOW_HPP_BASE,LOCAL_WINDOW_HPP_BASE,total_queue_wait_exceed_900_rate,SCENARIO_MINUS_REFERENCE,INDEPENDENT_WELCH_T,NOT_VERIFIED,10,10,0,0,18,0.95,0,0,COMPLETE
1.0,SERVICE_SG_TRAIN_MANUAL_45S,REFERENCE_ASSUMPTION_SANDBOX_V1,LOCAL_WINDOW_HPP_BASE,LOCAL_WINDOW_HPP_BASE,total_queue_wait_exceed_1200_rate,SCENARIO_MINUS_REFERENCE,INDEPENDENT_WELCH_T,NOT_VERIFIED,10,10,0,0,18,0.95,0,0,COMPLETE
1.0,SERVICE_SG_TRAIN_MANUAL_45S,REFERENCE_ASSUMPTION_SANDBOX_V1,LOCAL_WINDOW_HPP_BASE,LOCAL_WINDOW_HPP_BASE,security_utilization,SCENARIO_MINUS_REFERENCE,INDEPENDENT_WELCH_T,NOT_VERIFIED,10,10,-0.4726789485,0.01182624706,9.06149601705,0.95,-0.49940412758,-0.44595376942,COMPLETE
1.0,SERVICE_SG_TRAIN_MANUAL_45S,REFERENCE_ASSUMPTION_SANDBOX_V1,LOCAL_WINDOW_HPP_BASE,LOCAL_WINDOW_HPP_BASE,immigration_utilization,SCENARIO_MINUS_REFERENCE,INDEPENDENT_WELCH_T,NOT_VERIFIED,10,10,0.1892858118,0.0123034410231,9.73563634515,0.95,0.161770798751,0.216800824849,COMPLETE
1.0,SERVICE_SG_TRAIN_MANUAL_45S,REFERENCE_ASSUMPTION_SANDBOX_V1,LOCAL_WINDOW_HPP_BASE,LOCAL_WINDOW_HPP_BASE,cutoff_backlog_fraction,SCENARIO_MINUS_REFERENCE,INDEPENDENT_WELCH_T,NOT_VERIFIED,10,10,0.5907706708,0.00797442006221,17.5042999269,0.95,0.573982963341,0.607558378259,COMPLETE
1.0,SERVICE_SG_TRAIN_MANUAL_45S,REFERENCE_ASSUMPTION_SANDBOX_V1,LOCAL_WINDOW_HPP_BASE,LOCAL_WINDOW_HPP_BASE,cohort_clear_time_after_cutoff_seconds,SCENARIO_MINUS_REFERENCE,INDEPENDENT_WELCH_T,NOT_VERIFIED,10,10,569.311077461,13.6477231202,9.02702806158,0.95,538.451868021,600.1702869,COMPLETE
