schema_version,study_id,comparator_id,security_capacity,immigration_capacity,arrival_rate_per_second,arrival_spacing_seconds,arrival_cutoff_seconds,deterministic_arrivals,security_service_seconds,immigration_service_seconds,security_throughput_capacity_per_second,immigration_throughput_capacity_per_second,system_bottleneck_throughput_capacity_per_second,security_throughput_headroom_per_second,immigration_throughput_headroom_per_second,security_offered_workload_a,immigration_offered_workload_a,security_rho,immigration_rho,security_capacity_minus_a,immigration_capacity_minus_a,security_beta,immigration_beta,ideal_security_wait_mean_seconds,ideal_security_wait_p95_seconds,ideal_immigration_wait_mean_seconds,ideal_immigration_wait_p95_seconds,ideal_total_queue_wait_mean_seconds,ideal_total_queue_wait_p95_seconds,ideal_peak_security_waiting_queue,ideal_peak_immigration_waiting_queue,ideal_peak_total_waiting_queue,anylogic_total_queue_wait_mean_estimate_seconds,anylogic_total_queue_wait_mean_ci_low_seconds,anylogic_total_queue_wait_mean_ci_high_seconds,anylogic_total_queue_wait_p95_estimate_seconds,anylogic_total_queue_wait_p95_ci_low_seconds,anylogic_total_queue_wait_p95_ci_high_seconds,anylogic_peak_total_waiting_queue_estimate,anylogic_peak_total_waiting_queue_ci_low,anylogic_peak_total_waiting_queue_ci_high,variability_congestion_penalty_mean_wait_seconds,variability_congestion_penalty_mean_wait_ci_low_seconds,variability_congestion_penalty_mean_wait_ci_high_seconds,variability_congestion_penalty_p95_wait_seconds,variability_congestion_penalty_p95_wait_ci_low_seconds,variability_congestion_penalty_p95_wait_ci_high_seconds,variability_congestion_penalty_peak_queue,variability_congestion_penalty_peak_queue_ci_low,variability_congestion_penalty_peak_queue_ci_high,interpretation_role
1.0,TASK3_CAPACITY_RESPONSE_SURFACE_EXPLORATORY_V1,DETERMINISTIC_IDEAL_CONTROL_V1,36,21,1.36421329697,0.733023202618,300,409,21.818181818,13,1.65000000001,1.61538461538,1.61538461538,0.285786703042,0.251171318413,29.7646537519,17.7347728606,0.826795937552,0.844512993364,6.23534624813,3.26522713936,1.14290506505,0.775354982853,0,0,0,0,0,0,0,0,0,0.83125793158,0.552035515763,1.1104803474,3.92879239474,3.15681836064,4.70076642884,9.34,7.91657025389,10.7634297461,0.83125793158,0.552035515763,1.1104803474,3.92879239474,3.15681836064,4.70076642884,9.34,7.91657025389,10.7634297461,IDEAL_CONTROL_OVERLAY_NOT_CALIBRATED_FORECAST
1.0,TASK3_CAPACITY_RESPONSE_SURFACE_EXPLORATORY_V1,DETERMINISTIC_IDEAL_CONTROL_V1,36,20,1.36421329697,0.733023202618,300,409,21.818181818,13,1.65000000001,1.53846153846,1.53846153846,0.285786703042,0.17424824149,29.7646537519,17.7347728606,0.826795937552,0.886738643032,6.23534624813,2.26522713936,1.14290506505,0.53789677558,0,0,0,0,0,0,0,0,0,1.36163552584,0.955294837569,1.76797621411,5.24133542322,4.2657565226,6.21691432384,10.44,8.9109969848,11.9690030152,1.36163552584,0.955294837569,1.76797621411,5.24133542322,4.2657565226,6.21691432384,10.44,8.9109969848,11.9690030152,IDEAL_CONTROL_OVERLAY_NOT_CALIBRATED_FORECAST
1.0,TASK3_CAPACITY_RESPONSE_SURFACE_EXPLORATORY_V1,DETERMINISTIC_IDEAL_CONTROL_V1,36,19,1.36421329697,0.733023202618,300,409,21.818181818,13,1.65000000001,1.46153846154,1.46153846154,0.285786703042,0.0973251645665,29.7646537519,17.7347728606,0.826795937552,0.933409097928,6.23534624813,1.26522713936,1.14290506505,0.300438568307,0,0,0,0,0,0,0,0,0,2.51505353208,1.85175975623,3.17834730793,7.62724575214,6.34353016905,8.91096133523,13.38,11.5689778628,15.1910221372,2.51505353208,1.85175975623,3.17834730793,7.62724575214,6.34353016905,8.91096133523,13.38,11.5689778628,15.1910221372,IDEAL_CONTROL_OVERLAY_NOT_CALIBRATED_FORECAST
1.0,TASK3_CAPACITY_RESPONSE_SURFACE_EXPLORATORY_V1,DETERMINISTIC_IDEAL_CONTROL_V1,36,18,1.36421329697,0.733023202618,300,409,21.818181818,13,1.65000000001,1.38461538462,1.38461538462,0.285786703042,0.0204020876434,29.7646537519,17.7347728606,0.826795937552,0.985265158924,6.23534624813,0.265227139364,1.14290506505,0.0629803610335,0,0,0,0,0,0,0,0,0,5.0478827729,3.93924637873,6.15651916707,12.2478467585,10.3635788095,14.1321147076,19.6,17.0626092763,22.1373907237,5.0478827729,3.93924637873,6.15651916707,12.2478467585,10.3635788095,14.1321147076,19.6,17.0626092763,22.1373907237,IDEAL_CONTROL_OVERLAY_NOT_CALIBRATED_FORECAST
1.0,TASK3_CAPACITY_RESPONSE_SURFACE_EXPLORATORY_V1,DETERMINISTIC_IDEAL_CONTROL_V1,36,17,1.36421329697,0.733023202618,300,409,21.818181818,13,1.65000000001,1.30769230769,1.30769230769,0.285786703042,-0.0565209892797,29.7646537519,17.7347728606,0.826795937552,1.04322193298,6.23534624813,-0.734772860636,1.14290506505,-0.17447784624,0,0,6.21042493823,11.849322221,6.21042493823,11.849322221,0,17,17,9.9618495672,8.28834749631,11.6353516381,20.9267303561,18.1321428505,23.7213178617,30.88,27.1795831256,34.5804168744,3.75142462897,2.07792255807,5.42492669986,9.07740813512,6.28282062951,11.8719956407,13.88,10.1795831256,17.5804168744,IDEAL_CONTROL_OVERLAY_NOT_CALIBRATED_FORECAST
1.0,TASK3_CAPACITY_RESPONSE_SURFACE_EXPLORATORY_V1,DETERMINISTIC_IDEAL_CONTROL_V1,36,16,1.36421329697,0.733023202618,300,409,21.818181818,13,1.65000000001,1.23076923077,1.23076923077,0.285786703042,-0.133444066203,29.7646537519,17.7347728606,0.826795937552,1.10842330379,6.23534624813,-1.73477286064,1.14290506505,-0.411936053513,0,0,15.6233117593,30.5190901948,15.6233117593,30.5190901948,0,40,40,17.8150163813,15.6576299981,19.9724027645,35.6092292366,31.917244286,39.3012141873,48.3,43.688330642,52.911669358,2.19170462203,0.034318238798,4.34909100526,5.09013904182,1.39815409113,8.7821239925,8.3,3.68833064197,12.911669358,IDEAL_CONTROL_OVERLAY_NOT_CALIBRATED_FORECAST
1.0,TASK3_CAPACITY_RESPONSE_SURFACE_EXPLORATORY_V1,DETERMINISTIC_IDEAL_CONTROL_V1,35,21,1.36421329697,0.733023202618,300,409,21.818181818,13,1.60416666668,1.61538461538,1.60416666668,0.239953369708,0.251171318413,29.7646537519,17.7347728606,0.850418678625,0.844512993364,5.23534624813,3.26522713936,0.959610502156,0.775354982853,0,0,0,0,0,0,0,0,0,0.92233623108,0.620615344827,1.22405711733,4.2198053318,3.38407190164,5.05553876196,10.04,8.54390793076,11.5360920692,0.92233623108,0.620615344827,1.22405711733,4.2198053318,3.38407190164,5.05553876196,10.04,8.54390793076,11.5360920692,IDEAL_CONTROL_OVERLAY_NOT_CALIBRATED_FORECAST
1.0,TASK3_CAPACITY_RESPONSE_SURFACE_EXPLORATORY_V1,DETERMINISTIC_IDEAL_CONTROL_V1,35,20,1.36421329697,0.733023202618,300,409,21.818181818,13,1.60416666668,1.53846153846,1.53846153846,0.239953369708,0.17424824149,29.7646537519,17.7347728606,0.850418678625,0.886738643032,5.23534624813,2.26522713936,0.959610502156,0.53789677558,0,0,0,0,0,0,0,0,0,1.39815755246,0.984543140807,1.81177196411,5.34085758842,4.34573139829,6.33598377855,10.88,9.26350554716,12.4964944528,1.39815755246,0.984543140807,1.81177196411,5.34085758842,4.34573139829,6.33598377855,10.88,9.26350554716,12.4964944528,IDEAL_CONTROL_OVERLAY_NOT_CALIBRATED_FORECAST
1.0,TASK3_CAPACITY_RESPONSE_SURFACE_EXPLORATORY_V1,DETERMINISTIC_IDEAL_CONTROL_V1,35,19,1.36421329697,0.733023202618,300,409,21.818181818,13,1.60416666668,1.46153846154,1.46153846154,0.239953369708,0.0973251645665,29.7646537519,17.7347728606,0.850418678625,0.933409097928,5.23534624813,1.26522713936,0.959610502156,0.300438568307,0,0,0,0,0,0,0,0,0,2.52152288338,1.85819773439,3.18484803237,7.63588693424,6.35098565812,8.92078821036,13.12,11.2686960982,14.9713039018,2.52152288338,1.85819773439,3.18484803237,7.63588693424,6.35098565812,8.92078821036,13.12,11.2686960982,14.9713039018,IDEAL_CONTROL_OVERLAY_NOT_CALIBRATED_FORECAST
1.0,TASK3_CAPACITY_RESPONSE_SURFACE_EXPLORATORY_V1,DETERMINISTIC_IDEAL_CONTROL_V1,35,18,1.36421329697,0.733023202618,300,409,21.818181818,13,1.60416666668,1.38461538462,1.38461538462,0.239953369708,0.0204020876434,29.7646537519,17.7347728606,0.850418678625,0.985265158924,5.23534624813,0.265227139364,0.959610502156,0.0629803610335,0,0,0,0,0,0,0,0,0,5.04810397458,3.93951257146,6.1566953777,12.2478467585,10.3635788095,14.1321147076,19.1,16.5559594506,21.6440405494,5.04810397458,3.93951257146,6.1566953777,12.2478467585,10.3635788095,14.1321147076,19.1,16.5559594506,21.6440405494,IDEAL_CONTROL_OVERLAY_NOT_CALIBRATED_FORECAST
1.0,TASK3_CAPACITY_RESPONSE_SURFACE_EXPLORATORY_V1,DETERMINISTIC_IDEAL_CONTROL_V1,35,17,1.36421329697,0.733023202618,300,409,21.818181818,13,1.60416666668,1.30769230769,1.30769230769,0.239953369708,-0.0565209892797,29.7646537519,17.7347728606,0.850418678625,1.04322193298,5.23534624813,-0.734772860636,0.959610502156,-0.17447784624,0,0,6.21042493823,11.849322221,6.21042493823,11.849322221,0,17,17,9.9618495672,8.28834749631,11.6353516381,20.9267303561,18.1321428505,23.7213178617,30.42,26.7278553331,34.1121446669,3.75142462897,2.07792255807,5.42492669986,9.07740813512,6.28282062951,11.8719956407,13.42,9.7278553331,17.1121446669,IDEAL_CONTROL_OVERLAY_NOT_CALIBRATED_FORECAST
1.0,TASK3_CAPACITY_RESPONSE_SURFACE_EXPLORATORY_V1,DETERMINISTIC_IDEAL_CONTROL_V1,35,16,1.36421329697,0.733023202618,300,409,21.818181818,13,1.60416666668,1.23076923077,1.23076923077,0.239953369708,-0.133444066203,29.7646537519,17.7347728606,0.850418678625,1.10842330379,5.23534624813,-1.73477286064,0.959610502156,-0.411936053513,0,0,15.6233117593,30.5190901948,15.6233117593,30.5190901948,0,40,40,17.8150163813,15.6576299981,19.9724027645,35.6092292366,31.917244286,39.3012141873,47.98,43.3847154932,52.5752845068,2.19170462203,0.034318238798,4.34909100526,5.09013904182,1.39815409113,8.7821239925,7.98,3.38471549315,12.5752845068,IDEAL_CONTROL_OVERLAY_NOT_CALIBRATED_FORECAST
1.0,TASK3_CAPACITY_RESPONSE_SURFACE_EXPLORATORY_V1,DETERMINISTIC_IDEAL_CONTROL_V1,34,21,1.36421329697,0.733023202618,300,409,21.818181818,13,1.55833333335,1.61538461538,1.55833333335,0.194120036374,0.251171318413,29.7646537519,17.7347728606,0.875430992702,0.844512993364,4.23534624813,3.26522713936,0.776315939261,0.775354982853,0,0,0,0,0,0,0,0,0,1.12684069556,0.763216011758,1.49046537936,4.77640465004,3.84456409724,5.70824520284,11.2,9.5760179686,12.8239820314,1.12684069556,0.763216011758,1.49046537936,4.77640465004,3.84456409724,5.70824520284,11.2,9.5760179686,12.8239820314,IDEAL_CONTROL_OVERLAY_NOT_CALIBRATED_FORECAST
1.0,TASK3_CAPACITY_RESPONSE_SURFACE_EXPLORATORY_V1,DETERMINISTIC_IDEAL_CONTROL_V1,34,20,1.36421329697,0.733023202618,300,409,21.818181818,13,1.55833333335,1.53846153846,1.53846153846,0.194120036374,0.17424824149,29.7646537519,17.7347728606,0.875430992702,0.886738643032,4.23534624813,2.26522713936,0.776315939261,0.53789677558,0,0,0,0,0,0,0,0,0,1.48691375348,1.05824453492,1.91558297204,5.56594971898,4.55895802244,6.57294141552,11.7,10.0287477116,13.3712522884,1.48691375348,1.05824453492,1.91558297204,5.56594971898,4.55895802244,6.57294141552,11.7,10.0287477116,13.3712522884,IDEAL_CONTROL_OVERLAY_NOT_CALIBRATED_FORECAST
1.0,TASK3_CAPACITY_RESPONSE_SURFACE_EXPLORATORY_V1,DETERMINISTIC_IDEAL_CONTROL_V1,34,19,1.36421329697,0.733023202618,300,409,21.818181818,13,1.55833333335,1.46153846154,1.46153846154,0.194120036374,0.0973251645665,29.7646537519,17.7347728606,0.875430992702,0.933409097928,4.23534624813,1.26522713936,0.776315939261,0.300438568307,0,0,0,0,0,0,0,0,0,2.546845924,1.88065124205,3.21304060595,7.66529242952,6.37958626731,8.95099859173,13.44,11.5055176757,15.3744823243,2.546845924,1.88065124205,3.21304060595,7.66529242952,6.37958626731,8.95099859173,13.44,11.5055176757,15.3744823243,IDEAL_CONTROL_OVERLAY_NOT_CALIBRATED_FORECAST
1.0,TASK3_CAPACITY_RESPONSE_SURFACE_EXPLORATORY_V1,DETERMINISTIC_IDEAL_CONTROL_V1,34,18,1.36421329697,0.733023202618,300,409,21.818181818,13,1.55833333335,1.38461538462,1.38461538462,0.194120036374,0.0204020876434,29.7646537519,17.7347728606,0.875430992702,0.985265158924,4.23534624813,0.265227139364,0.776315939261,0.0629803610335,0,0,0,0,0,0,0,0,0,5.05207436408,3.94309320679,6.16105552137,12.2478467585,10.3635788095,14.1321147076,18.7,16.1527219327,21.2472780673,5.05207436408,3.94309320679,6.16105552137,12.2478467585,10.3635788095,14.1321147076,18.7,16.1527219327,21.2472780673,IDEAL_CONTROL_OVERLAY_NOT_CALIBRATED_FORECAST
1.0,TASK3_CAPACITY_RESPONSE_SURFACE_EXPLORATORY_V1,DETERMINISTIC_IDEAL_CONTROL_V1,34,17,1.36421329697,0.733023202618,300,409,21.818181818,13,1.55833333335,1.30769230769,1.30769230769,0.194120036374,-0.0565209892797,29.7646537519,17.7347728606,0.875430992702,1.04322193298,4.23534624813,-0.734772860636,0.776315939261,-0.17447784624,0,0,6.21042493823,11.849322221,6.21042493823,11.849322221,0,17,17,9.9618495672,8.28834749631,11.6353516381,20.9267303561,18.1321428505,23.7213178617,29.9,26.1926362865,33.6073637135,3.75142462897,2.07792255807,5.42492669986,9.07740813512,6.28282062951,11.8719956407,12.9,9.19263628646,16.6073637135,IDEAL_CONTROL_OVERLAY_NOT_CALIBRATED_FORECAST
1.0,TASK3_CAPACITY_RESPONSE_SURFACE_EXPLORATORY_V1,DETERMINISTIC_IDEAL_CONTROL_V1,34,16,1.36421329697,0.733023202618,300,409,21.818181818,13,1.55833333335,1.23076923077,1.23076923077,0.194120036374,-0.133444066203,29.7646537519,17.7347728606,0.875430992702,1.10842330379,4.23534624813,-1.73477286064,0.776315939261,-0.411936053513,0,0,15.6233117593,30.5190901948,15.6233117593,30.5190901948,0,40,40,17.8150163813,15.6576299981,19.9724027645,35.6092292366,31.917244286,39.3012141873,47.46,42.916037769,52.003962231,2.19170462203,0.034318238798,4.34909100526,5.09013904182,1.39815409113,8.7821239925,7.46,2.91603776898,12.003962231,IDEAL_CONTROL_OVERLAY_NOT_CALIBRATED_FORECAST
1.0,TASK3_CAPACITY_RESPONSE_SURFACE_EXPLORATORY_V1,DETERMINISTIC_IDEAL_CONTROL_V1,33,21,1.36421329697,0.733023202618,300,409,21.818181818,13,1.51250000001,1.61538461538,1.51250000001,0.148286703041,0.251171318413,29.7646537519,17.7347728606,0.901959204602,0.844512993364,3.23534624813,3.26522713936,0.593021376366,0.775354982853,0,0,0,0,0,0,0,0,0,1.51029806472,1.03129741802,1.98929871142,5.70142152142,4.63836006388,6.76448297896,12.8,11.0062532178,14.5937467822,1.51029806472,1.03129741802,1.98929871142,5.70142152142,4.63836006388,6.76448297896,12.8,11.0062532178,14.5937467822,IDEAL_CONTROL_OVERLAY_NOT_CALIBRATED_FORECAST
1.0,TASK3_CAPACITY_RESPONSE_SURFACE_EXPLORATORY_V1,DETERMINISTIC_IDEAL_CONTROL_V1,33,20,1.36421329697,0.733023202618,300,409,21.818181818,13,1.51250000001,1.53846153846,1.51250000001,0.148286703041,0.17424824149,29.7646537519,17.7347728606,0.901959204602,0.886738643032,3.23534624813,2.26522713936,0.593021376366,0.53789677558,0,0,0,0,0,0,0,0,0,1.74744271626,1.24779851804,2.24708691448,6.14691006548,5.07512901027,7.21869112069,13.06,11.2778600693,14.8421399307,1.74744271626,1.24779851804,2.24708691448,6.14691006548,5.07512901027,7.21869112069,13.06,11.2778600693,14.8421399307,IDEAL_CONTROL_OVERLAY_NOT_CALIBRATED_FORECAST
1.0,TASK3_CAPACITY_RESPONSE_SURFACE_EXPLORATORY_V1,DETERMINISTIC_IDEAL_CONTROL_V1,33,19,1.36421329697,0.733023202618,300,409,21.818181818,13,1.51250000001,1.46153846154,1.46153846154,0.148286703041,0.0973251645665,29.7646537519,17.7347728606,0.901959204602,0.933409097928,3.23534624813,1.26522713936,0.593021376366,0.300438568307,0,0,0,0,0,0,0,0,0,2.61922918874,1.94400017401,3.29445820347,7.7792284028,6.48498679908,9.07347000652,14.24,12.2414791226,16.2385208774,2.61922918874,1.94400017401,3.29445820347,7.7792284028,6.48498679908,9.07347000652,14.24,12.2414791226,16.2385208774,IDEAL_CONTROL_OVERLAY_NOT_CALIBRATED_FORECAST
1.0,TASK3_CAPACITY_RESPONSE_SURFACE_EXPLORATORY_V1,DETERMINISTIC_IDEAL_CONTROL_V1,33,18,1.36421329697,0.733023202618,300,409,21.818181818,13,1.51250000001,1.38461538462,1.38461538462,0.148286703041,0.0204020876434,29.7646537519,17.7347728606,0.901959204602,0.985265158924,3.23534624813,0.265227139364,0.593021376366,0.0629803610335,0,0,0,0,0,0,0,0,0,5.06566449326,3.95583826781,6.17549071871,12.2621815396,10.378091859,14.1462712202,18.7,16.0799917337,21.3200082663,5.06566449326,3.95583826781,6.17549071871,12.2621815396,10.378091859,14.1462712202,18.7,16.0799917337,21.3200082663,IDEAL_CONTROL_OVERLAY_NOT_CALIBRATED_FORECAST
1.0,TASK3_CAPACITY_RESPONSE_SURFACE_EXPLORATORY_V1,DETERMINISTIC_IDEAL_CONTROL_V1,33,17,1.36421329697,0.733023202618,300,409,21.818181818,13,1.51250000001,1.30769230769,1.30769230769,0.148286703041,-0.0565209892797,29.7646537519,17.7347728606,0.901959204602,1.04322193298,3.23534624813,-0.734772860636,0.593021376366,-0.17447784624,0,0,6.21042493823,11.849322221,6.21042493823,11.849322221,0,17,17,9.96461821182,8.29064541146,11.6385910122,20.9273569613,18.1327848034,23.7219291192,29.42,25.752491765,33.087508235,3.75419327359,2.08022047323,5.42816607394,9.07803474034,6.28346258245,11.8726068982,12.42,8.75249176501,16.087508235,IDEAL_CONTROL_OVERLAY_NOT_CALIBRATED_FORECAST
1.0,TASK3_CAPACITY_RESPONSE_SURFACE_EXPLORATORY_V1,DETERMINISTIC_IDEAL_CONTROL_V1,33,16,1.36421329697,0.733023202618,300,409,21.818181818,13,1.51250000001,1.23076923077,1.23076923077,0.148286703041,-0.133444066203,29.7646537519,17.7347728606,0.901959204602,1.10842330379,3.23534624813,-1.73477286064,0.593021376366,-0.411936053513,0,0,15.6233117593,30.5190901948,15.6233117593,30.5190901948,0,40,40,17.8150163813,15.6576299981,19.9724027645,35.6092292366,31.917244286,39.3012141873,46.66,42.1435449476,51.1764550524,2.19170462203,0.034318238798,4.34909100526,5.09013904182,1.39815409113,8.7821239925,6.66,2.14354494763,11.1764550524,IDEAL_CONTROL_OVERLAY_NOT_CALIBRATED_FORECAST
1.0,TASK3_CAPACITY_RESPONSE_SURFACE_EXPLORATORY_V1,DETERMINISTIC_IDEAL_CONTROL_V1,32,21,1.36421329697,0.733023202618,300,409,21.818181818,13,1.46666666668,1.61538461538,1.46666666668,0.102453369707,0.251171318413,29.7646537519,17.7347728606,0.930145429746,0.844512993364,2.23534624813,3.26522713936,0.409726813471,0.775354982853,0,0,0,0,0,0,0,0,0,2.1600986285,1.52763956466,2.79255769234,7.09406580436,5.83358807798,8.35454353074,14.68,12.6749904549,16.6850095451,2.1600986285,1.52763956466,2.79255769234,7.09406580436,5.83358807798,8.35454353074,14.68,12.6749904549,16.6850095451,IDEAL_CONTROL_OVERLAY_NOT_CALIBRATED_FORECAST
1.0,TASK3_CAPACITY_RESPONSE_SURFACE_EXPLORATORY_V1,DETERMINISTIC_IDEAL_CONTROL_V1,32,20,1.36421329697,0.733023202618,300,409,21.818181818,13,1.46666666668,1.53846153846,1.46666666668,0.102453369707,0.17424824149,29.7646537519,17.7347728606,0.930145429746,0.886738643032,2.23534624813,2.26522713936,0.409726813471,0.53789677558,0,0,0,0,0,0,0,0,0,2.32876258066,1.68402659002,2.9734985713,7.36462570714,6.09384993637,8.63540147791,14.82,12.8213719052,16.8186280948,2.32876258066,1.68402659002,2.9734985713,7.36462570714,6.09384993637,8.63540147791,14.82,12.8213719052,16.8186280948,IDEAL_CONTROL_OVERLAY_NOT_CALIBRATED_FORECAST
1.0,TASK3_CAPACITY_RESPONSE_SURFACE_EXPLORATORY_V1,DETERMINISTIC_IDEAL_CONTROL_V1,32,19,1.36421329697,0.733023202618,300,409,21.818181818,13,1.46666666668,1.46153846154,1.46153846154,0.102453369707,0.0973251645665,29.7646537519,17.7347728606,0.930145429746,0.933409097928,2.23534624813,1.26522713936,0.409726813471,0.300438568307,0,0,0,0,0,0,0,0,0,2.81824835784,2.12089142542,3.51560529026,8.16707836386,6.85433911116,9.47981761656,15.46,13.4016308027,17.5183691973,2.81824835784,2.12089142542,3.51560529026,8.16707836386,6.85433911116,9.47981761656,15.46,13.4016308027,17.5183691973,IDEAL_CONTROL_OVERLAY_NOT_CALIBRATED_FORECAST
1.0,TASK3_CAPACITY_RESPONSE_SURFACE_EXPLORATORY_V1,DETERMINISTIC_IDEAL_CONTROL_V1,32,18,1.36421329697,0.733023202618,300,409,21.818181818,13,1.46666666668,1.38461538462,1.38461538462,0.102453369707,0.0204020876434,29.7646537519,17.7347728606,0.930145429746,0.985265158924,2.23534624813,0.265227139364,0.409726813471,0.0629803610335,0,0,0,0,0,0,0,0,0,5.12083326674,4.00642993931,6.23523659417,12.3196005154,10.4364798408,14.20272119,19.44,16.7640245047,22.1159754953,5.12083326674,4.00642993931,6.23523659417,12.3196005154,10.4364798408,14.20272119,19.44,16.7640245047,22.1159754953,IDEAL_CONTROL_OVERLAY_NOT_CALIBRATED_FORECAST
1.0,TASK3_CAPACITY_RESPONSE_SURFACE_EXPLORATORY_V1,DETERMINISTIC_IDEAL_CONTROL_V1,32,17,1.36421329697,0.733023202618,300,409,21.818181818,13,1.46666666668,1.30769230769,1.30769230769,0.102453369707,-0.0565209892797,29.7646537519,17.7347728606,0.930145429746,1.04322193298,2.23534624813,-0.734772860636,0.409726813471,-0.17447784624,0,0,6.21042493823,11.849322221,6.21042493823,11.849322221,0,17,17,9.97529652974,8.30008463261,11.6505084269,20.930709311,18.1352940289,23.726124593,29.24,25.5253918083,32.9546081917,3.76487159151,2.08965969438,5.44008348863,9.08138708996,6.28597180794,11.876802372,12.24,8.5253918083,15.9546081917,IDEAL_CONTROL_OVERLAY_NOT_CALIBRATED_FORECAST
1.0,TASK3_CAPACITY_RESPONSE_SURFACE_EXPLORATORY_V1,DETERMINISTIC_IDEAL_CONTROL_V1,32,16,1.36421329697,0.733023202618,300,409,21.818181818,13,1.46666666668,1.23076923077,1.23076923077,0.102453369707,-0.133444066203,29.7646537519,17.7347728606,0.930145429746,1.10842330379,2.23534624813,-1.73477286064,0.409726813471,-0.411936053513,0,0,15.6233117593,30.5190901948,15.6233117593,30.5190901948,0,40,40,17.8150163813,15.6576299981,19.9724027645,35.6092292366,31.917244286,39.3012141873,46.08,41.5488864116,50.6111135884,2.19170462203,0.034318238798,4.34909100526,5.09013904182,1.39815409113,8.7821239925,6.08,1.54888641162,10.6111135884,IDEAL_CONTROL_OVERLAY_NOT_CALIBRATED_FORECAST
1.0,TASK3_CAPACITY_RESPONSE_SURFACE_EXPLORATORY_V1,DETERMINISTIC_IDEAL_CONTROL_V1,31,21,1.36421329697,0.733023202618,300,409,21.818181818,13,1.42083333335,1.61538461538,1.42083333335,0.0566200363732,0.251171318413,29.7646537519,17.7347728606,0.960150121028,0.844512993364,1.23534624813,3.26522713936,0.226432250575,0.775354982853,0,0,0,0,0,0,0,0,0,3.28377987884,2.42764058714,4.13991917054,9.33206562774,7.78184169562,10.8822895599,17.62,15.2906399141,19.9493600859,3.28377987884,2.42764058714,4.13991917054,9.33206562774,7.78184169562,10.8822895599,17.62,15.2906399141,19.9493600859,IDEAL_CONTROL_OVERLAY_NOT_CALIBRATED_FORECAST
1.0,TASK3_CAPACITY_RESPONSE_SURFACE_EXPLORATORY_V1,DETERMINISTIC_IDEAL_CONTROL_V1,31,20,1.36421329697,0.733023202618,300,409,21.818181818,13,1.42083333335,1.53846153846,1.42083333335,0.0566200363732,0.17424824149,29.7646537519,17.7347728606,0.960150121028,0.886738643032,1.23534624813,2.26522713936,0.226432250575,0.53789677558,0,0,0,0,0,0,0,0,0,3.41456235656,2.5490094809,4.28011523222,9.48391963226,7.92806876461,11.0397704999,17.72,15.3926575315,20.0473424685,3.41456235656,2.5490094809,4.28011523222,9.48391963226,7.92806876461,11.0397704999,17.72,15.3926575315,20.0473424685,IDEAL_CONTROL_OVERLAY_NOT_CALIBRATED_FORECAST
1.0,TASK3_CAPACITY_RESPONSE_SURFACE_EXPLORATORY_V1,DETERMINISTIC_IDEAL_CONTROL_V1,31,19,1.36421329697,0.733023202618,300,409,21.818181818,13,1.42083333335,1.46153846154,1.42083333335,0.0566200363732,0.0973251645665,29.7646537519,17.7347728606,0.960150121028,0.933409097928,1.23534624813,1.26522713936,0.226432250575,0.300438568307,0,0,0,0,0,0,0,0,0,3.71061620476,2.82612967793,4.59510273159,9.8707138994,8.30853169707,11.4328961017,18.04,15.6908607337,20.3891392663,3.71061620476,2.82612967793,4.59510273159,9.8707138994,8.30853169707,11.4328961017,18.04,15.6908607337,20.3891392663,IDEAL_CONTROL_OVERLAY_NOT_CALIBRATED_FORECAST
1.0,TASK3_CAPACITY_RESPONSE_SURFACE_EXPLORATORY_V1,DETERMINISTIC_IDEAL_CONTROL_V1,31,18,1.36421329697,0.733023202618,300,409,21.818181818,13,1.42083333335,1.38461538462,1.38461538462,0.0566200363732,0.0204020876434,29.7646537519,17.7347728606,0.960150121028,0.985265158924,1.23534624813,0.265227139364,0.226432250575,0.0629803610335,0,0,0,0,0,0,0,0,0,5.26866438662,4.14221584744,6.3951129258,12.5201251378,10.6308765624,14.4093737132,20.58,17.8612908615,23.2987091385,5.26866438662,4.14221584744,6.3951129258,12.5201251378,10.6308765624,14.4093737132,20.58,17.8612908615,23.2987091385,IDEAL_CONTROL_OVERLAY_NOT_CALIBRATED_FORECAST
1.0,TASK3_CAPACITY_RESPONSE_SURFACE_EXPLORATORY_V1,DETERMINISTIC_IDEAL_CONTROL_V1,31,17,1.36421329697,0.733023202618,300,409,21.818181818,13,1.42083333335,1.30769230769,1.30769230769,0.0566200363732,-0.0565209892797,29.7646537519,17.7347728606,0.960150121028,1.04322193298,1.23534624813,-0.734772860636,0.226432250575,-0.17447784624,0,0,6.21042493823,11.849322221,6.21042493823,11.849322221,0,17,17,10.0123051209,8.33300026845,11.6916099733,20.9566394717,18.1536498143,23.759629129,29.8,26.0139966503,33.5860033497,3.80188018265,2.12257533022,5.48118503507,9.10731725066,6.30432759331,11.910306908,12.8,9.01399665025,16.5860033497,IDEAL_CONTROL_OVERLAY_NOT_CALIBRATED_FORECAST
1.0,TASK3_CAPACITY_RESPONSE_SURFACE_EXPLORATORY_V1,DETERMINISTIC_IDEAL_CONTROL_V1,31,16,1.36421329697,0.733023202618,300,409,21.818181818,13,1.42083333335,1.23076923077,1.23076923077,0.0566200363732,-0.133444066203,29.7646537519,17.7347728606,0.960150121028,1.10842330379,1.23534624813,-1.73477286064,0.226432250575,-0.411936053513,0,0,15.6233117593,30.5190901948,15.6233117593,30.5190901948,0,40,40,17.8248494675,15.6673483438,19.9823505911,35.6126698371,31.9210723175,39.3042673566,46.1,41.5202518977,50.6797481023,2.20153770819,0.0440365845252,4.35903883186,5.09357964224,1.40198212266,8.78517716181,6.1,1.5202518977,10.6797481023,IDEAL_CONTROL_OVERLAY_NOT_CALIBRATED_FORECAST
1.0,TASK3_CAPACITY_RESPONSE_SURFACE_EXPLORATORY_V1,DETERMINISTIC_IDEAL_CONTROL_V1,30,21,1.36421329697,0.733023202618,300,409,21.818181818,13,1.37500000001,1.61538461538,1.37500000001,0.0107867030395,0.251171318413,29.7646537519,17.7347728606,0.992155125062,0.844512993364,0.235346248132,3.26522713936,0.0431376876803,0.775354982853,0,0,0,0,0,0,0,0,0,5.08720576772,3.9306915944,6.24371994104,12.6112887612,10.6321359595,14.5904415629,21.82,18.9921662394,24.6478337606,5.08720576772,3.9306915944,6.24371994104,12.6112887612,10.6321359595,14.5904415629,21.82,18.9921662394,24.6478337606,IDEAL_CONTROL_OVERLAY_NOT_CALIBRATED_FORECAST
1.0,TASK3_CAPACITY_RESPONSE_SURFACE_EXPLORATORY_V1,DETERMINISTIC_IDEAL_CONTROL_V1,30,20,1.36421329697,0.733023202618,300,409,21.818181818,13,1.37500000001,1.53846153846,1.37500000001,0.0107867030395,0.17424824149,29.7646537519,17.7347728606,0.992155125062,0.886738643032,0.235346248132,2.26522713936,0.0431376876803,0.53789677558,0,0,0,0,0,0,0,0,0,5.17495721478,4.01305887756,6.336855552,12.6937984062,10.7128244659,14.6747723465,21.84,19.0088631671,24.6711368329,5.17495721478,4.01305887756,6.336855552,12.6937984062,10.7128244659,14.6747723465,21.84,19.0088631671,24.6711368329,IDEAL_CONTROL_OVERLAY_NOT_CALIBRATED_FORECAST
1.0,TASK3_CAPACITY_RESPONSE_SURFACE_EXPLORATORY_V1,DETERMINISTIC_IDEAL_CONTROL_V1,30,19,1.36421329697,0.733023202618,300,409,21.818181818,13,1.37500000001,1.46153846154,1.37500000001,0.0107867030395,0.0973251645665,29.7646537519,17.7347728606,0.992155125062,0.933409097928,0.235346248132,1.26522713936,0.0431376876803,0.300438568307,0,0,0,0,0,0,0,0,0,5.3667029285,4.19242808337,6.54097777363,12.8925681065,10.9072337437,14.8779024693,21.98,19.1546154492,24.8053845508,5.3667029285,4.19242808337,6.54097777363,12.8925681065,10.9072337437,14.8779024693,21.98,19.1546154492,24.8053845508,IDEAL_CONTROL_OVERLAY_NOT_CALIBRATED_FORECAST
1.0,TASK3_CAPACITY_RESPONSE_SURFACE_EXPLORATORY_V1,DETERMINISTIC_IDEAL_CONTROL_V1,30,18,1.36421329697,0.733023202618,300,409,21.818181818,13,1.37500000001,1.38461538462,1.37500000001,0.0107867030395,0.0204020876434,29.7646537519,17.7347728606,0.992155125062,0.985265158924,0.235346248132,0.265227139364,0.0431376876803,0.0629803610335,0,0,0,0,0,0,0,0,0,5.89613083734,4.68822115263,7.10404052205,13.5561421372,11.5511718354,15.5611124391,22.48,19.6257389659,25.3342610341,5.89613083734,4.68822115263,7.10404052205,13.5561421372,11.5511718354,15.5611124391,22.48,19.6257389659,25.3342610341,IDEAL_CONTROL_OVERLAY_NOT_CALIBRATED_FORECAST
1.0,TASK3_CAPACITY_RESPONSE_SURFACE_EXPLORATORY_V1,DETERMINISTIC_IDEAL_CONTROL_V1,30,17,1.36421329697,0.733023202618,300,409,21.818181818,13,1.37500000001,1.30769230769,1.30769230769,0.0107867030395,-0.0565209892797,29.7646537519,17.7347728606,0.992155125062,1.04322193298,0.235346248132,-0.734772860636,0.0431376876803,-0.17447784624,0,0,6.21042493823,11.849322221,6.21042493823,11.849322221,0,17,17,10.1189057146,8.42888562782,11.8089258014,21.084477703,18.2815132336,23.8874421725,30.76,26.9581127344,34.5618872656,3.90848077637,2.21846068959,5.59850086314,9.23515548202,6.43219101259,12.0381199515,13.76,9.9581127344,17.5618872656,IDEAL_CONTROL_OVERLAY_NOT_CALIBRATED_FORECAST
1.0,TASK3_CAPACITY_RESPONSE_SURFACE_EXPLORATORY_V1,DETERMINISTIC_IDEAL_CONTROL_V1,30,16,1.36421329697,0.733023202618,300,409,21.818181818,13,1.37500000001,1.23076923077,1.23076923077,0.0107867030395,-0.133444066203,29.7646537519,17.7347728606,0.992155125062,1.10842330379,0.235346248132,-1.73477286064,0.0431376876803,-0.411936053513,0,0,15.6233117593,30.5190901948,15.6233117593,30.5190901948,0,40,40,17.8576945868,15.6970044787,20.0183846948,35.6417547164,31.9499460225,39.3335634103,46.5,41.8244368536,51.1755631464,2.23438282749,0.0736927194187,4.39507293556,5.12266452156,1.43085582768,8.81447321543,6.5,1.82443685355,11.1755631464,IDEAL_CONTROL_OVERLAY_NOT_CALIBRATED_FORECAST
1.0,TASK3_CAPACITY_RESPONSE_SURFACE_EXPLORATORY_V1,DETERMINISTIC_IDEAL_CONTROL_V1,29,21,1.36421329697,0.733023202618,300,409,21.818181818,13,1.32916666668,1.61538461538,1.32916666668,-0.0350466302943,0.251171318413,29.7646537519,17.7347728606,1.02636737075,0.844512993364,-0.764653751868,3.26522713936,-0.140156875215,0.775354982853,3.67414296758,7.28661624715,0,0,3.67414296758,7.28661624715,10,0,10,7.80264866502,6.30297137881,9.30232595123,17.4587881551,14.945040405,19.9725359052,28.06,24.5824357667,31.5375642333,4.12850569744,2.62882841124,5.62818298365,10.1721719079,7.65842415784,12.685919658,18.06,14.5824357667,21.5375642333,IDEAL_CONTROL_OVERLAY_NOT_CALIBRATED_FORECAST
1.0,TASK3_CAPACITY_RESPONSE_SURFACE_EXPLORATORY_V1,DETERMINISTIC_IDEAL_CONTROL_V1,29,20,1.36421329697,0.733023202618,300,409,21.818181818,13,1.32916666668,1.53846153846,1.32916666668,-0.0350466302943,0.17424824149,29.7646537519,17.7347728606,1.02636737075,0.886738643032,-0.764653751868,2.26522713936,-0.140156875215,0.53789677558,3.67414296758,7.28661624715,0,0,3.67414296758,7.28661624715,10,0,10,7.86627717114,6.36136265309,9.37119168919,17.5145369055,15.0049975066,20.0240763044,28.08,24.5974955814,31.5625044186,4.19213420356,2.68721968551,5.69704872161,10.2279206584,7.71838125945,12.7374600573,18.08,14.5974955814,21.5625044186,IDEAL_CONTROL_OVERLAY_NOT_CALIBRATED_FORECAST
1.0,TASK3_CAPACITY_RESPONSE_SURFACE_EXPLORATORY_V1,DETERMINISTIC_IDEAL_CONTROL_V1,29,19,1.36421329697,0.733023202618,300,409,21.818181818,13,1.32916666668,1.46153846154,1.32916666668,-0.0350466302943,0.0973251645665,29.7646537519,17.7347728606,1.02636737075,0.933409097928,-0.764653751868,1.26522713936,-0.140156875215,0.300438568307,3.67414296758,7.28661624715,0,0,3.67414296758,7.28661624715,10,0,10,7.9980700789,6.4854993197,9.5106408381,17.5927002065,15.0795306987,20.1058697143,28.16,24.6748838588,31.6451161412,4.32392711132,2.81135635213,5.83649787052,10.3060839594,7.79291445159,12.8192534672,18.16,14.6748838588,21.6451161412,IDEAL_CONTROL_OVERLAY_NOT_CALIBRATED_FORECAST
1.0,TASK3_CAPACITY_RESPONSE_SURFACE_EXPLORATORY_V1,DETERMINISTIC_IDEAL_CONTROL_V1,29,18,1.36421329697,0.733023202618,300,409,21.818181818,13,1.32916666668,1.38461538462,1.32916666668,-0.0350466302943,0.0204020876434,29.7646537519,17.7347728606,1.02636737075,0.985265158924,-0.764653751868,0.265227139364,-0.140156875215,0.0629803610335,3.67414296758,7.28661624715,0,0,3.67414296758,7.28661624715,10,0,10,8.30814292418,6.77770176096,9.8385840874,17.8864375054,15.3537742574,20.4191007535,28.4,24.9131627063,31.8868372937,4.6339999566,3.10355879338,6.16444111983,10.5998212583,8.06715801025,13.1324845063,18.4,14.9131627063,21.8868372937,IDEAL_CONTROL_OVERLAY_NOT_CALIBRATED_FORECAST
1.0,TASK3_CAPACITY_RESPONSE_SURFACE_EXPLORATORY_V1,DETERMINISTIC_IDEAL_CONTROL_V1,29,17,1.36421329697,0.733023202618,300,409,21.818181818,13,1.32916666668,1.30769230769,1.30769230769,-0.0350466302943,-0.0565209892797,29.7646537519,17.7347728606,1.02636737075,1.04322193298,-0.764653751868,-0.734772860636,-0.140156875215,-0.17447784624,3.67414296758,7.28661624715,2.54244062459,4.60651274703,6.21658359217,11.8712256076,10,7,17,10.4184482778,8.71108324524,12.1258133104,21.3938199932,18.578469769,24.2091702173,32.02,28.1935101076,35.8464898924,4.20186468567,2.49449965308,5.90922971827,9.52259438559,6.70724416146,12.3379446097,15.02,11.1935101076,18.8464898924,IDEAL_CONTROL_OVERLAY_NOT_CALIBRATED_FORECAST
1.0,TASK3_CAPACITY_RESPONSE_SURFACE_EXPLORATORY_V1,DETERMINISTIC_IDEAL_CONTROL_V1,29,16,1.36421329697,0.733023202618,300,409,21.818181818,13,1.32916666668,1.23076923077,1.23076923077,-0.0350466302943,-0.133444066203,29.7646537519,17.7347728606,1.02636737075,1.10842330379,-0.764653751868,-1.73477286064,-0.140156875215,-0.411936053513,3.67414296758,7.28661624715,11.9491687917,23.2324739477,15.6233117593,30.5190901948,10,30,38,17.9429608866,15.7739437283,20.111978045,35.7342163198,32.042519807,39.4259128327,47.32,42.5987627453,52.0412372547,2.31964912737,0.150631968984,4.48866628576,5.21512612502,1.52342961218,8.90682263786,9.32,4.59876274526,14.0412372547,IDEAL_CONTROL_OVERLAY_NOT_CALIBRATED_FORECAST
1.0,TASK3_CAPACITY_RESPONSE_SURFACE_EXPLORATORY_V1,DETERMINISTIC_IDEAL_CONTROL_V1,28,21,1.36421329697,0.733023202618,300,409,21.818181818,13,1.28333333334,1.61538461538,1.28333333334,-0.080879963628,0.251171318413,29.7646537519,17.7347728606,1.06302334828,0.844512993364,-1.76465375187,3.26522713936,-0.32345143811,0.775354982853,8.81119940135,16.8159178812,0,0,8.81119940135,16.8159178812,23,0,23,11.6016830455,9.77736252934,13.4260035616,24.43412608,21.3218943987,27.5463577614,36.5,32.3440454712,40.6559545288,2.79048364413,0.966163127995,4.61480416027,7.61820819886,4.50597651755,10.7304398802,13.5,9.34404547117,17.6559545288,IDEAL_CONTROL_OVERLAY_NOT_CALIBRATED_FORECAST
1.0,TASK3_CAPACITY_RESPONSE_SURFACE_EXPLORATORY_V1,DETERMINISTIC_IDEAL_CONTROL_V1,28,20,1.36421329697,0.733023202618,300,409,21.818181818,13,1.28333333334,1.53846153846,1.28333333334,-0.080879963628,0.17424824149,29.7646537519,17.7347728606,1.06302334828,0.886738643032,-1.76465375187,2.26522713936,-0.32345143811,0.53789677558,8.81119940135,16.8159178812,0,0,8.81119940135,16.8159178812,23,0,23,11.6604154945,9.83282663185,13.4880043571,24.4792834059,21.366174139,27.5923926728,36.52,32.3680175086,40.6719824914,2.84921609311,1.0216272305,4.67680495573,7.6633655247,4.55025625781,10.7764747916,13.52,9.36801750861,17.6719824914,IDEAL_CONTROL_OVERLAY_NOT_CALIBRATED_FORECAST
1.0,TASK3_CAPACITY_RESPONSE_SURFACE_EXPLORATORY_V1,DETERMINISTIC_IDEAL_CONTROL_V1,28,19,1.36421329697,0.733023202618,300,409,21.818181818,13,1.28333333334,1.46153846154,1.28333333334,-0.080879963628,0.0973251645665,29.7646537519,17.7347728606,1.06302334828,0.933409097928,-1.76465375187,1.26522713936,-0.32345143811,0.300438568307,8.81119940135,16.8159178812,0,0,8.81119940135,16.8159178812,23,0,23,11.7719967535,9.94005983184,13.6039336751,24.5461274161,21.4309351122,27.6613197201,36.58,32.4304597569,40.7295402431,2.96079735211,1.12886043049,4.79273427374,7.73020953496,4.61501723099,10.8454018389,13.58,9.43045975686,17.7295402431,IDEAL_CONTROL_OVERLAY_NOT_CALIBRATED_FORECAST
1.0,TASK3_CAPACITY_RESPONSE_SURFACE_EXPLORATORY_V1,DETERMINISTIC_IDEAL_CONTROL_V1,28,18,1.36421329697,0.733023202618,300,409,21.818181818,13,1.28333333334,1.38461538462,1.28333333334,-0.080879963628,0.0204020876434,29.7646537519,17.7347728606,1.06302334828,0.985265158924,-1.76465375187,0.265227139364,-0.32345143811,0.0629803610335,8.81119940135,16.8159178812,0,0,8.81119940135,16.8159178812,23,0,23,11.9916548079,10.1479881415,13.8353214743,24.7417871411,21.6245832259,27.8589910563,36.7,32.5345375317,40.8654624683,3.18045540655,1.33678874011,5.024122073,7.92586925988,4.80866534468,11.0430731751,13.7,9.53453753169,17.8654624683,IDEAL_CONTROL_OVERLAY_NOT_CALIBRATED_FORECAST
1.0,TASK3_CAPACITY_RESPONSE_SURFACE_EXPLORATORY_V1,DETERMINISTIC_IDEAL_CONTROL_V1,28,17,1.36421329697,0.733023202618,300,409,21.818181818,13,1.28333333334,1.30769230769,1.28333333334,-0.080879963628,-0.0565209892797,29.7646537519,17.7347728606,1.06302334828,1.04322193298,-1.76465375187,-0.734772860636,-0.32345143811,-0.17447784624,8.81119940135,16.8159178812,0.202800135812,0.5386055555,9.01399953716,17.3545234367,23,1,24,12.5787157115,10.7081748565,14.4492565665,25.3778662285,22.2486499858,28.5070824711,37.2,33.0580498268,41.3419501732,3.56471617434,1.69417531931,5.43525702938,8.0233427918,4.89412654913,11.1525590345,13.2,9.0580498268,17.3419501732,IDEAL_CONTROL_OVERLAY_NOT_CALIBRATED_FORECAST
1.0,TASK3_CAPACITY_RESPONSE_SURFACE_EXPLORATORY_V1,DETERMINISTIC_IDEAL_CONTROL_V1,28,16,1.36421329697,0.733023202618,300,409,21.818181818,13,1.28333333334,1.23076923077,1.23076923077,-0.080879963628,-0.133444066203,29.7646537519,17.7347728606,1.06302334828,1.10842330379,-1.76465375187,-1.73477286064,-0.32345143811,-0.411936053513,8.81119940135,16.8159178812,6.81725349512,12.4534469421,15.6284528965,30.5190901948,23,17,39,18.152306007,15.9707008753,20.3339111387,35.9200561222,32.2177960422,39.6223162022,48.42,43.6898160488,53.1501839512,2.52385311056,0.342247978839,4.70545824227,5.4009659274,1.69870584742,9.10322600737,9.42,4.68981604878,14.1501839512,IDEAL_CONTROL_OVERLAY_NOT_CALIBRATED_FORECAST
