schema_version,study_id,security_higher_capacity,security_lower_capacity,immigration_higher_capacity,immigration_lower_capacity,metric,contrast,n_pairs,mean_interaction,standard_deviation,standard_error,ci_level,ci_low,ci_high,crn_alignment_status,analysis_role
1.0,TASK3_CAPACITY_RESPONSE_SURFACE_EXPLORATORY_V1,36,35,21,20,total_queue_wait_p95_seconds,JOINT_REDUCTION_MINUS_SUM_OF_LOCAL_MAIN_EFFECTS,50,-0.19149077186,0.248677523538,0.0351683126444,0.95,-0.262164142082,-0.120817401638,PASS,EXPLORATORY_SENSITIVITY_NOT_CONFIRMATORY
1.0,TASK3_CAPACITY_RESPONSE_SURFACE_EXPLORATORY_V1,36,35,21,20,total_queue_wait_mean_seconds,JOINT_REDUCTION_MINUS_SUM_OF_LOCAL_MAIN_EFFECTS,50,-0.05455627288,0.0596100744533,0.00843013757459,0.95,-0.0714972685955,-0.0376152771645,PASS,EXPLORATORY_SENSITIVITY_NOT_CONFIRMATORY
1.0,TASK3_CAPACITY_RESPONSE_SURFACE_EXPLORATORY_V1,36,35,21,20,peak_total_waiting_queue,JOINT_REDUCTION_MINUS_SUM_OF_LOCAL_MAIN_EFFECTS,50,-0.26,0.443087497693,0.0626620348556,0.95,-0.385924073554,-0.134075926446,PASS,EXPLORATORY_SENSITIVITY_NOT_CONFIRMATORY
1.0,TASK3_CAPACITY_RESPONSE_SURFACE_EXPLORATORY_V1,36,35,21,20,time_weighted_mean_total_waiting_queue,JOINT_REDUCTION_MINUS_SUM_OF_LOCAL_MAIN_EFFECTS,50,-0.0674339388111,0.0861935546852,0.0121896094025,0.95,-0.0919298760167,-0.0429380016056,PASS,EXPLORATORY_SENSITIVITY_NOT_CONFIRMATORY
1.0,TASK3_CAPACITY_RESPONSE_SURFACE_EXPLORATORY_V1,36,35,21,20,cutoff_backlog,JOINT_REDUCTION_MINUS_SUM_OF_LOCAL_MAIN_EFFECTS,50,-0.12,0.558423436734,0.0789729997776,0.95,-0.278702184755,0.0387021847549,PASS,EXPLORATORY_SENSITIVITY_NOT_CONFIRMATORY
1.0,TASK3_CAPACITY_RESPONSE_SURFACE_EXPLORATORY_V1,36,35,21,20,cohort_clear_time_after_cutoff_seconds,JOINT_REDUCTION_MINUS_SUM_OF_LOCAL_MAIN_EFFECTS,50,-0.04873369002,0.387806558357,0.0548441294406,0.95,-0.158947094446,0.0614797144056,PASS,EXPLORATORY_SENSITIVITY_NOT_CONFIRMATORY
1.0,TASK3_CAPACITY_RESPONSE_SURFACE_EXPLORATORY_V1,36,35,21,20,security_wait_p95_seconds,JOINT_REDUCTION_MINUS_SUM_OF_LOCAL_MAIN_EFFECTS,50,0,0,0,0.95,0,0,PASS,EXPLORATORY_SENSITIVITY_NOT_CONFIRMATORY
1.0,TASK3_CAPACITY_RESPONSE_SURFACE_EXPLORATORY_V1,36,35,21,20,immigration_wait_p95_seconds,JOINT_REDUCTION_MINUS_SUM_OF_LOCAL_MAIN_EFFECTS,50,-0.1146972181,0.246631283837,0.0348789306508,0.95,-0.184789053433,-0.0446053827666,PASS,EXPLORATORY_SENSITIVITY_NOT_CONFIRMATORY
1.0,TASK3_CAPACITY_RESPONSE_SURFACE_EXPLORATORY_V1,36,35,20,19,total_queue_wait_p95_seconds,JOINT_REDUCTION_MINUS_SUM_OF_LOCAL_MAIN_EFFECTS,50,-0.0908809831,0.16308053886,0.0230630709815,0.95,-0.137227959437,-0.0445340067633,PASS,EXPLORATORY_SENSITIVITY_NOT_CONFIRMATORY
1.0,TASK3_CAPACITY_RESPONSE_SURFACE_EXPLORATORY_V1,36,35,20,19,total_queue_wait_mean_seconds,JOINT_REDUCTION_MINUS_SUM_OF_LOCAL_MAIN_EFFECTS,50,-0.03005267532,0.0300222240689,0.00424578364509,0.95,-0.0385848969954,-0.0215204536446,PASS,EXPLORATORY_SENSITIVITY_NOT_CONFIRMATORY
1.0,TASK3_CAPACITY_RESPONSE_SURFACE_EXPLORATORY_V1,36,35,20,19,peak_total_waiting_queue,JOINT_REDUCTION_MINUS_SUM_OF_LOCAL_MAIN_EFFECTS,50,-0.7,0.839095723176,0.118666055185,0.95,-0.938468365987,-0.461531634013,PASS,EXPLORATORY_SENSITIVITY_NOT_CONFIRMATORY
1.0,TASK3_CAPACITY_RESPONSE_SURFACE_EXPLORATORY_V1,36,35,20,19,time_weighted_mean_total_waiting_queue,JOINT_REDUCTION_MINUS_SUM_OF_LOCAL_MAIN_EFFECTS,50,-0.037017725264,0.0412402975233,0.00583225880738,0.95,-0.0487380881398,-0.0252973623882,PASS,EXPLORATORY_SENSITIVITY_NOT_CONFIRMATORY
1.0,TASK3_CAPACITY_RESPONSE_SURFACE_EXPLORATORY_V1,36,35,20,19,cutoff_backlog,JOINT_REDUCTION_MINUS_SUM_OF_LOCAL_MAIN_EFFECTS,50,-0.06,0.31363569143,0.0443547848465,0.95,-0.149134277276,0.0291342772756,PASS,EXPLORATORY_SENSITIVITY_NOT_CONFIRMATORY
1.0,TASK3_CAPACITY_RESPONSE_SURFACE_EXPLORATORY_V1,36,35,20,19,cohort_clear_time_after_cutoff_seconds,JOINT_REDUCTION_MINUS_SUM_OF_LOCAL_MAIN_EFFECTS,50,-0.0575484872,0.188499644413,0.0266578753631,0.95,-0.111119493404,-0.0039774809959,PASS,EXPLORATORY_SENSITIVITY_NOT_CONFIRMATORY
1.0,TASK3_CAPACITY_RESPONSE_SURFACE_EXPLORATORY_V1,36,35,20,19,security_wait_p95_seconds,JOINT_REDUCTION_MINUS_SUM_OF_LOCAL_MAIN_EFFECTS,50,0,0,0,0.95,0,0,PASS,EXPLORATORY_SENSITIVITY_NOT_CONFIRMATORY
1.0,TASK3_CAPACITY_RESPONSE_SURFACE_EXPLORATORY_V1,36,35,20,19,immigration_wait_p95_seconds,JOINT_REDUCTION_MINUS_SUM_OF_LOCAL_MAIN_EFFECTS,50,-0.04348822734,0.247000185394,0.0349311012093,0.95,-0.113684903336,0.0267084486558,PASS,EXPLORATORY_SENSITIVITY_NOT_CONFIRMATORY
1.0,TASK3_CAPACITY_RESPONSE_SURFACE_EXPLORATORY_V1,36,35,19,18,total_queue_wait_p95_seconds,JOINT_REDUCTION_MINUS_SUM_OF_LOCAL_MAIN_EFFECTS,50,-0.0086411821,0.0356036999973,0.00503512354068,0.95,-0.0187596416832,0.00147727748324,PASS,EXPLORATORY_SENSITIVITY_NOT_CONFIRMATORY
1.0,TASK3_CAPACITY_RESPONSE_SURFACE_EXPLORATORY_V1,36,35,19,18,total_queue_wait_mean_seconds,JOINT_REDUCTION_MINUS_SUM_OF_LOCAL_MAIN_EFFECTS,50,-0.00624814962,0.0105120033222,0.0014866217666,0.95,-0.00923562790914,-0.00326067133086,PASS,EXPLORATORY_SENSITIVITY_NOT_CONFIRMATORY
1.0,TASK3_CAPACITY_RESPONSE_SURFACE_EXPLORATORY_V1,36,35,19,18,peak_total_waiting_queue,JOINT_REDUCTION_MINUS_SUM_OF_LOCAL_MAIN_EFFECTS,50,-0.24,0.624663174545,0.0883407133357,0.95,-0.41752730995,-0.0624726900503,PASS,EXPLORATORY_SENSITIVITY_NOT_CONFIRMATORY
1.0,TASK3_CAPACITY_RESPONSE_SURFACE_EXPLORATORY_V1,36,35,19,18,time_weighted_mean_total_waiting_queue,JOINT_REDUCTION_MINUS_SUM_OF_LOCAL_MAIN_EFFECTS,50,-0.007367143233,0.0132818898774,0.00187834287985,0.95,-0.0111418145712,-0.00359247189481,PASS,EXPLORATORY_SENSITIVITY_NOT_CONFIRMATORY
1.0,TASK3_CAPACITY_RESPONSE_SURFACE_EXPLORATORY_V1,36,35,19,18,cutoff_backlog,JOINT_REDUCTION_MINUS_SUM_OF_LOCAL_MAIN_EFFECTS,50,-0.02,0.141421356237,0.02,0.95,-0.0601915047426,0.0201915047426,PASS,EXPLORATORY_SENSITIVITY_NOT_CONFIRMATORY
1.0,TASK3_CAPACITY_RESPONSE_SURFACE_EXPLORATORY_V1,36,35,19,18,cohort_clear_time_after_cutoff_seconds,JOINT_REDUCTION_MINUS_SUM_OF_LOCAL_MAIN_EFFECTS,50,0,0,0,0.95,0,0,PASS,EXPLORATORY_SENSITIVITY_NOT_CONFIRMATORY
1.0,TASK3_CAPACITY_RESPONSE_SURFACE_EXPLORATORY_V1,36,35,19,18,security_wait_p95_seconds,JOINT_REDUCTION_MINUS_SUM_OF_LOCAL_MAIN_EFFECTS,50,0,0,0,0.95,0,0,PASS,EXPLORATORY_SENSITIVITY_NOT_CONFIRMATORY
1.0,TASK3_CAPACITY_RESPONSE_SURFACE_EXPLORATORY_V1,36,35,19,18,immigration_wait_p95_seconds,JOINT_REDUCTION_MINUS_SUM_OF_LOCAL_MAIN_EFFECTS,50,-0.00795583486,0.287239453127,0.0406217930261,0.95,-0.089588384213,0.073676714493,PASS,EXPLORATORY_SENSITIVITY_NOT_CONFIRMATORY
1.0,TASK3_CAPACITY_RESPONSE_SURFACE_EXPLORATORY_V1,36,35,18,17,total_queue_wait_p95_seconds,JOINT_REDUCTION_MINUS_SUM_OF_LOCAL_MAIN_EFFECTS,50,0,0,0,0.95,0,0,PASS,EXPLORATORY_SENSITIVITY_NOT_CONFIRMATORY
1.0,TASK3_CAPACITY_RESPONSE_SURFACE_EXPLORATORY_V1,36,35,18,17,total_queue_wait_mean_seconds,JOINT_REDUCTION_MINUS_SUM_OF_LOCAL_MAIN_EFFECTS,50,-0.00022120168,0.00117257739776,0.000165827485885,0.95,-0.000554444489269,0.000112041129269,PASS,EXPLORATORY_SENSITIVITY_NOT_CONFIRMATORY
1.0,TASK3_CAPACITY_RESPONSE_SURFACE_EXPLORATORY_V1,36,35,18,17,peak_total_waiting_queue,JOINT_REDUCTION_MINUS_SUM_OF_LOCAL_MAIN_EFFECTS,50,0.04,0.856189946501,0.121083543431,0.95,-0.203326490503,0.283326490503,PASS,EXPLORATORY_SENSITIVITY_NOT_CONFIRMATORY
1.0,TASK3_CAPACITY_RESPONSE_SURFACE_EXPLORATORY_V1,36,35,18,17,time_weighted_mean_total_waiting_queue,JOINT_REDUCTION_MINUS_SUM_OF_LOCAL_MAIN_EFFECTS,50,-0.000291836662468,0.00154578111527,0.000218606461768,0.95,-0.000731142794712,0.000147469469777,PASS,EXPLORATORY_SENSITIVITY_NOT_CONFIRMATORY
1.0,TASK3_CAPACITY_RESPONSE_SURFACE_EXPLORATORY_V1,36,35,18,17,cutoff_backlog,JOINT_REDUCTION_MINUS_SUM_OF_LOCAL_MAIN_EFFECTS,50,0,0,0,0.95,0,0,PASS,EXPLORATORY_SENSITIVITY_NOT_CONFIRMATORY
1.0,TASK3_CAPACITY_RESPONSE_SURFACE_EXPLORATORY_V1,36,35,18,17,cohort_clear_time_after_cutoff_seconds,JOINT_REDUCTION_MINUS_SUM_OF_LOCAL_MAIN_EFFECTS,50,0,0,0,0.95,0,0,PASS,EXPLORATORY_SENSITIVITY_NOT_CONFIRMATORY
1.0,TASK3_CAPACITY_RESPONSE_SURFACE_EXPLORATORY_V1,36,35,18,17,security_wait_p95_seconds,JOINT_REDUCTION_MINUS_SUM_OF_LOCAL_MAIN_EFFECTS,50,0,0,0,0.95,0,0,PASS,EXPLORATORY_SENSITIVITY_NOT_CONFIRMATORY
1.0,TASK3_CAPACITY_RESPONSE_SURFACE_EXPLORATORY_V1,36,35,18,17,immigration_wait_p95_seconds,JOINT_REDUCTION_MINUS_SUM_OF_LOCAL_MAIN_EFFECTS,50,0.13092648282,0.276815823567,0.0391476691968,0.95,0.0522562962108,0.209596669429,PASS,EXPLORATORY_SENSITIVITY_NOT_CONFIRMATORY
1.0,TASK3_CAPACITY_RESPONSE_SURFACE_EXPLORATORY_V1,36,35,17,16,total_queue_wait_p95_seconds,JOINT_REDUCTION_MINUS_SUM_OF_LOCAL_MAIN_EFFECTS,50,0,0,0,0.95,0,0,PASS,EXPLORATORY_SENSITIVITY_NOT_CONFIRMATORY
1.0,TASK3_CAPACITY_RESPONSE_SURFACE_EXPLORATORY_V1,36,35,17,16,total_queue_wait_mean_seconds,JOINT_REDUCTION_MINUS_SUM_OF_LOCAL_MAIN_EFFECTS,50,0,0,0,0.95,0,0,PASS,EXPLORATORY_SENSITIVITY_NOT_CONFIRMATORY
1.0,TASK3_CAPACITY_RESPONSE_SURFACE_EXPLORATORY_V1,36,35,17,16,peak_total_waiting_queue,JOINT_REDUCTION_MINUS_SUM_OF_LOCAL_MAIN_EFFECTS,50,0.14,0.452205479753,0.0639515122446,0.95,0.0114846246163,0.268515375384,PASS,EXPLORATORY_SENSITIVITY_NOT_CONFIRMATORY
1.0,TASK3_CAPACITY_RESPONSE_SURFACE_EXPLORATORY_V1,36,35,17,16,time_weighted_mean_total_waiting_queue,JOINT_REDUCTION_MINUS_SUM_OF_LOCAL_MAIN_EFFECTS,50,9.85878045867e-16,1.16553593726e-14,1.6483167299e-15,0.95,-2.32653843749e-15,4.29829452922e-15,PASS,EXPLORATORY_SENSITIVITY_NOT_CONFIRMATORY
1.0,TASK3_CAPACITY_RESPONSE_SURFACE_EXPLORATORY_V1,36,35,17,16,cutoff_backlog,JOINT_REDUCTION_MINUS_SUM_OF_LOCAL_MAIN_EFFECTS,50,0,0,0,0.95,0,0,PASS,EXPLORATORY_SENSITIVITY_NOT_CONFIRMATORY
1.0,TASK3_CAPACITY_RESPONSE_SURFACE_EXPLORATORY_V1,36,35,17,16,cohort_clear_time_after_cutoff_seconds,JOINT_REDUCTION_MINUS_SUM_OF_LOCAL_MAIN_EFFECTS,50,0,0,0,0.95,0,0,PASS,EXPLORATORY_SENSITIVITY_NOT_CONFIRMATORY
1.0,TASK3_CAPACITY_RESPONSE_SURFACE_EXPLORATORY_V1,36,35,17,16,security_wait_p95_seconds,JOINT_REDUCTION_MINUS_SUM_OF_LOCAL_MAIN_EFFECTS,50,0,0,0,0.95,0,0,PASS,EXPLORATORY_SENSITIVITY_NOT_CONFIRMATORY
1.0,TASK3_CAPACITY_RESPONSE_SURFACE_EXPLORATORY_V1,36,35,17,16,immigration_wait_p95_seconds,JOINT_REDUCTION_MINUS_SUM_OF_LOCAL_MAIN_EFFECTS,50,0.0350859655,0.259243721729,0.0366625987229,0.95,-0.0385902850224,0.108762216022,PASS,EXPLORATORY_SENSITIVITY_NOT_CONFIRMATORY
1.0,TASK3_CAPACITY_RESPONSE_SURFACE_EXPLORATORY_V1,35,34,21,20,total_queue_wait_p95_seconds,JOINT_REDUCTION_MINUS_SUM_OF_LOCAL_MAIN_EFFECTS,50,-0.33150718768,0.412739214948,0.0583701395502,0.95,-0.448806374708,-0.214208000652,PASS,EXPLORATORY_SENSITIVITY_NOT_CONFIRMATORY
1.0,TASK3_CAPACITY_RESPONSE_SURFACE_EXPLORATORY_V1,35,34,21,20,total_queue_wait_mean_seconds,JOINT_REDUCTION_MINUS_SUM_OF_LOCAL_MAIN_EFFECTS,50,-0.11574826346,0.180303886879,0.0254988202173,0.95,-0.166990061145,-0.0645064657753,PASS,EXPLORATORY_SENSITIVITY_NOT_CONFIRMATORY
1.0,TASK3_CAPACITY_RESPONSE_SURFACE_EXPLORATORY_V1,35,34,21,20,peak_total_waiting_queue,JOINT_REDUCTION_MINUS_SUM_OF_LOCAL_MAIN_EFFECTS,50,-0.34,0.626294577622,0.0885714285714,0.95,-0.517990949574,-0.162009050426,PASS,EXPLORATORY_SENSITIVITY_NOT_CONFIRMATORY
1.0,TASK3_CAPACITY_RESPONSE_SURFACE_EXPLORATORY_V1,35,34,21,20,time_weighted_mean_total_waiting_queue,JOINT_REDUCTION_MINUS_SUM_OF_LOCAL_MAIN_EFFECTS,50,-0.146556251753,0.263640509217,0.0372843983725,0.95,-0.221482055454,-0.0716304480524,PASS,EXPLORATORY_SENSITIVITY_NOT_CONFIRMATORY
1.0,TASK3_CAPACITY_RESPONSE_SURFACE_EXPLORATORY_V1,35,34,21,20,cutoff_backlog,JOINT_REDUCTION_MINUS_SUM_OF_LOCAL_MAIN_EFFECTS,50,-0.1,0.580288457474,0.0820651806648,0.95,-0.264916154895,0.0649161548946,PASS,EXPLORATORY_SENSITIVITY_NOT_CONFIRMATORY
1.0,TASK3_CAPACITY_RESPONSE_SURFACE_EXPLORATORY_V1,35,34,21,20,cohort_clear_time_after_cutoff_seconds,JOINT_REDUCTION_MINUS_SUM_OF_LOCAL_MAIN_EFFECTS,50,-0.21433702724,0.60832486605,0.0860301275897,0.95,-0.387221041291,-0.0414530131887,PASS,EXPLORATORY_SENSITIVITY_NOT_CONFIRMATORY
1.0,TASK3_CAPACITY_RESPONSE_SURFACE_EXPLORATORY_V1,35,34,21,20,security_wait_p95_seconds,JOINT_REDUCTION_MINUS_SUM_OF_LOCAL_MAIN_EFFECTS,50,0,0,0,0.95,0,0,PASS,EXPLORATORY_SENSITIVITY_NOT_CONFIRMATORY
1.0,TASK3_CAPACITY_RESPONSE_SURFACE_EXPLORATORY_V1,35,34,21,20,immigration_wait_p95_seconds,JOINT_REDUCTION_MINUS_SUM_OF_LOCAL_MAIN_EFFECTS,50,-0.32436490866,0.496945577222,0.0702787175068,0.95,-0.465595279059,-0.183134538261,PASS,EXPLORATORY_SENSITIVITY_NOT_CONFIRMATORY
1.0,TASK3_CAPACITY_RESPONSE_SURFACE_EXPLORATORY_V1,35,34,20,19,total_queue_wait_p95_seconds,JOINT_REDUCTION_MINUS_SUM_OF_LOCAL_MAIN_EFFECTS,50,-0.19568663528,0.173399941108,0.0245224548429,0.95,-0.244966353286,-0.146406917274,PASS,EXPLORATORY_SENSITIVITY_NOT_CONFIRMATORY
1.0,TASK3_CAPACITY_RESPONSE_SURFACE_EXPLORATORY_V1,35,34,20,19,total_queue_wait_mean_seconds,JOINT_REDUCTION_MINUS_SUM_OF_LOCAL_MAIN_EFFECTS,50,-0.0634331604,0.0523478099847,0.00740309828409,0.95,-0.0783102433897,-0.0485560774103,PASS,EXPLORATORY_SENSITIVITY_NOT_CONFIRMATORY
1.0,TASK3_CAPACITY_RESPONSE_SURFACE_EXPLORATORY_V1,35,34,20,19,peak_total_waiting_queue,JOINT_REDUCTION_MINUS_SUM_OF_LOCAL_MAIN_EFFECTS,50,-0.5,0.814411017928,0.11517511069,0.95,-0.731453050376,-0.268546949624,PASS,EXPLORATORY_SENSITIVITY_NOT_CONFIRMATORY
1.0,TASK3_CAPACITY_RESPONSE_SURFACE_EXPLORATORY_V1,35,34,20,19,time_weighted_mean_total_waiting_queue,JOINT_REDUCTION_MINUS_SUM_OF_LOCAL_MAIN_EFFECTS,50,-0.0781325577242,0.0725039460231,0.0102536063791,0.95,-0.098737951195,-0.0575271642534,PASS,EXPLORATORY_SENSITIVITY_NOT_CONFIRMATORY
1.0,TASK3_CAPACITY_RESPONSE_SURFACE_EXPLORATORY_V1,35,34,20,19,cutoff_backlog,JOINT_REDUCTION_MINUS_SUM_OF_LOCAL_MAIN_EFFECTS,50,-0.18,0.481917936955,0.0681534882393,0.95,-0.31695956229,-0.0430404377103,PASS,EXPLORATORY_SENSITIVITY_NOT_CONFIRMATORY
1.0,TASK3_CAPACITY_RESPONSE_SURFACE_EXPLORATORY_V1,35,34,20,19,cohort_clear_time_after_cutoff_seconds,JOINT_REDUCTION_MINUS_SUM_OF_LOCAL_MAIN_EFFECTS,50,-0.1369335755,0.345377166521,0.0488437073028,0.95,-0.235088680185,-0.0387784708147,PASS,EXPLORATORY_SENSITIVITY_NOT_CONFIRMATORY
1.0,TASK3_CAPACITY_RESPONSE_SURFACE_EXPLORATORY_V1,35,34,20,19,security_wait_p95_seconds,JOINT_REDUCTION_MINUS_SUM_OF_LOCAL_MAIN_EFFECTS,50,0,0,0,0.95,0,0,PASS,EXPLORATORY_SENSITIVITY_NOT_CONFIRMATORY
1.0,TASK3_CAPACITY_RESPONSE_SURFACE_EXPLORATORY_V1,35,34,20,19,immigration_wait_p95_seconds,JOINT_REDUCTION_MINUS_SUM_OF_LOCAL_MAIN_EFFECTS,50,-0.1184058257,0.33437054116,0.0472871354166,0.95,-0.213432882068,-0.023378769332,PASS,EXPLORATORY_SENSITIVITY_NOT_CONFIRMATORY
1.0,TASK3_CAPACITY_RESPONSE_SURFACE_EXPLORATORY_V1,35,34,19,18,total_queue_wait_p95_seconds,JOINT_REDUCTION_MINUS_SUM_OF_LOCAL_MAIN_EFFECTS,50,-0.02940549528,0.0547926589965,0.00774885214713,0.95,-0.0449773966711,-0.0138335938889,PASS,EXPLORATORY_SENSITIVITY_NOT_CONFIRMATORY
1.0,TASK3_CAPACITY_RESPONSE_SURFACE_EXPLORATORY_V1,35,34,19,18,total_queue_wait_mean_seconds,JOINT_REDUCTION_MINUS_SUM_OF_LOCAL_MAIN_EFFECTS,50,-0.02135265112,0.0277524745412,0.00392479258856,0.95,-0.0292398171168,-0.0134654851232,PASS,EXPLORATORY_SENSITIVITY_NOT_CONFIRMATORY
1.0,TASK3_CAPACITY_RESPONSE_SURFACE_EXPLORATORY_V1,35,34,19,18,peak_total_waiting_queue,JOINT_REDUCTION_MINUS_SUM_OF_LOCAL_MAIN_EFFECTS,50,-0.72,1.12558374878,0.159181580311,0.95,-1.039887362,-0.400112638001,PASS,EXPLORATORY_SENSITIVITY_NOT_CONFIRMATORY
1.0,TASK3_CAPACITY_RESPONSE_SURFACE_EXPLORATORY_V1,35,34,19,18,time_weighted_mean_total_waiting_queue,JOINT_REDUCTION_MINUS_SUM_OF_LOCAL_MAIN_EFFECTS,50,-0.0262452658033,0.0384549706958,0.00543835410986,0.95,-0.0371740475532,-0.0153164840534,PASS,EXPLORATORY_SENSITIVITY_NOT_CONFIRMATORY
1.0,TASK3_CAPACITY_RESPONSE_SURFACE_EXPLORATORY_V1,35,34,19,18,cutoff_backlog,JOINT_REDUCTION_MINUS_SUM_OF_LOCAL_MAIN_EFFECTS,50,-0.1,0.303045763366,0.0428571428571,0.95,-0.18612465302,-0.0138753469802,PASS,EXPLORATORY_SENSITIVITY_NOT_CONFIRMATORY
1.0,TASK3_CAPACITY_RESPONSE_SURFACE_EXPLORATORY_V1,35,34,19,18,cohort_clear_time_after_cutoff_seconds,JOINT_REDUCTION_MINUS_SUM_OF_LOCAL_MAIN_EFFECTS,50,-0.00989306438,0.0565321380235,0.00799485163028,0.95,-0.0259593202407,0.00617319148073,PASS,EXPLORATORY_SENSITIVITY_NOT_CONFIRMATORY
1.0,TASK3_CAPACITY_RESPONSE_SURFACE_EXPLORATORY_V1,35,34,19,18,security_wait_p95_seconds,JOINT_REDUCTION_MINUS_SUM_OF_LOCAL_MAIN_EFFECTS,50,0,0,0,0.95,0,0,PASS,EXPLORATORY_SENSITIVITY_NOT_CONFIRMATORY
1.0,TASK3_CAPACITY_RESPONSE_SURFACE_EXPLORATORY_V1,35,34,19,18,immigration_wait_p95_seconds,JOINT_REDUCTION_MINUS_SUM_OF_LOCAL_MAIN_EFFECTS,50,0.1200571355,0.389661597504,0.0551064715926,0.95,0.00931653478198,0.230797736218,PASS,EXPLORATORY_SENSITIVITY_NOT_CONFIRMATORY
1.0,TASK3_CAPACITY_RESPONSE_SURFACE_EXPLORATORY_V1,35,34,18,17,total_queue_wait_p95_seconds,JOINT_REDUCTION_MINUS_SUM_OF_LOCAL_MAIN_EFFECTS,50,0,0,0,0.95,0,0,PASS,EXPLORATORY_SENSITIVITY_NOT_CONFIRMATORY
1.0,TASK3_CAPACITY_RESPONSE_SURFACE_EXPLORATORY_V1,35,34,18,17,total_queue_wait_mean_seconds,JOINT_REDUCTION_MINUS_SUM_OF_LOCAL_MAIN_EFFECTS,50,-0.0039703895,0.0100715242271,0.00142432861557,0.95,-0.00683268501538,-0.00110809398462,PASS,EXPLORATORY_SENSITIVITY_NOT_CONFIRMATORY
1.0,TASK3_CAPACITY_RESPONSE_SURFACE_EXPLORATORY_V1,35,34,18,17,peak_total_waiting_queue,JOINT_REDUCTION_MINUS_SUM_OF_LOCAL_MAIN_EFFECTS,50,-0.12,0.848528137424,0.12,0.95,-0.361149028456,0.121149028456,PASS,EXPLORATORY_SENSITIVITY_NOT_CONFIRMATORY
1.0,TASK3_CAPACITY_RESPONSE_SURFACE_EXPLORATORY_V1,35,34,18,17,time_weighted_mean_total_waiting_queue,JOINT_REDUCTION_MINUS_SUM_OF_LOCAL_MAIN_EFFECTS,50,-0.00520433584867,0.0132575519446,0.00187490097639,0.95,-0.00897209042289,-0.00143658127444,PASS,EXPLORATORY_SENSITIVITY_NOT_CONFIRMATORY
1.0,TASK3_CAPACITY_RESPONSE_SURFACE_EXPLORATORY_V1,35,34,18,17,cutoff_backlog,JOINT_REDUCTION_MINUS_SUM_OF_LOCAL_MAIN_EFFECTS,50,0,0,0,0.95,0,0,PASS,EXPLORATORY_SENSITIVITY_NOT_CONFIRMATORY
1.0,TASK3_CAPACITY_RESPONSE_SURFACE_EXPLORATORY_V1,35,34,18,17,cohort_clear_time_after_cutoff_seconds,JOINT_REDUCTION_MINUS_SUM_OF_LOCAL_MAIN_EFFECTS,50,0,0,0,0.95,0,0,PASS,EXPLORATORY_SENSITIVITY_NOT_CONFIRMATORY
1.0,TASK3_CAPACITY_RESPONSE_SURFACE_EXPLORATORY_V1,35,34,18,17,security_wait_p95_seconds,JOINT_REDUCTION_MINUS_SUM_OF_LOCAL_MAIN_EFFECTS,50,0,0,0,0.95,0,0,PASS,EXPLORATORY_SENSITIVITY_NOT_CONFIRMATORY
1.0,TASK3_CAPACITY_RESPONSE_SURFACE_EXPLORATORY_V1,35,34,18,17,immigration_wait_p95_seconds,JOINT_REDUCTION_MINUS_SUM_OF_LOCAL_MAIN_EFFECTS,50,0.1236232089,0.281107740585,0.0397546379223,0.95,0.0437332729703,0.20351314483,PASS,EXPLORATORY_SENSITIVITY_NOT_CONFIRMATORY
1.0,TASK3_CAPACITY_RESPONSE_SURFACE_EXPLORATORY_V1,35,34,17,16,total_queue_wait_p95_seconds,JOINT_REDUCTION_MINUS_SUM_OF_LOCAL_MAIN_EFFECTS,50,0,0,0,0.95,0,0,PASS,EXPLORATORY_SENSITIVITY_NOT_CONFIRMATORY
1.0,TASK3_CAPACITY_RESPONSE_SURFACE_EXPLORATORY_V1,35,34,17,16,total_queue_wait_mean_seconds,JOINT_REDUCTION_MINUS_SUM_OF_LOCAL_MAIN_EFFECTS,50,0,0,0,0.95,0,0,PASS,EXPLORATORY_SENSITIVITY_NOT_CONFIRMATORY
1.0,TASK3_CAPACITY_RESPONSE_SURFACE_EXPLORATORY_V1,35,34,17,16,peak_total_waiting_queue,JOINT_REDUCTION_MINUS_SUM_OF_LOCAL_MAIN_EFFECTS,50,0,0.699854212224,0.0989743318611,0.95,-0.198896366419,0.198896366419,PASS,EXPLORATORY_SENSITIVITY_NOT_CONFIRMATORY
1.0,TASK3_CAPACITY_RESPONSE_SURFACE_EXPLORATORY_V1,35,34,17,16,time_weighted_mean_total_waiting_queue,JOINT_REDUCTION_MINUS_SUM_OF_LOCAL_MAIN_EFFECTS,50,-7.37188088351e-16,1.11221908793e-14,1.57291531848e-15,0.95,-3.89807976248e-15,2.42370358577e-15,PASS,EXPLORATORY_SENSITIVITY_NOT_CONFIRMATORY
1.0,TASK3_CAPACITY_RESPONSE_SURFACE_EXPLORATORY_V1,35,34,17,16,cutoff_backlog,JOINT_REDUCTION_MINUS_SUM_OF_LOCAL_MAIN_EFFECTS,50,0,0,0,0.95,0,0,PASS,EXPLORATORY_SENSITIVITY_NOT_CONFIRMATORY
1.0,TASK3_CAPACITY_RESPONSE_SURFACE_EXPLORATORY_V1,35,34,17,16,cohort_clear_time_after_cutoff_seconds,JOINT_REDUCTION_MINUS_SUM_OF_LOCAL_MAIN_EFFECTS,50,0,0,0,0.95,0,0,PASS,EXPLORATORY_SENSITIVITY_NOT_CONFIRMATORY
1.0,TASK3_CAPACITY_RESPONSE_SURFACE_EXPLORATORY_V1,35,34,17,16,security_wait_p95_seconds,JOINT_REDUCTION_MINUS_SUM_OF_LOCAL_MAIN_EFFECTS,50,0,0,0,0.95,0,0,PASS,EXPLORATORY_SENSITIVITY_NOT_CONFIRMATORY
1.0,TASK3_CAPACITY_RESPONSE_SURFACE_EXPLORATORY_V1,35,34,17,16,immigration_wait_p95_seconds,JOINT_REDUCTION_MINUS_SUM_OF_LOCAL_MAIN_EFFECTS,50,0.05656524066,0.299812814045,0.0423999347796,0.95,-0.028640618329,0.141771099649,PASS,EXPLORATORY_SENSITIVITY_NOT_CONFIRMATORY
1.0,TASK3_CAPACITY_RESPONSE_SURFACE_EXPLORATORY_V1,34,33,21,20,total_queue_wait_p95_seconds,JOINT_REDUCTION_MINUS_SUM_OF_LOCAL_MAIN_EFFECTS,50,-0.34405652488,0.373610357293,0.0528364834326,0.95,-0.450235413603,-0.237877636157,PASS,EXPLORATORY_SENSITIVITY_NOT_CONFIRMATORY
1.0,TASK3_CAPACITY_RESPONSE_SURFACE_EXPLORATORY_V1,34,33,21,20,total_queue_wait_mean_seconds,JOINT_REDUCTION_MINUS_SUM_OF_LOCAL_MAIN_EFFECTS,50,-0.12292840638,0.173724236416,0.0245683171252,0.95,-0.172300288093,-0.0735565246672,PASS,EXPLORATORY_SENSITIVITY_NOT_CONFIRMATORY
1.0,TASK3_CAPACITY_RESPONSE_SURFACE_EXPLORATORY_V1,34,33,21,20,peak_total_waiting_queue,JOINT_REDUCTION_MINUS_SUM_OF_LOCAL_MAIN_EFFECTS,50,-0.24,0.656521445319,0.0928461531958,0.95,-0.426581330325,-0.0534186696749,PASS,EXPLORATORY_SENSITIVITY_NOT_CONFIRMATORY
1.0,TASK3_CAPACITY_RESPONSE_SURFACE_EXPLORATORY_V1,34,33,21,20,time_weighted_mean_total_waiting_queue,JOINT_REDUCTION_MINUS_SUM_OF_LOCAL_MAIN_EFFECTS,50,-0.144995575822,0.213130131314,0.0301411522254,0.95,-0.205566488952,-0.084424662691,PASS,EXPLORATORY_SENSITIVITY_NOT_CONFIRMATORY
1.0,TASK3_CAPACITY_RESPONSE_SURFACE_EXPLORATORY_V1,34,33,21,20,cutoff_backlog,JOINT_REDUCTION_MINUS_SUM_OF_LOCAL_MAIN_EFFECTS,50,-0.34,0.772221814385,0.109208656306,0.95,-0.559463011393,-0.120536988607,PASS,EXPLORATORY_SENSITIVITY_NOT_CONFIRMATORY
1.0,TASK3_CAPACITY_RESPONSE_SURFACE_EXPLORATORY_V1,34,33,21,20,cohort_clear_time_after_cutoff_seconds,JOINT_REDUCTION_MINUS_SUM_OF_LOCAL_MAIN_EFFECTS,50,-0.29740400926,0.700518485667,0.0990682743123,0.95,-0.496489160103,-0.0983188584169,PASS,EXPLORATORY_SENSITIVITY_NOT_CONFIRMATORY
1.0,TASK3_CAPACITY_RESPONSE_SURFACE_EXPLORATORY_V1,34,33,21,20,security_wait_p95_seconds,JOINT_REDUCTION_MINUS_SUM_OF_LOCAL_MAIN_EFFECTS,50,0,0,0,0.95,0,0,PASS,EXPLORATORY_SENSITIVITY_NOT_CONFIRMATORY
1.0,TASK3_CAPACITY_RESPONSE_SURFACE_EXPLORATORY_V1,34,33,21,20,immigration_wait_p95_seconds,JOINT_REDUCTION_MINUS_SUM_OF_LOCAL_MAIN_EFFECTS,50,-0.14769802746,0.276082109839,0.0390439064063,0.95,-0.226159694935,-0.0692363599851,PASS,EXPLORATORY_SENSITIVITY_NOT_CONFIRMATORY
1.0,TASK3_CAPACITY_RESPONSE_SURFACE_EXPLORATORY_V1,34,33,20,19,total_queue_wait_p95_seconds,JOINT_REDUCTION_MINUS_SUM_OF_LOCAL_MAIN_EFFECTS,50,-0.46702437322,0.458463645107,0.0648365504765,0.95,-0.597318299518,-0.336730446922,PASS,EXPLORATORY_SENSITIVITY_NOT_CONFIRMATORY
1.0,TASK3_CAPACITY_RESPONSE_SURFACE_EXPLORATORY_V1,34,33,20,19,total_queue_wait_mean_seconds,JOINT_REDUCTION_MINUS_SUM_OF_LOCAL_MAIN_EFFECTS,50,-0.18814569804,0.240697571903,0.0340397770616,0.95,-0.2565511911,-0.11974020498,PASS,EXPLORATORY_SENSITIVITY_NOT_CONFIRMATORY
1.0,TASK3_CAPACITY_RESPONSE_SURFACE_EXPLORATORY_V1,34,33,20,19,peak_total_waiting_queue,JOINT_REDUCTION_MINUS_SUM_OF_LOCAL_MAIN_EFFECTS,50,-0.56,0.860943952761,0.121755861444,0.95,-0.804677564133,-0.315322435867,PASS,EXPLORATORY_SENSITIVITY_NOT_CONFIRMATORY
1.0,TASK3_CAPACITY_RESPONSE_SURFACE_EXPLORATORY_V1,34,33,20,19,time_weighted_mean_total_waiting_queue,JOINT_REDUCTION_MINUS_SUM_OF_LOCAL_MAIN_EFFECTS,50,-0.218266707147,0.280167423154,0.039621656956,0.95,-0.29788940782,-0.138644006474,PASS,EXPLORATORY_SENSITIVITY_NOT_CONFIRMATORY
1.0,TASK3_CAPACITY_RESPONSE_SURFACE_EXPLORATORY_V1,34,33,20,19,cutoff_backlog,JOINT_REDUCTION_MINUS_SUM_OF_LOCAL_MAIN_EFFECTS,50,-0.4,0.808122035642,0.114285714286,0.95,-0.629665741386,-0.170334258614,PASS,EXPLORATORY_SENSITIVITY_NOT_CONFIRMATORY
1.0,TASK3_CAPACITY_RESPONSE_SURFACE_EXPLORATORY_V1,34,33,20,19,cohort_clear_time_after_cutoff_seconds,JOINT_REDUCTION_MINUS_SUM_OF_LOCAL_MAIN_EFFECTS,50,-0.43076399326,1.03986455773,0.147059056057,0.95,-0.726290230707,-0.135237755813,PASS,EXPLORATORY_SENSITIVITY_NOT_CONFIRMATORY
1.0,TASK3_CAPACITY_RESPONSE_SURFACE_EXPLORATORY_V1,34,33,20,19,security_wait_p95_seconds,JOINT_REDUCTION_MINUS_SUM_OF_LOCAL_MAIN_EFFECTS,50,0,0,0,0.95,0,0,PASS,EXPLORATORY_SENSITIVITY_NOT_CONFIRMATORY
1.0,TASK3_CAPACITY_RESPONSE_SURFACE_EXPLORATORY_V1,34,33,20,19,immigration_wait_p95_seconds,JOINT_REDUCTION_MINUS_SUM_OF_LOCAL_MAIN_EFFECTS,50,-0.56289365378,0.740636976728,0.104741885728,0.95,-0.77338035363,-0.35240695393,PASS,EXPLORATORY_SENSITIVITY_NOT_CONFIRMATORY
1.0,TASK3_CAPACITY_RESPONSE_SURFACE_EXPLORATORY_V1,34,33,19,18,total_queue_wait_p95_seconds,JOINT_REDUCTION_MINUS_SUM_OF_LOCAL_MAIN_EFFECTS,50,-0.09960119222,0.109093097178,0.015428093759,0.95,-0.130605107394,-0.0685972770459,PASS,EXPLORATORY_SENSITIVITY_NOT_CONFIRMATORY
1.0,TASK3_CAPACITY_RESPONSE_SURFACE_EXPLORATORY_V1,34,33,19,18,total_queue_wait_mean_seconds,JOINT_REDUCTION_MINUS_SUM_OF_LOCAL_MAIN_EFFECTS,50,-0.05879313556,0.0503662948777,0.00712286973026,0.95,-0.0731070781872,-0.0444791929328,PASS,EXPLORATORY_SENSITIVITY_NOT_CONFIRMATORY
1.0,TASK3_CAPACITY_RESPONSE_SURFACE_EXPLORATORY_V1,34,33,19,18,peak_total_waiting_queue,JOINT_REDUCTION_MINUS_SUM_OF_LOCAL_MAIN_EFFECTS,50,-0.8,1.16057691495,0.16413036133,0.95,-1.12983230979,-0.470167690211,PASS,EXPLORATORY_SENSITIVITY_NOT_CONFIRMATORY
1.0,TASK3_CAPACITY_RESPONSE_SURFACE_EXPLORATORY_V1,34,33,19,18,time_weighted_mean_total_waiting_queue,JOINT_REDUCTION_MINUS_SUM_OF_LOCAL_MAIN_EFFECTS,50,-0.071844910885,0.0708983131748,0.0100265356041,0.95,-0.0919939885492,-0.0516958332208,PASS,EXPLORATORY_SENSITIVITY_NOT_CONFIRMATORY
1.0,TASK3_CAPACITY_RESPONSE_SURFACE_EXPLORATORY_V1,34,33,19,18,cutoff_backlog,JOINT_REDUCTION_MINUS_SUM_OF_LOCAL_MAIN_EFFECTS,50,-0.16,0.467734444107,0.0661476394445,0.95,-0.292928658222,-0.0270713417777,PASS,EXPLORATORY_SENSITIVITY_NOT_CONFIRMATORY
1.0,TASK3_CAPACITY_RESPONSE_SURFACE_EXPLORATORY_V1,34,33,19,18,cohort_clear_time_after_cutoff_seconds,JOINT_REDUCTION_MINUS_SUM_OF_LOCAL_MAIN_EFFECTS,50,-0.11346121148,0.363459909245,0.0514009933033,0.95,-0.216755374786,-0.0101670481739,PASS,EXPLORATORY_SENSITIVITY_NOT_CONFIRMATORY
1.0,TASK3_CAPACITY_RESPONSE_SURFACE_EXPLORATORY_V1,34,33,19,18,security_wait_p95_seconds,JOINT_REDUCTION_MINUS_SUM_OF_LOCAL_MAIN_EFFECTS,50,0,0,0,0.95,0,0,PASS,EXPLORATORY_SENSITIVITY_NOT_CONFIRMATORY
1.0,TASK3_CAPACITY_RESPONSE_SURFACE_EXPLORATORY_V1,34,33,19,18,immigration_wait_p95_seconds,JOINT_REDUCTION_MINUS_SUM_OF_LOCAL_MAIN_EFFECTS,50,0.00467567676,0.433049746002,0.0612424823978,0.95,-0.118395699327,0.127747052847,PASS,EXPLORATORY_SENSITIVITY_NOT_CONFIRMATORY
1.0,TASK3_CAPACITY_RESPONSE_SURFACE_EXPLORATORY_V1,34,33,18,17,total_queue_wait_p95_seconds,JOINT_REDUCTION_MINUS_SUM_OF_LOCAL_MAIN_EFFECTS,50,-0.01370817584,0.0413892309733,0.00585332117786,0.95,-0.025470865134,-0.00194548654602,PASS,EXPLORATORY_SENSITIVITY_NOT_CONFIRMATORY
1.0,TASK3_CAPACITY_RESPONSE_SURFACE_EXPLORATORY_V1,34,33,18,17,total_queue_wait_mean_seconds,JOINT_REDUCTION_MINUS_SUM_OF_LOCAL_MAIN_EFFECTS,50,-0.01082148456,0.0180188912237,0.00254825603475,0.95,-0.0159423967853,-0.0057005723347,PASS,EXPLORATORY_SENSITIVITY_NOT_CONFIRMATORY
1.0,TASK3_CAPACITY_RESPONSE_SURFACE_EXPLORATORY_V1,34,33,18,17,peak_total_waiting_queue,JOINT_REDUCTION_MINUS_SUM_OF_LOCAL_MAIN_EFFECTS,50,-0.48,1.37380746059,0.194285714286,0.95,-0.870431760357,-0.0895682396435,PASS,EXPLORATORY_SENSITIVITY_NOT_CONFIRMATORY
1.0,TASK3_CAPACITY_RESPONSE_SURFACE_EXPLORATORY_V1,34,33,18,17,time_weighted_mean_total_waiting_queue,JOINT_REDUCTION_MINUS_SUM_OF_LOCAL_MAIN_EFFECTS,50,-0.0139389072251,0.0232154063046,0.0032831542452,0.95,-0.020536652696,-0.0073411617543,PASS,EXPLORATORY_SENSITIVITY_NOT_CONFIRMATORY
1.0,TASK3_CAPACITY_RESPONSE_SURFACE_EXPLORATORY_V1,34,33,18,17,cutoff_backlog,JOINT_REDUCTION_MINUS_SUM_OF_LOCAL_MAIN_EFFECTS,50,0,0,0,0.95,0,0,PASS,EXPLORATORY_SENSITIVITY_NOT_CONFIRMATORY
1.0,TASK3_CAPACITY_RESPONSE_SURFACE_EXPLORATORY_V1,34,33,18,17,cohort_clear_time_after_cutoff_seconds,JOINT_REDUCTION_MINUS_SUM_OF_LOCAL_MAIN_EFFECTS,50,-0.01341829586,0.0948816799457,0.01341829586,0.95,-0.0403833709447,0.0135467792247,PASS,EXPLORATORY_SENSITIVITY_NOT_CONFIRMATORY
1.0,TASK3_CAPACITY_RESPONSE_SURFACE_EXPLORATORY_V1,34,33,18,17,security_wait_p95_seconds,JOINT_REDUCTION_MINUS_SUM_OF_LOCAL_MAIN_EFFECTS,50,0,0,0,0.95,0,0,PASS,EXPLORATORY_SENSITIVITY_NOT_CONFIRMATORY
1.0,TASK3_CAPACITY_RESPONSE_SURFACE_EXPLORATORY_V1,34,33,18,17,immigration_wait_p95_seconds,JOINT_REDUCTION_MINUS_SUM_OF_LOCAL_MAIN_EFFECTS,50,0.09629468486,0.393157132465,0.0556008148876,0.95,-0.0154393359023,0.208028705622,PASS,EXPLORATORY_SENSITIVITY_NOT_CONFIRMATORY
1.0,TASK3_CAPACITY_RESPONSE_SURFACE_EXPLORATORY_V1,34,33,17,16,total_queue_wait_p95_seconds,JOINT_REDUCTION_MINUS_SUM_OF_LOCAL_MAIN_EFFECTS,50,-0.00062660522,0.00443076800189,0.00062660522,0.95,-0.00188581555357,0.000632605113568,PASS,EXPLORATORY_SENSITIVITY_NOT_CONFIRMATORY
1.0,TASK3_CAPACITY_RESPONSE_SURFACE_EXPLORATORY_V1,34,33,17,16,total_queue_wait_mean_seconds,JOINT_REDUCTION_MINUS_SUM_OF_LOCAL_MAIN_EFFECTS,50,-0.00276864462,0.0102995827093,0.00145658095543,0.95,-0.00569575363891,0.000158464398907,PASS,EXPLORATORY_SENSITIVITY_NOT_CONFIRMATORY
1.0,TASK3_CAPACITY_RESPONSE_SURFACE_EXPLORATORY_V1,34,33,17,16,peak_total_waiting_queue,JOINT_REDUCTION_MINUS_SUM_OF_LOCAL_MAIN_EFFECTS,50,-0.32,1.05830052443,0.149666295471,0.95,-0.620765681211,-0.0192343187887,PASS,EXPLORATORY_SENSITIVITY_NOT_CONFIRMATORY
1.0,TASK3_CAPACITY_RESPONSE_SURFACE_EXPLORATORY_V1,34,33,17,16,time_weighted_mean_total_waiting_queue,JOINT_REDUCTION_MINUS_SUM_OF_LOCAL_MAIN_EFFECTS,50,-0.00342576585733,0.0125097891357,0.00176915134582,0.95,-0.00698100859262,0.000129476877953,PASS,EXPLORATORY_SENSITIVITY_NOT_CONFIRMATORY
1.0,TASK3_CAPACITY_RESPONSE_SURFACE_EXPLORATORY_V1,34,33,17,16,cutoff_backlog,JOINT_REDUCTION_MINUS_SUM_OF_LOCAL_MAIN_EFFECTS,50,-0.02,0.141421356237,0.02,0.95,-0.0601915047426,0.0201915047426,PASS,EXPLORATORY_SENSITIVITY_NOT_CONFIRMATORY
1.0,TASK3_CAPACITY_RESPONSE_SURFACE_EXPLORATORY_V1,34,33,17,16,cohort_clear_time_after_cutoff_seconds,JOINT_REDUCTION_MINUS_SUM_OF_LOCAL_MAIN_EFFECTS,50,0,0,0,0.95,0,0,PASS,EXPLORATORY_SENSITIVITY_NOT_CONFIRMATORY
1.0,TASK3_CAPACITY_RESPONSE_SURFACE_EXPLORATORY_V1,34,33,17,16,security_wait_p95_seconds,JOINT_REDUCTION_MINUS_SUM_OF_LOCAL_MAIN_EFFECTS,50,0,0,0,0.95,0,0,PASS,EXPLORATORY_SENSITIVITY_NOT_CONFIRMATORY
1.0,TASK3_CAPACITY_RESPONSE_SURFACE_EXPLORATORY_V1,34,33,17,16,immigration_wait_p95_seconds,JOINT_REDUCTION_MINUS_SUM_OF_LOCAL_MAIN_EFFECTS,50,0.06820295836,0.331382042823,0.0468644979286,0.95,-0.0259747761779,0.162380692898,PASS,EXPLORATORY_SENSITIVITY_NOT_CONFIRMATORY
1.0,TASK3_CAPACITY_RESPONSE_SURFACE_EXPLORATORY_V1,33,32,21,20,total_queue_wait_p95_seconds,JOINT_REDUCTION_MINUS_SUM_OF_LOCAL_MAIN_EFFECTS,50,-0.17492864128,0.237508370675,0.0335887558985,0.95,-0.24242777338,-0.10742950918,PASS,EXPLORATORY_SENSITIVITY_NOT_CONFIRMATORY
1.0,TASK3_CAPACITY_RESPONSE_SURFACE_EXPLORATORY_V1,33,32,21,20,total_queue_wait_mean_seconds,JOINT_REDUCTION_MINUS_SUM_OF_LOCAL_MAIN_EFFECTS,50,-0.06848069938,0.0536474732411,0.00758689842446,0.95,-0.0837271425804,-0.0532342561796,PASS,EXPLORATORY_SENSITIVITY_NOT_CONFIRMATORY
1.0,TASK3_CAPACITY_RESPONSE_SURFACE_EXPLORATORY_V1,33,32,21,20,peak_total_waiting_queue,JOINT_REDUCTION_MINUS_SUM_OF_LOCAL_MAIN_EFFECTS,50,-0.12,0.385449644664,0.0545108115095,0.95,-0.229543576965,-0.0104564230346,PASS,EXPLORATORY_SENSITIVITY_NOT_CONFIRMATORY
1.0,TASK3_CAPACITY_RESPONSE_SURFACE_EXPLORATORY_V1,33,32,21,20,time_weighted_mean_total_waiting_queue,JOINT_REDUCTION_MINUS_SUM_OF_LOCAL_MAIN_EFFECTS,50,-0.0826249110674,0.0726727813988,0.010277483307,0.95,-0.103278287021,-0.0619715351137,PASS,EXPLORATORY_SENSITIVITY_NOT_CONFIRMATORY
1.0,TASK3_CAPACITY_RESPONSE_SURFACE_EXPLORATORY_V1,33,32,21,20,cutoff_backlog,JOINT_REDUCTION_MINUS_SUM_OF_LOCAL_MAIN_EFFECTS,50,-0.06,0.46991097724,0.0664554477121,0.95,-0.193547222095,0.0735472220945,PASS,EXPLORATORY_SENSITIVITY_NOT_CONFIRMATORY
1.0,TASK3_CAPACITY_RESPONSE_SURFACE_EXPLORATORY_V1,33,32,21,20,cohort_clear_time_after_cutoff_seconds,JOINT_REDUCTION_MINUS_SUM_OF_LOCAL_MAIN_EFFECTS,50,-0.0146770347,0.611018090103,0.0864110069879,0.95,-0.188326454558,0.158972385158,PASS,EXPLORATORY_SENSITIVITY_NOT_CONFIRMATORY
1.0,TASK3_CAPACITY_RESPONSE_SURFACE_EXPLORATORY_V1,33,32,21,20,security_wait_p95_seconds,JOINT_REDUCTION_MINUS_SUM_OF_LOCAL_MAIN_EFFECTS,50,0,0,0,0.95,0,0,PASS,EXPLORATORY_SENSITIVITY_NOT_CONFIRMATORY
1.0,TASK3_CAPACITY_RESPONSE_SURFACE_EXPLORATORY_V1,33,32,21,20,immigration_wait_p95_seconds,JOINT_REDUCTION_MINUS_SUM_OF_LOCAL_MAIN_EFFECTS,50,-0.03157840146,0.23776324799,0.0336248009941,0.95,-0.0991499688912,0.0359931659712,PASS,EXPLORATORY_SENSITIVITY_NOT_CONFIRMATORY
1.0,TASK3_CAPACITY_RESPONSE_SURFACE_EXPLORATORY_V1,33,32,20,19,total_queue_wait_p95_seconds,JOINT_REDUCTION_MINUS_SUM_OF_LOCAL_MAIN_EFFECTS,50,-0.8298656806,0.968511719538,0.136968240909,0.95,-1.1051136658,-0.554617695396,PASS,EXPLORATORY_SENSITIVITY_NOT_CONFIRMATORY
1.0,TASK3_CAPACITY_RESPONSE_SURFACE_EXPLORATORY_V1,33,32,20,19,total_queue_wait_mean_seconds,JOINT_REDUCTION_MINUS_SUM_OF_LOCAL_MAIN_EFFECTS,50,-0.3823006953,0.491403798901,0.0694949917008,0.95,-0.521956109726,-0.242645280874,PASS,EXPLORATORY_SENSITIVITY_NOT_CONFIRMATORY
1.0,TASK3_CAPACITY_RESPONSE_SURFACE_EXPLORATORY_V1,33,32,20,19,peak_total_waiting_queue,JOINT_REDUCTION_MINUS_SUM_OF_LOCAL_MAIN_EFFECTS,50,-0.54,1.07304639761,0.151751676856,0.95,-0.844956412002,-0.235043587998,PASS,EXPLORATORY_SENSITIVITY_NOT_CONFIRMATORY
1.0,TASK3_CAPACITY_RESPONSE_SURFACE_EXPLORATORY_V1,33,32,20,19,time_weighted_mean_total_waiting_queue,JOINT_REDUCTION_MINUS_SUM_OF_LOCAL_MAIN_EFFECTS,50,-0.438387127145,0.573202163944,0.0810630274232,0.95,-0.601289379702,-0.275484874589,PASS,EXPLORATORY_SENSITIVITY_NOT_CONFIRMATORY
1.0,TASK3_CAPACITY_RESPONSE_SURFACE_EXPLORATORY_V1,33,32,20,19,cutoff_backlog,JOINT_REDUCTION_MINUS_SUM_OF_LOCAL_MAIN_EFFECTS,50,-0.66,1.81389197077,0.256523062575,0.95,-1.1755023943,-0.144497605698,PASS,EXPLORATORY_SENSITIVITY_NOT_CONFIRMATORY
1.0,TASK3_CAPACITY_RESPONSE_SURFACE_EXPLORATORY_V1,33,32,20,19,cohort_clear_time_after_cutoff_seconds,JOINT_REDUCTION_MINUS_SUM_OF_LOCAL_MAIN_EFFECTS,50,-0.76740110698,1.43406726666,0.202807737786,0.95,-1.17495851473,-0.359843699227,PASS,EXPLORATORY_SENSITIVITY_NOT_CONFIRMATORY
1.0,TASK3_CAPACITY_RESPONSE_SURFACE_EXPLORATORY_V1,33,32,20,19,security_wait_p95_seconds,JOINT_REDUCTION_MINUS_SUM_OF_LOCAL_MAIN_EFFECTS,50,0,0,0,0.95,0,0,PASS,EXPLORATORY_SENSITIVITY_NOT_CONFIRMATORY
1.0,TASK3_CAPACITY_RESPONSE_SURFACE_EXPLORATORY_V1,33,32,20,19,immigration_wait_p95_seconds,JOINT_REDUCTION_MINUS_SUM_OF_LOCAL_MAIN_EFFECTS,50,-0.8094892731,1.1087356251,0.156798895811,0.95,-1.12458845133,-0.49439009487,PASS,EXPLORATORY_SENSITIVITY_NOT_CONFIRMATORY
1.0,TASK3_CAPACITY_RESPONSE_SURFACE_EXPLORATORY_V1,33,32,19,18,total_queue_wait_p95_seconds,JOINT_REDUCTION_MINUS_SUM_OF_LOCAL_MAIN_EFFECTS,50,-0.33043098526,0.19903892248,0.0281483543611,0.95,-0.38699722115,-0.27386474937,PASS,EXPLORATORY_SENSITIVITY_NOT_CONFIRMATORY
1.0,TASK3_CAPACITY_RESPONSE_SURFACE_EXPLORATORY_V1,33,32,19,18,total_queue_wait_mean_seconds,JOINT_REDUCTION_MINUS_SUM_OF_LOCAL_MAIN_EFFECTS,50,-0.14385039562,0.0883154412468,0.0124896894778,0.95,-0.168949366314,-0.118751424926,PASS,EXPLORATORY_SENSITIVITY_NOT_CONFIRMATORY
1.0,TASK3_CAPACITY_RESPONSE_SURFACE_EXPLORATORY_V1,33,32,19,18,peak_total_waiting_queue,JOINT_REDUCTION_MINUS_SUM_OF_LOCAL_MAIN_EFFECTS,50,-0.48,0.706818107249,0.0999591753402,0.95,-0.680875483488,-0.279124516512,PASS,EXPLORATORY_SENSITIVITY_NOT_CONFIRMATORY
1.0,TASK3_CAPACITY_RESPONSE_SURFACE_EXPLORATORY_V1,33,32,19,18,time_weighted_mean_total_waiting_queue,JOINT_REDUCTION_MINUS_SUM_OF_LOCAL_MAIN_EFFECTS,50,-0.173634476797,0.120729538729,0.0170737351049,0.95,-0.207945432069,-0.139323521524,PASS,EXPLORATORY_SENSITIVITY_NOT_CONFIRMATORY
1.0,TASK3_CAPACITY_RESPONSE_SURFACE_EXPLORATORY_V1,33,32,19,18,cutoff_backlog,JOINT_REDUCTION_MINUS_SUM_OF_LOCAL_MAIN_EFFECTS,50,-0.38,0.830293776384,0.117421271932,0.95,-0.615966880386,-0.144033119614,PASS,EXPLORATORY_SENSITIVITY_NOT_CONFIRMATORY
1.0,TASK3_CAPACITY_RESPONSE_SURFACE_EXPLORATORY_V1,33,32,19,18,cohort_clear_time_after_cutoff_seconds,JOINT_REDUCTION_MINUS_SUM_OF_LOCAL_MAIN_EFFECTS,50,-0.343598143,0.578689954089,0.0818391181482,0.95,-0.508060008259,-0.179136277741,PASS,EXPLORATORY_SENSITIVITY_NOT_CONFIRMATORY
1.0,TASK3_CAPACITY_RESPONSE_SURFACE_EXPLORATORY_V1,33,32,19,18,security_wait_p95_seconds,JOINT_REDUCTION_MINUS_SUM_OF_LOCAL_MAIN_EFFECTS,50,0,0,0,0.95,0,0,PASS,EXPLORATORY_SENSITIVITY_NOT_CONFIRMATORY
1.0,TASK3_CAPACITY_RESPONSE_SURFACE_EXPLORATORY_V1,33,32,19,18,immigration_wait_p95_seconds,JOINT_REDUCTION_MINUS_SUM_OF_LOCAL_MAIN_EFFECTS,50,-0.46824994218,0.477080205071,0.0674693296351,0.95,-0.60383463628,-0.33266524808,PASS,EXPLORATORY_SENSITIVITY_NOT_CONFIRMATORY
1.0,TASK3_CAPACITY_RESPONSE_SURFACE_EXPLORATORY_V1,33,32,18,17,total_queue_wait_p95_seconds,JOINT_REDUCTION_MINUS_SUM_OF_LOCAL_MAIN_EFFECTS,50,-0.05406662618,0.0807823709376,0.0114243524581,0.95,-0.0770247219799,-0.0311085303801,PASS,EXPLORATORY_SENSITIVITY_NOT_CONFIRMATORY
1.0,TASK3_CAPACITY_RESPONSE_SURFACE_EXPLORATORY_V1,33,32,18,17,total_queue_wait_mean_seconds,JOINT_REDUCTION_MINUS_SUM_OF_LOCAL_MAIN_EFFECTS,50,-0.04449045556,0.0556266241998,0.00786679263724,0.95,-0.0602993672394,-0.0286815438806,PASS,EXPLORATORY_SENSITIVITY_NOT_CONFIRMATORY
1.0,TASK3_CAPACITY_RESPONSE_SURFACE_EXPLORATORY_V1,33,32,18,17,peak_total_waiting_queue,JOINT_REDUCTION_MINUS_SUM_OF_LOCAL_MAIN_EFFECTS,50,-0.92,1.02698290032,0.145237314596,0.95,-1.21186531092,-0.628134689081,PASS,EXPLORATORY_SENSITIVITY_NOT_CONFIRMATORY
1.0,TASK3_CAPACITY_RESPONSE_SURFACE_EXPLORATORY_V1,33,32,18,17,time_weighted_mean_total_waiting_queue,JOINT_REDUCTION_MINUS_SUM_OF_LOCAL_MAIN_EFFECTS,50,-0.0545944724721,0.0692501416207,0.00979344894763,0.95,-0.0742751449633,-0.0349137999808,PASS,EXPLORATORY_SENSITIVITY_NOT_CONFIRMATORY
1.0,TASK3_CAPACITY_RESPONSE_SURFACE_EXPLORATORY_V1,33,32,18,17,cutoff_backlog,JOINT_REDUCTION_MINUS_SUM_OF_LOCAL_MAIN_EFFECTS,50,-0.12,0.385449644664,0.0545108115095,0.95,-0.229543576965,-0.0104564230346,PASS,EXPLORATORY_SENSITIVITY_NOT_CONFIRMATORY
1.0,TASK3_CAPACITY_RESPONSE_SURFACE_EXPLORATORY_V1,33,32,18,17,cohort_clear_time_after_cutoff_seconds,JOINT_REDUCTION_MINUS_SUM_OF_LOCAL_MAIN_EFFECTS,50,-0.03350021166,0.120164482687,0.0169938241132,0.95,-0.067650579782,0.000650156461991,PASS,EXPLORATORY_SENSITIVITY_NOT_CONFIRMATORY
1.0,TASK3_CAPACITY_RESPONSE_SURFACE_EXPLORATORY_V1,33,32,18,17,security_wait_p95_seconds,JOINT_REDUCTION_MINUS_SUM_OF_LOCAL_MAIN_EFFECTS,50,0,0,0,0.95,0,0,PASS,EXPLORATORY_SENSITIVITY_NOT_CONFIRMATORY
1.0,TASK3_CAPACITY_RESPONSE_SURFACE_EXPLORATORY_V1,33,32,18,17,immigration_wait_p95_seconds,JOINT_REDUCTION_MINUS_SUM_OF_LOCAL_MAIN_EFFECTS,50,0.19701652478,0.473167375833,0.0669159720175,0.95,0.0625438444451,0.331489205115,PASS,EXPLORATORY_SENSITIVITY_NOT_CONFIRMATORY
1.0,TASK3_CAPACITY_RESPONSE_SURFACE_EXPLORATORY_V1,33,32,17,16,total_queue_wait_p95_seconds,JOINT_REDUCTION_MINUS_SUM_OF_LOCAL_MAIN_EFFECTS,50,-0.00335234962,0.0157163612236,0.00222262911935,0.95,-0.00781889005958,0.00111419081958,PASS,EXPLORATORY_SENSITIVITY_NOT_CONFIRMATORY
1.0,TASK3_CAPACITY_RESPONSE_SURFACE_EXPLORATORY_V1,33,32,17,16,total_queue_wait_mean_seconds,JOINT_REDUCTION_MINUS_SUM_OF_LOCAL_MAIN_EFFECTS,50,-0.01067831792,0.023375638257,0.00330581446522,0.95,-0.0173216008079,-0.00403503503214,PASS,EXPLORATORY_SENSITIVITY_NOT_CONFIRMATORY
1.0,TASK3_CAPACITY_RESPONSE_SURFACE_EXPLORATORY_V1,33,32,17,16,peak_total_waiting_queue,JOINT_REDUCTION_MINUS_SUM_OF_LOCAL_MAIN_EFFECTS,50,-0.4,1.35526185436,0.1916629695,0.95,-0.785161157382,-0.0148388426182,PASS,EXPLORATORY_SENSITIVITY_NOT_CONFIRMATORY
1.0,TASK3_CAPACITY_RESPONSE_SURFACE_EXPLORATORY_V1,33,32,17,16,time_weighted_mean_total_waiting_queue,JOINT_REDUCTION_MINUS_SUM_OF_LOCAL_MAIN_EFFECTS,50,-0.0132545501611,0.0286566083287,0.004052656415,0.95,-0.0213986681373,-0.00511043218495,PASS,EXPLORATORY_SENSITIVITY_NOT_CONFIRMATORY
1.0,TASK3_CAPACITY_RESPONSE_SURFACE_EXPLORATORY_V1,33,32,17,16,cutoff_backlog,JOINT_REDUCTION_MINUS_SUM_OF_LOCAL_MAIN_EFFECTS,50,-0.02,0.141421356237,0.02,0.95,-0.0601915047426,0.0201915047426,PASS,EXPLORATORY_SENSITIVITY_NOT_CONFIRMATORY
1.0,TASK3_CAPACITY_RESPONSE_SURFACE_EXPLORATORY_V1,33,32,17,16,cohort_clear_time_after_cutoff_seconds,JOINT_REDUCTION_MINUS_SUM_OF_LOCAL_MAIN_EFFECTS,50,0,0,0,0.95,0,0,PASS,EXPLORATORY_SENSITIVITY_NOT_CONFIRMATORY
1.0,TASK3_CAPACITY_RESPONSE_SURFACE_EXPLORATORY_V1,33,32,17,16,security_wait_p95_seconds,JOINT_REDUCTION_MINUS_SUM_OF_LOCAL_MAIN_EFFECTS,50,0,0,0,0.95,0,0,PASS,EXPLORATORY_SENSITIVITY_NOT_CONFIRMATORY
1.0,TASK3_CAPACITY_RESPONSE_SURFACE_EXPLORATORY_V1,33,32,17,16,immigration_wait_p95_seconds,JOINT_REDUCTION_MINUS_SUM_OF_LOCAL_MAIN_EFFECTS,50,0.01757239954,0.514142276482,0.072710698039,0.95,-0.128545218714,0.163690017794,PASS,EXPLORATORY_SENSITIVITY_NOT_CONFIRMATORY
1.0,TASK3_CAPACITY_RESPONSE_SURFACE_EXPLORATORY_V1,32,31,21,20,total_queue_wait_p95_seconds,JOINT_REDUCTION_MINUS_SUM_OF_LOCAL_MAIN_EFFECTS,50,-0.11870589826,0.181705612777,0.0256970541949,0.95,-0.170346062037,-0.0670657344827,PASS,EXPLORATORY_SENSITIVITY_NOT_CONFIRMATORY
1.0,TASK3_CAPACITY_RESPONSE_SURFACE_EXPLORATORY_V1,32,31,21,20,total_queue_wait_mean_seconds,JOINT_REDUCTION_MINUS_SUM_OF_LOCAL_MAIN_EFFECTS,50,-0.03788147444,0.0356081413513,0.00503575164299,0.95,-0.0480011962421,-0.0277617526379,PASS,EXPLORATORY_SENSITIVITY_NOT_CONFIRMATORY
1.0,TASK3_CAPACITY_RESPONSE_SURFACE_EXPLORATORY_V1,32,31,21,20,peak_total_waiting_queue,JOINT_REDUCTION_MINUS_SUM_OF_LOCAL_MAIN_EFFECTS,50,-0.04,0.347586430303,0.0491561443831,0.95,-0.138782970505,0.058782970505,PASS,EXPLORATORY_SENSITIVITY_NOT_CONFIRMATORY
1.0,TASK3_CAPACITY_RESPONSE_SURFACE_EXPLORATORY_V1,32,31,21,20,time_weighted_mean_total_waiting_queue,JOINT_REDUCTION_MINUS_SUM_OF_LOCAL_MAIN_EFFECTS,50,-0.0481168700311,0.0445929108023,0.00630638992423,0.95,-0.0607900350585,-0.0354437050037,PASS,EXPLORATORY_SENSITIVITY_NOT_CONFIRMATORY
1.0,TASK3_CAPACITY_RESPONSE_SURFACE_EXPLORATORY_V1,32,31,21,20,cutoff_backlog,JOINT_REDUCTION_MINUS_SUM_OF_LOCAL_MAIN_EFFECTS,50,-0.02,0.318798765777,0.045084953823,0.95,-0.11060160677,0.0706016067699,PASS,EXPLORATORY_SENSITIVITY_NOT_CONFIRMATORY
1.0,TASK3_CAPACITY_RESPONSE_SURFACE_EXPLORATORY_V1,32,31,21,20,cohort_clear_time_after_cutoff_seconds,JOINT_REDUCTION_MINUS_SUM_OF_LOCAL_MAIN_EFFECTS,50,-0.05499876644,0.525352925478,0.0742961232244,0.95,-0.204302415886,0.0943048830065,PASS,EXPLORATORY_SENSITIVITY_NOT_CONFIRMATORY
1.0,TASK3_CAPACITY_RESPONSE_SURFACE_EXPLORATORY_V1,32,31,21,20,security_wait_p95_seconds,JOINT_REDUCTION_MINUS_SUM_OF_LOCAL_MAIN_EFFECTS,50,0,0,0,0.95,0,0,PASS,EXPLORATORY_SENSITIVITY_NOT_CONFIRMATORY
1.0,TASK3_CAPACITY_RESPONSE_SURFACE_EXPLORATORY_V1,32,31,21,20,immigration_wait_p95_seconds,JOINT_REDUCTION_MINUS_SUM_OF_LOCAL_MAIN_EFFECTS,50,-0.07950815608,0.233159223138,0.0329736935554,0.95,-0.145771274126,-0.0132450380344,PASS,EXPLORATORY_SENSITIVITY_NOT_CONFIRMATORY
1.0,TASK3_CAPACITY_RESPONSE_SURFACE_EXPLORATORY_V1,32,31,20,19,total_queue_wait_p95_seconds,JOINT_REDUCTION_MINUS_SUM_OF_LOCAL_MAIN_EFFECTS,50,-0.41565838958,0.329354650447,0.0465777813493,0.95,-0.50925994558,-0.32205683358,PASS,EXPLORATORY_SENSITIVITY_NOT_CONFIRMATORY
1.0,TASK3_CAPACITY_RESPONSE_SURFACE_EXPLORATORY_V1,32,31,20,19,total_queue_wait_mean_seconds,JOINT_REDUCTION_MINUS_SUM_OF_LOCAL_MAIN_EFFECTS,50,-0.19343192898,0.155001887696,0.0219205771773,0.95,-0.237482978059,-0.149380879901,PASS,EXPLORATORY_SENSITIVITY_NOT_CONFIRMATORY
1.0,TASK3_CAPACITY_RESPONSE_SURFACE_EXPLORATORY_V1,32,31,20,19,peak_total_waiting_queue,JOINT_REDUCTION_MINUS_SUM_OF_LOCAL_MAIN_EFFECTS,50,-0.32,0.68332918532,0.0966373401445,0.95,-0.514200005736,-0.125799994264,PASS,EXPLORATORY_SENSITIVITY_NOT_CONFIRMATORY
1.0,TASK3_CAPACITY_RESPONSE_SURFACE_EXPLORATORY_V1,32,31,20,19,time_weighted_mean_total_waiting_queue,JOINT_REDUCTION_MINUS_SUM_OF_LOCAL_MAIN_EFFECTS,50,-0.232182805584,0.203462683682,0.0287739686699,0.95,-0.290006260497,-0.174359350671,PASS,EXPLORATORY_SENSITIVITY_NOT_CONFIRMATORY
1.0,TASK3_CAPACITY_RESPONSE_SURFACE_EXPLORATORY_V1,32,31,20,19,cutoff_backlog,JOINT_REDUCTION_MINUS_SUM_OF_LOCAL_MAIN_EFFECTS,50,-0.42,0.85928304239,0.121520973246,0.95,-0.664205538628,-0.175794461372,PASS,EXPLORATORY_SENSITIVITY_NOT_CONFIRMATORY
1.0,TASK3_CAPACITY_RESPONSE_SURFACE_EXPLORATORY_V1,32,31,20,19,cohort_clear_time_after_cutoff_seconds,JOINT_REDUCTION_MINUS_SUM_OF_LOCAL_MAIN_EFFECTS,50,-0.25125683514,0.905690311598,0.128083952197,0.95,-0.508651173749,0.00613750346912,PASS,EXPLORATORY_SENSITIVITY_NOT_CONFIRMATORY
1.0,TASK3_CAPACITY_RESPONSE_SURFACE_EXPLORATORY_V1,32,31,20,19,security_wait_p95_seconds,JOINT_REDUCTION_MINUS_SUM_OF_LOCAL_MAIN_EFFECTS,50,0,0,0,0.95,0,0,PASS,EXPLORATORY_SENSITIVITY_NOT_CONFIRMATORY
1.0,TASK3_CAPACITY_RESPONSE_SURFACE_EXPLORATORY_V1,32,31,20,19,immigration_wait_p95_seconds,JOINT_REDUCTION_MINUS_SUM_OF_LOCAL_MAIN_EFFECTS,50,-0.18806801228,0.388853643553,0.054992209649,0.95,-0.298578995026,-0.0775570295343,PASS,EXPLORATORY_SENSITIVITY_NOT_CONFIRMATORY
1.0,TASK3_CAPACITY_RESPONSE_SURFACE_EXPLORATORY_V1,32,31,19,18,total_queue_wait_p95_seconds,JOINT_REDUCTION_MINUS_SUM_OF_LOCAL_MAIN_EFFECTS,50,-1.50311091314,1.37794267239,0.194870521547,0.95,-1.89471788769,-1.11150393859,PASS,EXPLORATORY_SENSITIVITY_NOT_CONFIRMATORY
1.0,TASK3_CAPACITY_RESPONSE_SURFACE_EXPLORATORY_V1,32,31,19,18,total_queue_wait_mean_seconds,JOINT_REDUCTION_MINUS_SUM_OF_LOCAL_MAIN_EFFECTS,50,-0.74453672704,0.796385247536,0.112625881794,0.95,-0.970866910153,-0.518206543927,PASS,EXPLORATORY_SENSITIVITY_NOT_CONFIRMATORY
1.0,TASK3_CAPACITY_RESPONSE_SURFACE_EXPLORATORY_V1,32,31,19,18,peak_total_waiting_queue,JOINT_REDUCTION_MINUS_SUM_OF_LOCAL_MAIN_EFFECTS,50,-1.44,1.75150081417,0.247699620591,0.95,-1.93777102379,-0.942228976214,PASS,EXPLORATORY_SENSITIVITY_NOT_CONFIRMATORY
1.0,TASK3_CAPACITY_RESPONSE_SURFACE_EXPLORATORY_V1,32,31,19,18,time_weighted_mean_total_waiting_queue,JOINT_REDUCTION_MINUS_SUM_OF_LOCAL_MAIN_EFFECTS,50,-0.839883039167,0.939704174643,0.13289423884,0.95,-1.1069440107,-0.572822067638,PASS,EXPLORATORY_SENSITIVITY_NOT_CONFIRMATORY
1.0,TASK3_CAPACITY_RESPONSE_SURFACE_EXPLORATORY_V1,32,31,19,18,cutoff_backlog,JOINT_REDUCTION_MINUS_SUM_OF_LOCAL_MAIN_EFFECTS,50,-1.58,2.60368655438,0.368216883738,0.95,-2.31995953145,-0.840040468548,PASS,EXPLORATORY_SENSITIVITY_NOT_CONFIRMATORY
1.0,TASK3_CAPACITY_RESPONSE_SURFACE_EXPLORATORY_V1,32,31,19,18,cohort_clear_time_after_cutoff_seconds,JOINT_REDUCTION_MINUS_SUM_OF_LOCAL_MAIN_EFFECTS,50,-1.83715112044,2.39683724333,0.338963973631,0.95,-2.51832472813,-1.15597751275,PASS,EXPLORATORY_SENSITIVITY_NOT_CONFIRMATORY
1.0,TASK3_CAPACITY_RESPONSE_SURFACE_EXPLORATORY_V1,32,31,19,18,security_wait_p95_seconds,JOINT_REDUCTION_MINUS_SUM_OF_LOCAL_MAIN_EFFECTS,50,0,0,0,0.95,0,0,PASS,EXPLORATORY_SENSITIVITY_NOT_CONFIRMATORY
1.0,TASK3_CAPACITY_RESPONSE_SURFACE_EXPLORATORY_V1,32,31,19,18,immigration_wait_p95_seconds,JOINT_REDUCTION_MINUS_SUM_OF_LOCAL_MAIN_EFFECTS,50,-1.77524798606,1.73907108738,0.24594179177,0.95,-2.26948652058,-1.28100945154,PASS,EXPLORATORY_SENSITIVITY_NOT_CONFIRMATORY
1.0,TASK3_CAPACITY_RESPONSE_SURFACE_EXPLORATORY_V1,32,31,18,17,total_queue_wait_p95_seconds,JOINT_REDUCTION_MINUS_SUM_OF_LOCAL_MAIN_EFFECTS,50,-0.1745944617,0.16635056387,0.0235255223533,0.95,-0.221870768862,-0.127318154538,PASS,EXPLORATORY_SENSITIVITY_NOT_CONFIRMATORY
1.0,TASK3_CAPACITY_RESPONSE_SURFACE_EXPLORATORY_V1,32,31,18,17,total_queue_wait_mean_seconds,JOINT_REDUCTION_MINUS_SUM_OF_LOCAL_MAIN_EFFECTS,50,-0.11082252874,0.0891732703827,0.0126110048376,0.95,-0.136165291777,-0.085479765703,PASS,EXPLORATORY_SENSITIVITY_NOT_CONFIRMATORY
1.0,TASK3_CAPACITY_RESPONSE_SURFACE_EXPLORATORY_V1,32,31,18,17,peak_total_waiting_queue,JOINT_REDUCTION_MINUS_SUM_OF_LOCAL_MAIN_EFFECTS,50,-0.58,0.810391691639,0.114606692115,0.95,-0.810310770484,-0.349689229516,PASS,EXPLORATORY_SENSITIVITY_NOT_CONFIRMATORY
1.0,TASK3_CAPACITY_RESPONSE_SURFACE_EXPLORATORY_V1,32,31,18,17,time_weighted_mean_total_waiting_queue,JOINT_REDUCTION_MINUS_SUM_OF_LOCAL_MAIN_EFFECTS,50,-0.133042311938,0.11172454151,0.0158002361854,0.95,-0.164794075317,-0.101290548559,PASS,EXPLORATORY_SENSITIVITY_NOT_CONFIRMATORY
1.0,TASK3_CAPACITY_RESPONSE_SURFACE_EXPLORATORY_V1,32,31,18,17,cutoff_backlog,JOINT_REDUCTION_MINUS_SUM_OF_LOCAL_MAIN_EFFECTS,50,-0.34,0.592814112036,0.0838365757207,0.95,-0.508475906534,-0.171524093466,PASS,EXPLORATORY_SENSITIVITY_NOT_CONFIRMATORY
1.0,TASK3_CAPACITY_RESPONSE_SURFACE_EXPLORATORY_V1,32,31,18,17,cohort_clear_time_after_cutoff_seconds,JOINT_REDUCTION_MINUS_SUM_OF_LOCAL_MAIN_EFFECTS,50,-0.18255589298,0.491420438321,0.0694973448701,0.95,-0.322216036277,-0.0428957496829,PASS,EXPLORATORY_SENSITIVITY_NOT_CONFIRMATORY
1.0,TASK3_CAPACITY_RESPONSE_SURFACE_EXPLORATORY_V1,32,31,18,17,security_wait_p95_seconds,JOINT_REDUCTION_MINUS_SUM_OF_LOCAL_MAIN_EFFECTS,50,0,0,0,0.95,0,0,PASS,EXPLORATORY_SENSITIVITY_NOT_CONFIRMATORY
1.0,TASK3_CAPACITY_RESPONSE_SURFACE_EXPLORATORY_V1,32,31,18,17,immigration_wait_p95_seconds,JOINT_REDUCTION_MINUS_SUM_OF_LOCAL_MAIN_EFFECTS,50,-0.04611857562,0.678494509377,0.0959536137157,0.95,-0.238944581656,0.146707430416,PASS,EXPLORATORY_SENSITIVITY_NOT_CONFIRMATORY
1.0,TASK3_CAPACITY_RESPONSE_SURFACE_EXPLORATORY_V1,32,31,17,16,total_queue_wait_p95_seconds,JOINT_REDUCTION_MINUS_SUM_OF_LOCAL_MAIN_EFFECTS,50,-0.02248956028,0.081342698358,0.0115035947218,0.95,-0.0456068993709,0.000627778810894,PASS,EXPLORATORY_SENSITIVITY_NOT_CONFIRMATORY
1.0,TASK3_CAPACITY_RESPONSE_SURFACE_EXPLORATORY_V1,32,31,17,16,total_queue_wait_mean_seconds,JOINT_REDUCTION_MINUS_SUM_OF_LOCAL_MAIN_EFFECTS,50,-0.02717550498,0.0538736508565,0.00761888476958,0.95,-0.0424862271475,-0.0118647828125,PASS,EXPLORATORY_SENSITIVITY_NOT_CONFIRMATORY
1.0,TASK3_CAPACITY_RESPONSE_SURFACE_EXPLORATORY_V1,32,31,17,16,peak_total_waiting_queue,JOINT_REDUCTION_MINUS_SUM_OF_LOCAL_MAIN_EFFECTS,50,-0.54,1.16426380347,0.164651766105,0.95,-0.870880111915,-0.209119888085,PASS,EXPLORATORY_SENSITIVITY_NOT_CONFIRMATORY
1.0,TASK3_CAPACITY_RESPONSE_SURFACE_EXPLORATORY_V1,32,31,17,16,time_weighted_mean_total_waiting_queue,JOINT_REDUCTION_MINUS_SUM_OF_LOCAL_MAIN_EFFECTS,50,-0.0335456543891,0.0650333281994,0.00919710147459,0.95,-0.0520279217658,-0.0150633870124,PASS,EXPLORATORY_SENSITIVITY_NOT_CONFIRMATORY
1.0,TASK3_CAPACITY_RESPONSE_SURFACE_EXPLORATORY_V1,32,31,17,16,cutoff_backlog,JOINT_REDUCTION_MINUS_SUM_OF_LOCAL_MAIN_EFFECTS,50,-0.04,0.197948663722,0.027994168489,0.95,-0.0962563877794,0.0162563877794,PASS,EXPLORATORY_SENSITIVITY_NOT_CONFIRMATORY
1.0,TASK3_CAPACITY_RESPONSE_SURFACE_EXPLORATORY_V1,32,31,17,16,cohort_clear_time_after_cutoff_seconds,JOINT_REDUCTION_MINUS_SUM_OF_LOCAL_MAIN_EFFECTS,50,0.0022162945,0.275784035494,0.0390017523281,0.95,-0.0761606611832,0.0805932501832,PASS,EXPLORATORY_SENSITIVITY_NOT_CONFIRMATORY
1.0,TASK3_CAPACITY_RESPONSE_SURFACE_EXPLORATORY_V1,32,31,17,16,security_wait_p95_seconds,JOINT_REDUCTION_MINUS_SUM_OF_LOCAL_MAIN_EFFECTS,50,0,0,0,0.95,0,0,PASS,EXPLORATORY_SENSITIVITY_NOT_CONFIRMATORY
1.0,TASK3_CAPACITY_RESPONSE_SURFACE_EXPLORATORY_V1,32,31,17,16,immigration_wait_p95_seconds,JOINT_REDUCTION_MINUS_SUM_OF_LOCAL_MAIN_EFFECTS,50,0.08262815802,0.558125283711,0.0789308345728,0.95,-0.0759892925834,0.241245608623,PASS,EXPLORATORY_SENSITIVITY_NOT_CONFIRMATORY
1.0,TASK3_CAPACITY_RESPONSE_SURFACE_EXPLORATORY_V1,31,30,21,20,total_queue_wait_p95_seconds,JOINT_REDUCTION_MINUS_SUM_OF_LOCAL_MAIN_EFFECTS,50,-0.06934435952,0.196211159898,0.0277484483416,0.95,-0.125106954176,-0.0135817648639,PASS,EXPLORATORY_SENSITIVITY_NOT_CONFIRMATORY
1.0,TASK3_CAPACITY_RESPONSE_SURFACE_EXPLORATORY_V1,31,30,21,20,total_queue_wait_mean_seconds,JOINT_REDUCTION_MINUS_SUM_OF_LOCAL_MAIN_EFFECTS,50,-0.04303103066,0.0434662941847,0.00614706227421,0.95,-0.0553840147873,-0.0306780465327,PASS,EXPLORATORY_SENSITIVITY_NOT_CONFIRMATORY
1.0,TASK3_CAPACITY_RESPONSE_SURFACE_EXPLORATORY_V1,31,30,21,20,peak_total_waiting_queue,JOINT_REDUCTION_MINUS_SUM_OF_LOCAL_MAIN_EFFECTS,50,-0.08,0.274047515618,0.0387561713321,0.95,-0.157883442195,-0.00211655780498,PASS,EXPLORATORY_SENSITIVITY_NOT_CONFIRMATORY
1.0,TASK3_CAPACITY_RESPONSE_SURFACE_EXPLORATORY_V1,31,30,21,20,time_weighted_mean_total_waiting_queue,JOINT_REDUCTION_MINUS_SUM_OF_LOCAL_MAIN_EFFECTS,50,-0.0521177106105,0.0523402137391,0.00740202401273,0.95,-0.0669926347712,-0.0372427864499,PASS,EXPLORATORY_SENSITIVITY_NOT_CONFIRMATORY
1.0,TASK3_CAPACITY_RESPONSE_SURFACE_EXPLORATORY_V1,31,30,21,20,cutoff_backlog,JOINT_REDUCTION_MINUS_SUM_OF_LOCAL_MAIN_EFFECTS,50,-0.02,0.377424137532,0.0533758334065,0.95,-0.127262753075,0.0872627530748,PASS,EXPLORATORY_SENSITIVITY_NOT_CONFIRMATORY
1.0,TASK3_CAPACITY_RESPONSE_SURFACE_EXPLORATORY_V1,31,30,21,20,cohort_clear_time_after_cutoff_seconds,JOINT_REDUCTION_MINUS_SUM_OF_LOCAL_MAIN_EFFECTS,50,-0.12827352512,0.358447645787,0.0506921522072,0.95,-0.230143218912,-0.0264038313276,PASS,EXPLORATORY_SENSITIVITY_NOT_CONFIRMATORY
1.0,TASK3_CAPACITY_RESPONSE_SURFACE_EXPLORATORY_V1,31,30,21,20,security_wait_p95_seconds,JOINT_REDUCTION_MINUS_SUM_OF_LOCAL_MAIN_EFFECTS,50,0,0,0,0.95,0,0,PASS,EXPLORATORY_SENSITIVITY_NOT_CONFIRMATORY
1.0,TASK3_CAPACITY_RESPONSE_SURFACE_EXPLORATORY_V1,31,30,21,20,immigration_wait_p95_seconds,JOINT_REDUCTION_MINUS_SUM_OF_LOCAL_MAIN_EFFECTS,50,-0.14734284764,0.351236245586,0.0496723062105,0.95,-0.247163084172,-0.0475226111083,PASS,EXPLORATORY_SENSITIVITY_NOT_CONFIRMATORY
1.0,TASK3_CAPACITY_RESPONSE_SURFACE_EXPLORATORY_V1,31,30,20,19,total_queue_wait_p95_seconds,JOINT_REDUCTION_MINUS_SUM_OF_LOCAL_MAIN_EFFECTS,50,-0.18802456684,0.260652683041,0.0368618559425,0.95,-0.262101239737,-0.113947893943,PASS,EXPLORATORY_SENSITIVITY_NOT_CONFIRMATORY
1.0,TASK3_CAPACITY_RESPONSE_SURFACE_EXPLORATORY_V1,31,30,20,19,total_queue_wait_mean_seconds,JOINT_REDUCTION_MINUS_SUM_OF_LOCAL_MAIN_EFFECTS,50,-0.10430813448,0.0702809095853,0.00993922155115,0.95,-0.124281747986,-0.0843345209745,PASS,EXPLORATORY_SENSITIVITY_NOT_CONFIRMATORY
1.0,TASK3_CAPACITY_RESPONSE_SURFACE_EXPLORATORY_V1,31,30,20,19,peak_total_waiting_queue,JOINT_REDUCTION_MINUS_SUM_OF_LOCAL_MAIN_EFFECTS,50,-0.18,0.481917936955,0.0681534882393,0.95,-0.31695956229,-0.0430404377103,PASS,EXPLORATORY_SENSITIVITY_NOT_CONFIRMATORY
1.0,TASK3_CAPACITY_RESPONSE_SURFACE_EXPLORATORY_V1,31,30,20,19,time_weighted_mean_total_waiting_queue,JOINT_REDUCTION_MINUS_SUM_OF_LOCAL_MAIN_EFFECTS,50,-0.126803210722,0.0905965777817,0.0128122909003,0.95,-0.152550473246,-0.101055948198,PASS,EXPLORATORY_SENSITIVITY_NOT_CONFIRMATORY
1.0,TASK3_CAPACITY_RESPONSE_SURFACE_EXPLORATORY_V1,31,30,20,19,cutoff_backlog,JOINT_REDUCTION_MINUS_SUM_OF_LOCAL_MAIN_EFFECTS,50,-0.06,0.46991097724,0.0664554477121,0.95,-0.193547222095,0.0735472220945,PASS,EXPLORATORY_SENSITIVITY_NOT_CONFIRMATORY
1.0,TASK3_CAPACITY_RESPONSE_SURFACE_EXPLORATORY_V1,31,30,20,19,cohort_clear_time_after_cutoff_seconds,JOINT_REDUCTION_MINUS_SUM_OF_LOCAL_MAIN_EFFECTS,50,-0.25833525318,0.662386086263,0.0936755386721,0.95,-0.44658329602,-0.0700872103399,PASS,EXPLORATORY_SENSITIVITY_NOT_CONFIRMATORY
1.0,TASK3_CAPACITY_RESPONSE_SURFACE_EXPLORATORY_V1,31,30,20,19,security_wait_p95_seconds,JOINT_REDUCTION_MINUS_SUM_OF_LOCAL_MAIN_EFFECTS,50,0,0,0,0.95,0,0,PASS,EXPLORATORY_SENSITIVITY_NOT_CONFIRMATORY
1.0,TASK3_CAPACITY_RESPONSE_SURFACE_EXPLORATORY_V1,31,30,20,19,immigration_wait_p95_seconds,JOINT_REDUCTION_MINUS_SUM_OF_LOCAL_MAIN_EFFECTS,50,-0.02742668512,0.385803512131,0.0545608559267,0.95,-0.137070830107,0.0822174598669,PASS,EXPLORATORY_SENSITIVITY_NOT_CONFIRMATORY
1.0,TASK3_CAPACITY_RESPONSE_SURFACE_EXPLORATORY_V1,31,30,19,18,total_queue_wait_p95_seconds,JOINT_REDUCTION_MINUS_SUM_OF_LOCAL_MAIN_EFFECTS,50,-1.98583720764,1.56629831138,0.221508031467,0.95,-2.4309742625,-1.54070015278,PASS,EXPLORATORY_SENSITIVITY_NOT_CONFIRMATORY
1.0,TASK3_CAPACITY_RESPONSE_SURFACE_EXPLORATORY_V1,31,30,19,18,total_queue_wait_mean_seconds,JOINT_REDUCTION_MINUS_SUM_OF_LOCAL_MAIN_EFFECTS,50,-1.02862027302,0.908856460632,0.128531713288,0.95,-1.28691442123,-0.770326124811,PASS,EXPLORATORY_SENSITIVITY_NOT_CONFIRMATORY
1.0,TASK3_CAPACITY_RESPONSE_SURFACE_EXPLORATORY_V1,31,30,19,18,peak_total_waiting_queue,JOINT_REDUCTION_MINUS_SUM_OF_LOCAL_MAIN_EFFECTS,50,-2.04,2.42402936602,0.342809520502,0.95,-2.72890152345,-1.35109847655,PASS,EXPLORATORY_SENSITIVITY_NOT_CONFIRMATORY
1.0,TASK3_CAPACITY_RESPONSE_SURFACE_EXPLORATORY_V1,31,30,19,18,time_weighted_mean_total_waiting_queue,JOINT_REDUCTION_MINUS_SUM_OF_LOCAL_MAIN_EFFECTS,50,-1.12146139731,1.04293651999,0.147493497126,0.95,-1.41786067677,-0.825062117843,PASS,EXPLORATORY_SENSITIVITY_NOT_CONFIRMATORY
1.0,TASK3_CAPACITY_RESPONSE_SURFACE_EXPLORATORY_V1,31,30,19,18,cutoff_backlog,JOINT_REDUCTION_MINUS_SUM_OF_LOCAL_MAIN_EFFECTS,50,-2.42,2.84346727121,0.402126997911,0.95,-3.22810445718,-1.61189554282,PASS,EXPLORATORY_SENSITIVITY_NOT_CONFIRMATORY
1.0,TASK3_CAPACITY_RESPONSE_SURFACE_EXPLORATORY_V1,31,30,19,18,cohort_clear_time_after_cutoff_seconds,JOINT_REDUCTION_MINUS_SUM_OF_LOCAL_MAIN_EFFECTS,50,-2.349737671,2.36733723588,0.33479204257,0.95,-3.02252746934,-1.67694787266,PASS,EXPLORATORY_SENSITIVITY_NOT_CONFIRMATORY
1.0,TASK3_CAPACITY_RESPONSE_SURFACE_EXPLORATORY_V1,31,30,19,18,security_wait_p95_seconds,JOINT_REDUCTION_MINUS_SUM_OF_LOCAL_MAIN_EFFECTS,50,0,0,0,0.95,0,0,PASS,EXPLORATORY_SENSITIVITY_NOT_CONFIRMATORY
1.0,TASK3_CAPACITY_RESPONSE_SURFACE_EXPLORATORY_V1,31,30,19,18,immigration_wait_p95_seconds,JOINT_REDUCTION_MINUS_SUM_OF_LOCAL_MAIN_EFFECTS,50,-1.70130996462,1.49829444416,0.211890832337,0.95,-2.12712053426,-1.27549939498,PASS,EXPLORATORY_SENSITIVITY_NOT_CONFIRMATORY
1.0,TASK3_CAPACITY_RESPONSE_SURFACE_EXPLORATORY_V1,31,30,18,17,total_queue_wait_p95_seconds,JOINT_REDUCTION_MINUS_SUM_OF_LOCAL_MAIN_EFFECTS,50,-0.90817876808,0.588814667541,0.0832709688561,0.95,-1.07551804506,-0.740839491095,PASS,EXPLORATORY_SENSITIVITY_NOT_CONFIRMATORY
1.0,TASK3_CAPACITY_RESPONSE_SURFACE_EXPLORATORY_V1,31,30,18,17,total_queue_wait_mean_seconds,JOINT_REDUCTION_MINUS_SUM_OF_LOCAL_MAIN_EFFECTS,50,-0.520865857,0.320566520144,0.0453349520431,0.95,-0.611969854002,-0.429761859998,PASS,EXPLORATORY_SENSITIVITY_NOT_CONFIRMATORY
1.0,TASK3_CAPACITY_RESPONSE_SURFACE_EXPLORATORY_V1,31,30,18,17,peak_total_waiting_queue,JOINT_REDUCTION_MINUS_SUM_OF_LOCAL_MAIN_EFFECTS,50,-0.94,1.07684345972,0.152288662528,0.95,-1.24603552511,-0.633964474887,PASS,EXPLORATORY_SENSITIVITY_NOT_CONFIRMATORY
1.0,TASK3_CAPACITY_RESPONSE_SURFACE_EXPLORATORY_V1,31,30,18,17,time_weighted_mean_total_waiting_queue,JOINT_REDUCTION_MINUS_SUM_OF_LOCAL_MAIN_EFFECTS,50,-0.574468677671,0.368415927681,0.052101880152,0.95,-0.679171325832,-0.469766029509,PASS,EXPLORATORY_SENSITIVITY_NOT_CONFIRMATORY
1.0,TASK3_CAPACITY_RESPONSE_SURFACE_EXPLORATORY_V1,31,30,18,17,cutoff_backlog,JOINT_REDUCTION_MINUS_SUM_OF_LOCAL_MAIN_EFFECTS,50,-1.24,1.27070605474,0.17970497364,0.95,-1.60113066502,-0.878869334984,PASS,EXPLORATORY_SENSITIVITY_NOT_CONFIRMATORY
1.0,TASK3_CAPACITY_RESPONSE_SURFACE_EXPLORATORY_V1,31,30,18,17,cohort_clear_time_after_cutoff_seconds,JOINT_REDUCTION_MINUS_SUM_OF_LOCAL_MAIN_EFFECTS,50,-0.95290924656,0.859695328046,0.121579279243,0.95,-1.19723195548,-0.708586537645,PASS,EXPLORATORY_SENSITIVITY_NOT_CONFIRMATORY
1.0,TASK3_CAPACITY_RESPONSE_SURFACE_EXPLORATORY_V1,31,30,18,17,security_wait_p95_seconds,JOINT_REDUCTION_MINUS_SUM_OF_LOCAL_MAIN_EFFECTS,50,0,0,0,0.95,0,0,PASS,EXPLORATORY_SENSITIVITY_NOT_CONFIRMATORY
1.0,TASK3_CAPACITY_RESPONSE_SURFACE_EXPLORATORY_V1,31,30,18,17,immigration_wait_p95_seconds,JOINT_REDUCTION_MINUS_SUM_OF_LOCAL_MAIN_EFFECTS,50,-1.62959570044,1.24562370972,0.176157794389,0.95,-1.98359804187,-1.27559335901,PASS,EXPLORATORY_SENSITIVITY_NOT_CONFIRMATORY
1.0,TASK3_CAPACITY_RESPONSE_SURFACE_EXPLORATORY_V1,31,30,17,16,total_queue_wait_p95_seconds,JOINT_REDUCTION_MINUS_SUM_OF_LOCAL_MAIN_EFFECTS,50,-0.09875335204,0.222449623389,0.0314591274342,0.95,-0.161972835513,-0.0355338685666,PASS,EXPLORATORY_SENSITIVITY_NOT_CONFIRMATORY
1.0,TASK3_CAPACITY_RESPONSE_SURFACE_EXPLORATORY_V1,31,30,17,16,total_queue_wait_mean_seconds,JOINT_REDUCTION_MINUS_SUM_OF_LOCAL_MAIN_EFFECTS,50,-0.07375547442,0.0703062445373,0.00994280445442,0.95,-0.0937362880392,-0.0537746608008,PASS,EXPLORATORY_SENSITIVITY_NOT_CONFIRMATORY
1.0,TASK3_CAPACITY_RESPONSE_SURFACE_EXPLORATORY_V1,31,30,17,16,peak_total_waiting_queue,JOINT_REDUCTION_MINUS_SUM_OF_LOCAL_MAIN_EFFECTS,50,-0.56,0.951046684405,0.134498311954,0.95,-0.830284477138,-0.289715522862,PASS,EXPLORATORY_SENSITIVITY_NOT_CONFIRMATORY
1.0,TASK3_CAPACITY_RESPONSE_SURFACE_EXPLORATORY_V1,31,30,17,16,time_weighted_mean_total_waiting_queue,JOINT_REDUCTION_MINUS_SUM_OF_LOCAL_MAIN_EFFECTS,50,-0.0890853538295,0.0866348266654,0.0122520146844,0.95,-0.113706699144,-0.0644640085148,PASS,EXPLORATORY_SENSITIVITY_NOT_CONFIRMATORY
1.0,TASK3_CAPACITY_RESPONSE_SURFACE_EXPLORATORY_V1,31,30,17,16,cutoff_backlog,JOINT_REDUCTION_MINUS_SUM_OF_LOCAL_MAIN_EFFECTS,50,-0.22,0.464670170494,0.0657142857143,0.95,-0.352057801297,-0.0879421987029,PASS,EXPLORATORY_SENSITIVITY_NOT_CONFIRMATORY
1.0,TASK3_CAPACITY_RESPONSE_SURFACE_EXPLORATORY_V1,31,30,17,16,cohort_clear_time_after_cutoff_seconds,JOINT_REDUCTION_MINUS_SUM_OF_LOCAL_MAIN_EFFECTS,50,-0.15258764552,0.451504674203,0.0638524033732,0.95,-0.28090385417,-0.02427143687,PASS,EXPLORATORY_SENSITIVITY_NOT_CONFIRMATORY
1.0,TASK3_CAPACITY_RESPONSE_SURFACE_EXPLORATORY_V1,31,30,17,16,security_wait_p95_seconds,JOINT_REDUCTION_MINUS_SUM_OF_LOCAL_MAIN_EFFECTS,50,0,0,0,0.95,0,0,PASS,EXPLORATORY_SENSITIVITY_NOT_CONFIRMATORY
1.0,TASK3_CAPACITY_RESPONSE_SURFACE_EXPLORATORY_V1,31,30,17,16,immigration_wait_p95_seconds,JOINT_REDUCTION_MINUS_SUM_OF_LOCAL_MAIN_EFFECTS,50,-0.01256892296,0.543168102986,0.0768155697891,0.95,-0.166935589834,0.141797743914,PASS,EXPLORATORY_SENSITIVITY_NOT_CONFIRMATORY
1.0,TASK3_CAPACITY_RESPONSE_SURFACE_EXPLORATORY_V1,30,29,21,20,total_queue_wait_p95_seconds,JOINT_REDUCTION_MINUS_SUM_OF_LOCAL_MAIN_EFFECTS,50,-0.02676089458,0.157069541623,0.0222129875999,0.95,-0.0713995644034,0.0178777752434,PASS,EXPLORATORY_SENSITIVITY_NOT_CONFIRMATORY
1.0,TASK3_CAPACITY_RESPONSE_SURFACE_EXPLORATORY_V1,30,29,21,20,total_queue_wait_mean_seconds,JOINT_REDUCTION_MINUS_SUM_OF_LOCAL_MAIN_EFFECTS,50,-0.02412294094,0.0351902913036,0.00497665872254,0.95,-0.0341239110725,-0.0141219708075,PASS,EXPLORATORY_SENSITIVITY_NOT_CONFIRMATORY
1.0,TASK3_CAPACITY_RESPONSE_SURFACE_EXPLORATORY_V1,30,29,21,20,peak_total_waiting_queue,JOINT_REDUCTION_MINUS_SUM_OF_LOCAL_MAIN_EFFECTS,50,0,0.20203050891,0.0285714285714,0.95,-0.0574164353465,0.0574164353465,PASS,EXPLORATORY_SENSITIVITY_NOT_CONFIRMATORY
1.0,TASK3_CAPACITY_RESPONSE_SURFACE_EXPLORATORY_V1,30,29,21,20,time_weighted_mean_total_waiting_queue,JOINT_REDUCTION_MINUS_SUM_OF_LOCAL_MAIN_EFFECTS,50,-0.0298124279396,0.0436523044851,0.00617336810317,0.95,-0.0422182756094,-0.0174065802698,PASS,EXPLORATORY_SENSITIVITY_NOT_CONFIRMATORY
1.0,TASK3_CAPACITY_RESPONSE_SURFACE_EXPLORATORY_V1,30,29,21,20,cutoff_backlog,JOINT_REDUCTION_MINUS_SUM_OF_LOCAL_MAIN_EFFECTS,50,-0.12,0.328260722659,0.0464230765979,0.95,-0.213290665163,-0.0267093348375,PASS,EXPLORATORY_SENSITIVITY_NOT_CONFIRMATORY
1.0,TASK3_CAPACITY_RESPONSE_SURFACE_EXPLORATORY_V1,30,29,21,20,cohort_clear_time_after_cutoff_seconds,JOINT_REDUCTION_MINUS_SUM_OF_LOCAL_MAIN_EFFECTS,50,-0.05412731052,0.288869027138,0.0408522495929,0.95,-0.136222979683,0.0279683586428,PASS,EXPLORATORY_SENSITIVITY_NOT_CONFIRMATORY
1.0,TASK3_CAPACITY_RESPONSE_SURFACE_EXPLORATORY_V1,30,29,21,20,security_wait_p95_seconds,JOINT_REDUCTION_MINUS_SUM_OF_LOCAL_MAIN_EFFECTS,50,0,0,0,0.95,0,0,PASS,EXPLORATORY_SENSITIVITY_NOT_CONFIRMATORY
1.0,TASK3_CAPACITY_RESPONSE_SURFACE_EXPLORATORY_V1,30,29,21,20,immigration_wait_p95_seconds,JOINT_REDUCTION_MINUS_SUM_OF_LOCAL_MAIN_EFFECTS,50,-0.14495971732,0.388867692227,0.0549941964316,0.95,-0.255474692655,-0.0344447419853,PASS,EXPLORATORY_SENSITIVITY_NOT_CONFIRMATORY
1.0,TASK3_CAPACITY_RESPONSE_SURFACE_EXPLORATORY_V1,30,29,20,19,total_queue_wait_p95_seconds,JOINT_REDUCTION_MINUS_SUM_OF_LOCAL_MAIN_EFFECTS,50,-0.12060639926,0.180398372598,0.0255121825158,0.95,-0.171875049489,-0.0693377490311,PASS,EXPLORATORY_SENSITIVITY_NOT_CONFIRMATORY
1.0,TASK3_CAPACITY_RESPONSE_SURFACE_EXPLORATORY_V1,30,29,20,19,total_queue_wait_mean_seconds,JOINT_REDUCTION_MINUS_SUM_OF_LOCAL_MAIN_EFFECTS,50,-0.05995280596,0.0493545889747,0.00697979290933,0.95,-0.0739792249509,-0.0459263869691,PASS,EXPLORATORY_SENSITIVITY_NOT_CONFIRMATORY
1.0,TASK3_CAPACITY_RESPONSE_SURFACE_EXPLORATORY_V1,30,29,20,19,peak_total_waiting_queue,JOINT_REDUCTION_MINUS_SUM_OF_LOCAL_MAIN_EFFECTS,50,-0.06,0.31363569143,0.0443547848465,0.95,-0.149134277276,0.0291342772756,PASS,EXPLORATORY_SENSITIVITY_NOT_CONFIRMATORY
1.0,TASK3_CAPACITY_RESPONSE_SURFACE_EXPLORATORY_V1,30,29,20,19,time_weighted_mean_total_waiting_queue,JOINT_REDUCTION_MINUS_SUM_OF_LOCAL_MAIN_EFFECTS,50,-0.0734091159389,0.0618198164709,0.00874264228765,0.95,-0.0909781133872,-0.0558401184905,PASS,EXPLORATORY_SENSITIVITY_NOT_CONFIRMATORY
1.0,TASK3_CAPACITY_RESPONSE_SURFACE_EXPLORATORY_V1,30,29,20,19,cutoff_backlog,JOINT_REDUCTION_MINUS_SUM_OF_LOCAL_MAIN_EFFECTS,50,-0.16,0.467734444107,0.0661476394445,0.95,-0.292928658222,-0.0270713417777,PASS,EXPLORATORY_SENSITIVITY_NOT_CONFIRMATORY
1.0,TASK3_CAPACITY_RESPONSE_SURFACE_EXPLORATORY_V1,30,29,20,19,cohort_clear_time_after_cutoff_seconds,JOINT_REDUCTION_MINUS_SUM_OF_LOCAL_MAIN_EFFECTS,50,-0.1366517316,0.497909255711,0.0704150022258,0.95,-0.278155976395,0.00485251319541,PASS,EXPLORATORY_SENSITIVITY_NOT_CONFIRMATORY
1.0,TASK3_CAPACITY_RESPONSE_SURFACE_EXPLORATORY_V1,30,29,20,19,security_wait_p95_seconds,JOINT_REDUCTION_MINUS_SUM_OF_LOCAL_MAIN_EFFECTS,50,0,0,0,0.95,0,0,PASS,EXPLORATORY_SENSITIVITY_NOT_CONFIRMATORY
1.0,TASK3_CAPACITY_RESPONSE_SURFACE_EXPLORATORY_V1,30,29,20,19,immigration_wait_p95_seconds,JOINT_REDUCTION_MINUS_SUM_OF_LOCAL_MAIN_EFFECTS,50,-0.07864262946,0.486554302878,0.0688091693961,0.95,-0.216919832366,0.0596345734457,PASS,EXPLORATORY_SENSITIVITY_NOT_CONFIRMATORY
1.0,TASK3_CAPACITY_RESPONSE_SURFACE_EXPLORATORY_V1,30,29,19,18,total_queue_wait_p95_seconds,JOINT_REDUCTION_MINUS_SUM_OF_LOCAL_MAIN_EFFECTS,50,-0.36983673186,0.330744786324,0.0467743762503,0.95,-0.463833360105,-0.275840103615,PASS,EXPLORATORY_SENSITIVITY_NOT_CONFIRMATORY
1.0,TASK3_CAPACITY_RESPONSE_SURFACE_EXPLORATORY_V1,30,29,19,18,total_queue_wait_mean_seconds,JOINT_REDUCTION_MINUS_SUM_OF_LOCAL_MAIN_EFFECTS,50,-0.21935506356,0.118388769292,0.0167427003166,0.95,-0.253000779519,-0.185709347601,PASS,EXPLORATORY_SENSITIVITY_NOT_CONFIRMATORY
1.0,TASK3_CAPACITY_RESPONSE_SURFACE_EXPLORATORY_V1,30,29,19,18,peak_total_waiting_queue,JOINT_REDUCTION_MINUS_SUM_OF_LOCAL_MAIN_EFFECTS,50,-0.26,0.486973158545,0.0688684045325,0.95,-0.398396240369,-0.121603759631,PASS,EXPLORATORY_SENSITIVITY_NOT_CONFIRMATORY
1.0,TASK3_CAPACITY_RESPONSE_SURFACE_EXPLORATORY_V1,30,29,19,18,time_weighted_mean_total_waiting_queue,JOINT_REDUCTION_MINUS_SUM_OF_LOCAL_MAIN_EFFECTS,50,-0.265256982116,0.148517194757,0.0210035031072,0.95,-0.307465101853,-0.223048862379,PASS,EXPLORATORY_SENSITIVITY_NOT_CONFIRMATORY
1.0,TASK3_CAPACITY_RESPONSE_SURFACE_EXPLORATORY_V1,30,29,19,18,cutoff_backlog,JOINT_REDUCTION_MINUS_SUM_OF_LOCAL_MAIN_EFFECTS,50,-0.4,0.755928946018,0.106904496765,0.95,-0.614832629437,-0.185167370563,PASS,EXPLORATORY_SENSITIVITY_NOT_CONFIRMATORY
1.0,TASK3_CAPACITY_RESPONSE_SURFACE_EXPLORATORY_V1,30,29,19,18,cohort_clear_time_after_cutoff_seconds,JOINT_REDUCTION_MINUS_SUM_OF_LOCAL_MAIN_EFFECTS,50,-0.29193227242,0.736962494287,0.104222235438,0.95,-0.501374695915,-0.0824898489254,PASS,EXPLORATORY_SENSITIVITY_NOT_CONFIRMATORY
1.0,TASK3_CAPACITY_RESPONSE_SURFACE_EXPLORATORY_V1,30,29,19,18,security_wait_p95_seconds,JOINT_REDUCTION_MINUS_SUM_OF_LOCAL_MAIN_EFFECTS,50,0,0,0,0.95,0,0,PASS,EXPLORATORY_SENSITIVITY_NOT_CONFIRMATORY
1.0,TASK3_CAPACITY_RESPONSE_SURFACE_EXPLORATORY_V1,30,29,19,18,immigration_wait_p95_seconds,JOINT_REDUCTION_MINUS_SUM_OF_LOCAL_MAIN_EFFECTS,50,-0.19373805672,0.41054785478,0.0580602344234,0.95,-0.310414466079,-0.0770616473609,PASS,EXPLORATORY_SENSITIVITY_NOT_CONFIRMATORY
1.0,TASK3_CAPACITY_RESPONSE_SURFACE_EXPLORATORY_V1,30,29,18,17,total_queue_wait_p95_seconds,JOINT_REDUCTION_MINUS_SUM_OF_LOCAL_MAIN_EFFECTS,50,-4.02095307804,2.46486300953,0.348584269747,0.95,-4.72145939458,-3.3204467615,PASS,EXPLORATORY_SENSITIVITY_NOT_CONFIRMATORY
1.0,TASK3_CAPACITY_RESPONSE_SURFACE_EXPLORATORY_V1,30,29,18,17,total_queue_wait_mean_seconds,JOINT_REDUCTION_MINUS_SUM_OF_LOCAL_MAIN_EFFECTS,50,-2.1124695236,1.332073141,0.188383590208,0.95,-2.49104052156,-1.73389852564,PASS,EXPLORATORY_SENSITIVITY_NOT_CONFIRMATORY
1.0,TASK3_CAPACITY_RESPONSE_SURFACE_EXPLORATORY_V1,30,29,18,17,peak_total_waiting_queue,JOINT_REDUCTION_MINUS_SUM_OF_LOCAL_MAIN_EFFECTS,50,-4.66,3.35401069693,0.474328741594,0.95,-5.61319929337,-3.70680070663,PASS,EXPLORATORY_SENSITIVITY_NOT_CONFIRMATORY
1.0,TASK3_CAPACITY_RESPONSE_SURFACE_EXPLORATORY_V1,30,29,18,17,time_weighted_mean_total_waiting_queue,JOINT_REDUCTION_MINUS_SUM_OF_LOCAL_MAIN_EFFECTS,50,-2.16664783447,1.40555678063,0.198775746185,0.95,-2.56610265175,-1.7671930172,PASS,EXPLORATORY_SENSITIVITY_NOT_CONFIRMATORY
1.0,TASK3_CAPACITY_RESPONSE_SURFACE_EXPLORATORY_V1,30,29,18,17,cutoff_backlog,JOINT_REDUCTION_MINUS_SUM_OF_LOCAL_MAIN_EFFECTS,50,-5.14,3.67567847409,0.519819434898,0.95,-6.18461626415,-4.09538373585,PASS,EXPLORATORY_SENSITIVITY_NOT_CONFIRMATORY
1.0,TASK3_CAPACITY_RESPONSE_SURFACE_EXPLORATORY_V1,30,29,18,17,cohort_clear_time_after_cutoff_seconds,JOINT_REDUCTION_MINUS_SUM_OF_LOCAL_MAIN_EFFECTS,50,-4.96765306828,3.32061432348,0.469605781168,0.95,-5.91136121733,-4.02394491923,PASS,EXPLORATORY_SENSITIVITY_NOT_CONFIRMATORY
1.0,TASK3_CAPACITY_RESPONSE_SURFACE_EXPLORATORY_V1,30,29,18,17,security_wait_p95_seconds,JOINT_REDUCTION_MINUS_SUM_OF_LOCAL_MAIN_EFFECTS,50,0,0,0,0.95,0,0,PASS,EXPLORATORY_SENSITIVITY_NOT_CONFIRMATORY
1.0,TASK3_CAPACITY_RESPONSE_SURFACE_EXPLORATORY_V1,30,29,18,17,immigration_wait_p95_seconds,JOINT_REDUCTION_MINUS_SUM_OF_LOCAL_MAIN_EFFECTS,50,-4.6506087023,2.62003754263,0.370529262672,0.95,-5.3952151332,-3.9060022714,PASS,EXPLORATORY_SENSITIVITY_NOT_CONFIRMATORY
1.0,TASK3_CAPACITY_RESPONSE_SURFACE_EXPLORATORY_V1,30,29,17,16,total_queue_wait_p95_seconds,JOINT_REDUCTION_MINUS_SUM_OF_LOCAL_MAIN_EFFECTS,50,-0.2168806867,0.239435451719,0.0338612863134,0.95,-0.284927489173,-0.148833884227,PASS,EXPLORATORY_SENSITIVITY_NOT_CONFIRMATORY
1.0,TASK3_CAPACITY_RESPONSE_SURFACE_EXPLORATORY_V1,30,29,17,16,total_queue_wait_mean_seconds,JOINT_REDUCTION_MINUS_SUM_OF_LOCAL_MAIN_EFFECTS,50,-0.21427626336,0.101056293685,0.0142915181092,0.95,-0.242996144253,-0.185556382467,PASS,EXPLORATORY_SENSITIVITY_NOT_CONFIRMATORY
1.0,TASK3_CAPACITY_RESPONSE_SURFACE_EXPLORATORY_V1,30,29,17,16,peak_total_waiting_queue,JOINT_REDUCTION_MINUS_SUM_OF_LOCAL_MAIN_EFFECTS,50,-0.44,0.836903915193,0.118356086727,0.95,-0.67784546105,-0.20215453895,PASS,EXPLORATORY_SENSITIVITY_NOT_CONFIRMATORY
1.0,TASK3_CAPACITY_RESPONSE_SURFACE_EXPLORATORY_V1,30,29,17,16,time_weighted_mean_total_waiting_queue,JOINT_REDUCTION_MINUS_SUM_OF_LOCAL_MAIN_EFFECTS,50,-0.253182909879,0.120481935988,0.0170387187895,0.95,-0.287423497231,-0.218942322527,PASS,EXPLORATORY_SENSITIVITY_NOT_CONFIRMATORY
1.0,TASK3_CAPACITY_RESPONSE_SURFACE_EXPLORATORY_V1,30,29,17,16,cutoff_backlog,JOINT_REDUCTION_MINUS_SUM_OF_LOCAL_MAIN_EFFECTS,50,-0.4,0.606091526731,0.0857142857143,0.95,-0.57224930604,-0.22775069396,PASS,EXPLORATORY_SENSITIVITY_NOT_CONFIRMATORY
1.0,TASK3_CAPACITY_RESPONSE_SURFACE_EXPLORATORY_V1,30,29,17,16,cohort_clear_time_after_cutoff_seconds,JOINT_REDUCTION_MINUS_SUM_OF_LOCAL_MAIN_EFFECTS,50,-0.28105525238,0.597275518471,0.0844675138695,0.95,-0.450799076594,-0.111311428166,PASS,EXPLORATORY_SENSITIVITY_NOT_CONFIRMATORY
1.0,TASK3_CAPACITY_RESPONSE_SURFACE_EXPLORATORY_V1,30,29,17,16,security_wait_p95_seconds,JOINT_REDUCTION_MINUS_SUM_OF_LOCAL_MAIN_EFFECTS,50,0,0,0,0.95,0,0,PASS,EXPLORATORY_SENSITIVITY_NOT_CONFIRMATORY
1.0,TASK3_CAPACITY_RESPONSE_SURFACE_EXPLORATORY_V1,30,29,17,16,immigration_wait_p95_seconds,JOINT_REDUCTION_MINUS_SUM_OF_LOCAL_MAIN_EFFECTS,50,-0.48101949782,0.829824224812,0.117354867311,0.95,-0.716852933126,-0.245186062514,PASS,EXPLORATORY_SENSITIVITY_NOT_CONFIRMATORY
1.0,TASK3_CAPACITY_RESPONSE_SURFACE_EXPLORATORY_V1,29,28,21,20,total_queue_wait_p95_seconds,JOINT_REDUCTION_MINUS_SUM_OF_LOCAL_MAIN_EFFECTS,50,-0.01059142458,0.146020104665,0.0206503612396,0.95,-0.0520898791649,0.0309070300049,PASS,EXPLORATORY_SENSITIVITY_NOT_CONFIRMATORY
1.0,TASK3_CAPACITY_RESPONSE_SURFACE_EXPLORATORY_V1,29,28,21,20,total_queue_wait_mean_seconds,JOINT_REDUCTION_MINUS_SUM_OF_LOCAL_MAIN_EFFECTS,50,-0.00489605714,0.0401528170511,0.00567846584412,0.95,-0.0163073614852,0.00651524720523,PASS,EXPLORATORY_SENSITIVITY_NOT_CONFIRMATORY
1.0,TASK3_CAPACITY_RESPONSE_SURFACE_EXPLORATORY_V1,29,28,21,20,peak_total_waiting_queue,JOINT_REDUCTION_MINUS_SUM_OF_LOCAL_MAIN_EFFECTS,50,0,0.20203050891,0.0285714285714,0.95,-0.0574164353465,0.0574164353465,PASS,EXPLORATORY_SENSITIVITY_NOT_CONFIRMATORY
1.0,TASK3_CAPACITY_RESPONSE_SURFACE_EXPLORATORY_V1,29,28,21,20,time_weighted_mean_total_waiting_queue,JOINT_REDUCTION_MINUS_SUM_OF_LOCAL_MAIN_EFFECTS,50,-0.00759774126173,0.0459304878816,0.00649555188886,0.95,-0.0206510414891,0.00545555896561,PASS,EXPLORATORY_SENSITIVITY_NOT_CONFIRMATORY
1.0,TASK3_CAPACITY_RESPONSE_SURFACE_EXPLORATORY_V1,29,28,21,20,cutoff_backlog,JOINT_REDUCTION_MINUS_SUM_OF_LOCAL_MAIN_EFFECTS,50,-0.02,0.141421356237,0.02,0.95,-0.0601915047426,0.0201915047426,PASS,EXPLORATORY_SENSITIVITY_NOT_CONFIRMATORY
1.0,TASK3_CAPACITY_RESPONSE_SURFACE_EXPLORATORY_V1,29,28,21,20,cohort_clear_time_after_cutoff_seconds,JOINT_REDUCTION_MINUS_SUM_OF_LOCAL_MAIN_EFFECTS,50,-0.0124862669,0.194005382862,0.0274365043616,0.95,-0.0676219866585,0.0426494528585,PASS,EXPLORATORY_SENSITIVITY_NOT_CONFIRMATORY
1.0,TASK3_CAPACITY_RESPONSE_SURFACE_EXPLORATORY_V1,29,28,21,20,security_wait_p95_seconds,JOINT_REDUCTION_MINUS_SUM_OF_LOCAL_MAIN_EFFECTS,50,0,0,0,0.95,0,0,PASS,EXPLORATORY_SENSITIVITY_NOT_CONFIRMATORY
1.0,TASK3_CAPACITY_RESPONSE_SURFACE_EXPLORATORY_V1,29,28,21,20,immigration_wait_p95_seconds,JOINT_REDUCTION_MINUS_SUM_OF_LOCAL_MAIN_EFFECTS,50,-0.0452016569,0.422608156186,0.0597658186048,0.95,-0.165305565995,0.074902252195,PASS,EXPLORATORY_SENSITIVITY_NOT_CONFIRMATORY
1.0,TASK3_CAPACITY_RESPONSE_SURFACE_EXPLORATORY_V1,29,28,20,19,total_queue_wait_p95_seconds,JOINT_REDUCTION_MINUS_SUM_OF_LOCAL_MAIN_EFFECTS,50,-0.01131929078,0.115779862505,0.0163737451805,0.95,-0.0442235636338,0.0215849820738,PASS,EXPLORATORY_SENSITIVITY_NOT_CONFIRMATORY
1.0,TASK3_CAPACITY_RESPONSE_SURFACE_EXPLORATORY_V1,29,28,20,19,total_queue_wait_mean_seconds,JOINT_REDUCTION_MINUS_SUM_OF_LOCAL_MAIN_EFFECTS,50,-0.02021164876,0.058018487449,0.00820505318188,0.95,-0.0367003204536,-0.00372297706637,PASS,EXPLORATORY_SENSITIVITY_NOT_CONFIRMATORY
1.0,TASK3_CAPACITY_RESPONSE_SURFACE_EXPLORATORY_V1,29,28,20,19,peak_total_waiting_queue,JOINT_REDUCTION_MINUS_SUM_OF_LOCAL_MAIN_EFFECTS,50,-0.02,0.246609664309,0.0348758731878,0.95,-0.0900856911315,0.0500856911315,PASS,EXPLORATORY_SENSITIVITY_NOT_CONFIRMATORY
1.0,TASK3_CAPACITY_RESPONSE_SURFACE_EXPLORATORY_V1,29,28,20,19,time_weighted_mean_total_waiting_queue,JOINT_REDUCTION_MINUS_SUM_OF_LOCAL_MAIN_EFFECTS,50,-0.0284636941259,0.0674356536328,0.0095368415955,0.95,-0.0476286948367,-0.00929869341518,PASS,EXPLORATORY_SENSITIVITY_NOT_CONFIRMATORY
1.0,TASK3_CAPACITY_RESPONSE_SURFACE_EXPLORATORY_V1,29,28,20,19,cutoff_backlog,JOINT_REDUCTION_MINUS_SUM_OF_LOCAL_MAIN_EFFECTS,50,-0.1,0.364215679542,0.0515078753638,0.95,-0.203508950848,0.00350895084817,PASS,EXPLORATORY_SENSITIVITY_NOT_CONFIRMATORY
1.0,TASK3_CAPACITY_RESPONSE_SURFACE_EXPLORATORY_V1,29,28,20,19,cohort_clear_time_after_cutoff_seconds,JOINT_REDUCTION_MINUS_SUM_OF_LOCAL_MAIN_EFFECTS,50,0.0602432819,0.337080315939,0.047670355441,0.95,-0.0355538839394,0.156040447739,PASS,EXPLORATORY_SENSITIVITY_NOT_CONFIRMATORY
1.0,TASK3_CAPACITY_RESPONSE_SURFACE_EXPLORATORY_V1,29,28,20,19,security_wait_p95_seconds,JOINT_REDUCTION_MINUS_SUM_OF_LOCAL_MAIN_EFFECTS,50,0,0,0,0.95,0,0,PASS,EXPLORATORY_SENSITIVITY_NOT_CONFIRMATORY
1.0,TASK3_CAPACITY_RESPONSE_SURFACE_EXPLORATORY_V1,29,28,20,19,immigration_wait_p95_seconds,JOINT_REDUCTION_MINUS_SUM_OF_LOCAL_MAIN_EFFECTS,50,-0.09292787284,0.488708285927,0.0691137886002,0.95,-0.231817230955,0.0459614852751,PASS,EXPLORATORY_SENSITIVITY_NOT_CONFIRMATORY
1.0,TASK3_CAPACITY_RESPONSE_SURFACE_EXPLORATORY_V1,29,28,19,18,total_queue_wait_p95_seconds,JOINT_REDUCTION_MINUS_SUM_OF_LOCAL_MAIN_EFFECTS,50,-0.09807757398,0.303185915224,0.0428769633231,0.95,-0.184242057717,-0.0119130902426,PASS,EXPLORATORY_SENSITIVITY_NOT_CONFIRMATORY
1.0,TASK3_CAPACITY_RESPONSE_SURFACE_EXPLORATORY_V1,29,28,19,18,total_queue_wait_mean_seconds,JOINT_REDUCTION_MINUS_SUM_OF_LOCAL_MAIN_EFFECTS,50,-0.09041479084,0.0866923192184,0.0122601453592,0.95,-0.115052475357,-0.0657771063225,PASS,EXPLORATORY_SENSITIVITY_NOT_CONFIRMATORY
1.0,TASK3_CAPACITY_RESPONSE_SURFACE_EXPLORATORY_V1,29,28,19,18,peak_total_waiting_queue,JOINT_REDUCTION_MINUS_SUM_OF_LOCAL_MAIN_EFFECTS,50,-0.12,0.435187034621,0.061544740653,0.95,-0.243678786792,0.00367878679174,PASS,EXPLORATORY_SENSITIVITY_NOT_CONFIRMATORY
1.0,TASK3_CAPACITY_RESPONSE_SURFACE_EXPLORATORY_V1,29,28,19,18,time_weighted_mean_total_waiting_queue,JOINT_REDUCTION_MINUS_SUM_OF_LOCAL_MAIN_EFFECTS,50,-0.115673874074,0.104738317282,0.01481223488,0.95,-0.145440174495,-0.0859075736522,PASS,EXPLORATORY_SENSITIVITY_NOT_CONFIRMATORY
1.0,TASK3_CAPACITY_RESPONSE_SURFACE_EXPLORATORY_V1,29,28,19,18,cutoff_backlog,JOINT_REDUCTION_MINUS_SUM_OF_LOCAL_MAIN_EFFECTS,50,-0.2,0.606091526731,0.0857142857143,0.95,-0.37224930604,-0.0277506939604,PASS,EXPLORATORY_SENSITIVITY_NOT_CONFIRMATORY
1.0,TASK3_CAPACITY_RESPONSE_SURFACE_EXPLORATORY_V1,29,28,19,18,cohort_clear_time_after_cutoff_seconds,JOINT_REDUCTION_MINUS_SUM_OF_LOCAL_MAIN_EFFECTS,50,0.06768932648,0.828996955319,0.117237873738,0.95,-0.167909001437,0.303287654397,PASS,EXPLORATORY_SENSITIVITY_NOT_CONFIRMATORY
1.0,TASK3_CAPACITY_RESPONSE_SURFACE_EXPLORATORY_V1,29,28,19,18,security_wait_p95_seconds,JOINT_REDUCTION_MINUS_SUM_OF_LOCAL_MAIN_EFFECTS,50,0,0,0,0.95,0,0,PASS,EXPLORATORY_SENSITIVITY_NOT_CONFIRMATORY
1.0,TASK3_CAPACITY_RESPONSE_SURFACE_EXPLORATORY_V1,29,28,19,18,immigration_wait_p95_seconds,JOINT_REDUCTION_MINUS_SUM_OF_LOCAL_MAIN_EFFECTS,50,-0.00542554934,0.469448283989,0.066390013005,0.95,-0.138841275468,0.127990176788,PASS,EXPLORATORY_SENSITIVITY_NOT_CONFIRMATORY
1.0,TASK3_CAPACITY_RESPONSE_SURFACE_EXPLORATORY_V1,29,28,18,17,total_queue_wait_p95_seconds,JOINT_REDUCTION_MINUS_SUM_OF_LOCAL_MAIN_EFFECTS,50,-2.87130340032,1.35730451274,0.191951845019,0.95,-3.25704507479,-2.48556172585,PASS,EXPLORATORY_SENSITIVITY_NOT_CONFIRMATORY
1.0,TASK3_CAPACITY_RESPONSE_SURFACE_EXPLORATORY_V1,29,28,18,17,total_queue_wait_mean_seconds,JOINT_REDUCTION_MINUS_SUM_OF_LOCAL_MAIN_EFFECTS,50,-1.52324445006,0.688125080251,0.09731558211,0.95,-1.71880743406,-1.32768146606,PASS,EXPLORATORY_SENSITIVITY_NOT_CONFIRMATORY
1.0,TASK3_CAPACITY_RESPONSE_SURFACE_EXPLORATORY_V1,29,28,18,17,peak_total_waiting_queue,JOINT_REDUCTION_MINUS_SUM_OF_LOCAL_MAIN_EFFECTS,50,-3.12,1.95500404509,0.276479323506,0.95,-3.6756060021,-2.5643939979,PASS,EXPLORATORY_SENSITIVITY_NOT_CONFIRMATORY
1.0,TASK3_CAPACITY_RESPONSE_SURFACE_EXPLORATORY_V1,29,28,18,17,time_weighted_mean_total_waiting_queue,JOINT_REDUCTION_MINUS_SUM_OF_LOCAL_MAIN_EFFECTS,50,-1.55901014766,0.719146442737,0.101702665265,0.95,-1.76338930533,-1.35463099,PASS,EXPLORATORY_SENSITIVITY_NOT_CONFIRMATORY
1.0,TASK3_CAPACITY_RESPONSE_SURFACE_EXPLORATORY_V1,29,28,18,17,cutoff_backlog,JOINT_REDUCTION_MINUS_SUM_OF_LOCAL_MAIN_EFFECTS,50,-4,2.15709555293,0.305059378629,0.95,-4.61303977315,-3.38696022685,PASS,EXPLORATORY_SENSITIVITY_NOT_CONFIRMATORY
1.0,TASK3_CAPACITY_RESPONSE_SURFACE_EXPLORATORY_V1,29,28,18,17,cohort_clear_time_after_cutoff_seconds,JOINT_REDUCTION_MINUS_SUM_OF_LOCAL_MAIN_EFFECTS,50,-3.42693398694,2.05673495063,0.290866246138,0.95,-4.0114515925,-2.84241638138,PASS,EXPLORATORY_SENSITIVITY_NOT_CONFIRMATORY
1.0,TASK3_CAPACITY_RESPONSE_SURFACE_EXPLORATORY_V1,29,28,18,17,security_wait_p95_seconds,JOINT_REDUCTION_MINUS_SUM_OF_LOCAL_MAIN_EFFECTS,50,0,0,0,0.95,0,0,PASS,EXPLORATORY_SENSITIVITY_NOT_CONFIRMATORY
1.0,TASK3_CAPACITY_RESPONSE_SURFACE_EXPLORATORY_V1,29,28,18,17,immigration_wait_p95_seconds,JOINT_REDUCTION_MINUS_SUM_OF_LOCAL_MAIN_EFFECTS,50,-2.22087411374,1.25986197956,0.178171389821,0.95,-2.57892292669,-1.86282530079,PASS,EXPLORATORY_SENSITIVITY_NOT_CONFIRMATORY
1.0,TASK3_CAPACITY_RESPONSE_SURFACE_EXPLORATORY_V1,29,28,17,16,total_queue_wait_p95_seconds,JOINT_REDUCTION_MINUS_SUM_OF_LOCAL_MAIN_EFFECTS,50,-3.79820643292,1.44163143306,0.203877472458,0.95,-4.20791355298,-3.38849931286,PASS,EXPLORATORY_SENSITIVITY_NOT_CONFIRMATORY
1.0,TASK3_CAPACITY_RESPONSE_SURFACE_EXPLORATORY_V1,29,28,17,16,total_queue_wait_mean_seconds,JOINT_REDUCTION_MINUS_SUM_OF_LOCAL_MAIN_EFFECTS,50,-1.95092231328,0.741515483298,0.104866125319,0.95,-2.16165868193,-1.74018594463,PASS,EXPLORATORY_SENSITIVITY_NOT_CONFIRMATORY
1.0,TASK3_CAPACITY_RESPONSE_SURFACE_EXPLORATORY_V1,29,28,17,16,peak_total_waiting_queue,JOINT_REDUCTION_MINUS_SUM_OF_LOCAL_MAIN_EFFECTS,50,-4.08,1.88268154395,0.266251377308,0.95,-4.61505217469,-3.54494782531,PASS,EXPLORATORY_SENSITIVITY_NOT_CONFIRMATORY
1.0,TASK3_CAPACITY_RESPONSE_SURFACE_EXPLORATORY_V1,29,28,17,16,time_weighted_mean_total_waiting_queue,JOINT_REDUCTION_MINUS_SUM_OF_LOCAL_MAIN_EFFECTS,50,-1.91174778447,0.754576921479,0.106713291621,0.95,-2.12619617279,-1.69729939616,PASS,EXPLORATORY_SENSITIVITY_NOT_CONFIRMATORY
1.0,TASK3_CAPACITY_RESPONSE_SURFACE_EXPLORATORY_V1,29,28,17,16,cutoff_backlog,JOINT_REDUCTION_MINUS_SUM_OF_LOCAL_MAIN_EFFECTS,50,-4.1,2.17827866885,0.308055123612,0.95,-4.71905994808,-3.48094005192,PASS,EXPLORATORY_SENSITIVITY_NOT_CONFIRMATORY
1.0,TASK3_CAPACITY_RESPONSE_SURFACE_EXPLORATORY_V1,29,28,17,16,cohort_clear_time_after_cutoff_seconds,JOINT_REDUCTION_MINUS_SUM_OF_LOCAL_MAIN_EFFECTS,50,-4.6577567469,1.67489522542,0.236865954334,0.95,-5.13375670325,-4.18175679055,PASS,EXPLORATORY_SENSITIVITY_NOT_CONFIRMATORY
1.0,TASK3_CAPACITY_RESPONSE_SURFACE_EXPLORATORY_V1,29,28,17,16,security_wait_p95_seconds,JOINT_REDUCTION_MINUS_SUM_OF_LOCAL_MAIN_EFFECTS,50,0,0,0,0.95,0,0,PASS,EXPLORATORY_SENSITIVITY_NOT_CONFIRMATORY
1.0,TASK3_CAPACITY_RESPONSE_SURFACE_EXPLORATORY_V1,29,28,17,16,immigration_wait_p95_seconds,JOINT_REDUCTION_MINUS_SUM_OF_LOCAL_MAIN_EFFECTS,50,-4.9920946595,1.64294160753,0.232347030356,0.95,-5.45901349812,-4.52517582088,PASS,EXPLORATORY_SENSITIVITY_NOT_CONFIRMATORY
