provenance_id,evidence_class,title,organisation_or_authors,publication_date,url,geography,process_boundary,reported_value,reported_unit,permitted_model_use,claim_ceiling
LOCAL_VIDEO_RTL_RATE,MEASURED_LOCAL,Human-adjudicated right-to-left crossing aggregate,Assessment video audit,2026-07-27,,Supplied entrance-area video,Directional crossing at x=640 in upper-corridor ROI,34 crossings in 24.922788889 seconds,travellers/second,Local-window HPP rate anchor only,Describes the accepted short window only
ASSUMP_LOCAL_WINDOW_HPP,TRANSPARENT_ASSUMPTION,Stationary-independent local-window HPP,Project design decision,2026-07-27,,Supplied entrance-area video,Arrival-family mapping,1.364213,travellers/second,Generate a hypothetical stationary arrival stream at the audited short-window rate,Not a long-run or time-of-day demand model
EXT_SECURITY_GAO_ACRP_165PPH,EXTERNAL_EMPIRICAL_BENCHMARK,Airport security lane throughput context,GAO and Airport Cooperative Research Program,2006/2012,https://www.gao.gov/assets/a257263.html,United States airports,Whole security screening lane,165 to 200,passengers/hour/lane,Use a named bound or reciprocal headway sensitivity only,Not an individual Singapore Security service distribution
SG_MHA_BUS_PASSPORT_13S,OFFICIAL_SG_SCENARIO,Average bus-hall clearance using a passport,Ministry of Home Affairs Singapore,2025-11-06,https://www.mha.gov.sg/media-room/newsroom/average-duration-to-process-travellers-at-bus-halls-of-land-checkpoints-using-qr-code-or-passport/,Singapore land-checkpoint bus halls,Reported average clearance process,13,seconds/traveller,Named deterministic context scenario,Not the supplied corridor's measured service distribution
SG_MHA_BUS_QR_10S,OFFICIAL_SG_SCENARIO,Average bus-hall clearance using QR,Ministry of Home Affairs Singapore,2025-11-06,https://www.mha.gov.sg/media-room/newsroom/average-duration-to-process-travellers-at-bus-halls-of-land-checkpoints-using-qr-code-or-passport/,Singapore land-checkpoint bus halls,Reported average clearance process,10,seconds/traveller,Named deterministic context scenario,Not the supplied corridor's measured service distribution
SG_ICA_TRAIN_KIOSK_24S,OFFICIAL_SG_SCENARIO,Woodlands Train self-clearance kiosk transaction,Immigration and Checkpoints Authority,2023-06-14,https://www.ica.gov.sg/news-and-publications/newsroom/media-release/new-immigration-kiosks-at-woodlands-train-checkpoint-increases-automated-clearance-capacity-and-provides-faster-clearance,Singapore Woodlands Train Checkpoint,Reported average kiosk transaction,24,seconds/traveller,Named cross-checkpoint context scenario,Not portable as a local site distribution
SG_ICA_TRAIN_MANUAL_45S,OFFICIAL_SG_SCENARIO,Woodlands Train manual-counter transaction,Immigration and Checkpoints Authority,2023-06-14,https://www.ica.gov.sg/news-and-publications/newsroom/media-release/new-immigration-kiosks-at-woodlands-train-checkpoint-increases-automated-clearance-capacity-and-provides-faster-clearance,Singapore Woodlands Train Checkpoint,Reported average manual-counter transaction,45,seconds/traveller,Named manual-proxy context scenario,Not portable as a local site distribution
SG_HTX_CLEARANCE_M60,OFFICIAL_SG_SCENARIO,Passport-less selected-lane trial clearance-time reduction,HTX Singapore,2024-08-13,https://www.htx.gov.sg/whats-happening/all-news---events/all-news/2024/featured-news--sailing-through-immigration-clearance-without-passports,Singapore Changi Airport selected lanes,Reported overall clearance-time reduction,0.6,remaining-time multiplier,Illustrative mapping to automated traveller service demand,Not a causal or local service multiplier
SG_ICA_CLEARANCE_M40,OFFICIAL_SG_SCENARIO,Full Changi passport-less rollout clearance-time reduction,Immigration and Checkpoints Authority,2024-10-24,https://www.ica.gov.sg/news-and-publications/newsroom/media-release/passport-less-clearance-fully-rolled-out-at-changi-airport,Singapore Changi Airport,Reported average clearance change from 25 to 10 seconds,0.4,remaining-time multiplier,Illustrative mapping to automated traveller service demand,Not a local bus-hall service multiplier
EXT_CBP_SECONDARY_BOUNDARY,EXTERNAL_EMPIRICAL_BENCHMARK,Preclearance primary-to-secondary planning guidance,United States Customs and Border Protection,2014-09,https://www.cbp.gov/sites/default/files/documents/Final%20Preclearance%20Guidance_092014.pdf,United States preclearance at foreign airports,Primary referral and secondary examination,less than 2 percent; 15 to 120 minutes,probability and minutes,External low/high risk-load boundary sensitivity,Not an ICA referral rate duration or staffing model
STRUCT_DORTON_SECONDARY,STRUCTURAL_LITERATURE,Checkpoint DES with alarms and secondary inspection,Dorton and Liu,2016,https://doi.org/10.1002/hfm.20616,Airport security case study,Finite-resource queue network with secondary process,mechanism,not applicable,Support explicit exception workload and sensitivity testing,Does not identify Singapore numerical parameters
STRUCT_TERMINATING_REPLICATIONS,STRUCTURAL_LITERATURE,Statistical analysis of terminating simulation output,Law,2020,https://informs-sim.org/wsc20papers/134.pdf,General simulation methodology,Independent terminating replications,method,not applicable,Support cutoff snapshot full drain and replication-level confidence intervals,Does not calibrate operational inputs
STRUCT_QUEUE_POLICY,STRUCTURAL_LITERATURE,Pooling and dedicated-queue effects,Mandelbaum and Reiman; Cao et al.,1998/2020,https://doi.org/10.1287/mnsc.44.7.971,General queueing networks,Separate versus pooled finite-resource queues,mechanism,not applicable,Support a controlled mechanism comparison,Does not predict which policy wins locally
ASSUMP_FIXED_CONTEXT_MEAN,TRANSPARENT_ASSUMPTION,Fixed-service interpretation of published means,Project design decision,2026-07-27,,Comparative sandbox,Service-time variability,coefficient of variation 0,proportion,Reference cell for the executed mean-preserving service-variability sensitivity,A published mean does not identify a distribution
ASSUMP_SERVICE_CV_GRID,ILLUSTRATIVE_SCENARIO,Mean-preserving lognormal service-time CV grid,Project design decision,2026-07-29,,Comparative sandbox,Security and Immigration service-time shape sensitivity,0.0; 0.5; 1.0,coefficient of variation,Test conditional sensitivity while keeping the registered arithmetic means fixed,Not measured HTX distributions and not calibration forecast or staffing evidence
ASSUMP_REFERENCE_CAPACITY_RULE,TRANSPARENT_ASSUMPTION,Reference capacities selected near 85 percent offered-load utilisation,Project design decision,2026-07-27,,Comparative sandbox,Capacity design rule,ceil(lambda times service mean divided by 0.85),servers,Create an executable and reproducible reference assumption,Not observed staffing or installed capacity
ASSUMP_NONBINDING_QUEUE_5000,TRANSPARENT_ASSUMPTION,Effectively non-binding finite queue buffers,Project design decision,2026-07-27,,Comparative sandbox,Queue buffer,5000,travellers,Avoid silent loss while retaining a finite guard,Not observed physical queue capacity
ASSUMP_HORIZON_300S,TRANSPARENT_ASSUMPTION,Five-minute terminating arrival window,Project design decision,2026-07-27,,Comparative sandbox,Arrival cutoff,300,seconds,Pilot horizon followed by full drain,Not a shift or demand-cycle representation
ASSUMP_DEMAND_080_120,ILLUSTRATIVE_SCENARIO,Low and high demand multipliers,Project design decision,2026-07-27,,Comparative sandbox,Arrival-rate sensitivity,0.8 and 1.2,multiplier,Recommendation-stability sensitivity,Not measured off-peak or peak demand
ASSUMP_AUTOMATION_UPTAKE_050_100,ILLUSTRATIVE_SCENARIO,Effective automation uptake endpoints,Project design decision,2026-07-27,,Comparative sandbox,Eligible successful automated-service mixture,0.5 and 1.0,proportion,Screen technology threshold behaviour,Not observed adoption eligibility or success
ASSUMP_AUTOMATION_DISABLED_REFERENCE,TRANSPARENT_ASSUMPTION,Automation mixture disabled in the reference,Project design decision,2026-07-27,,Comparative sandbox,Technology branch,uptake 0 and identity multiplier,proportion and multiplier,Keep the reference process explicit before technology comparisons,Not a claim about current checkpoint technology
ASSUMP_ZERO_REFERRAL_REFERENCE,TRANSPARENT_ASSUMPTION,Zero referral in the initial reference,Project design decision,2026-07-27,,Comparative sandbox,Additional-check branch,0,proportion,Keep the reference executable while testing risk separately,Not a claim that actual referrals are zero
ASSUMP_PILOT_REPS_10,TRANSPARENT_ASSUMPTION,Ten pilot replications before confirmatory freeze,Project analysis plan,2026-07-27,,Comparative sandbox,Pilot output analysis,10,replications,Estimate variance and test the export pipeline,Not evidence that ten is confirmatory precision
ASSUMP_MASTER_SEED_POLICY,TRANSPARENT_ASSUMPTION,Shared master seed with pairing disabled until alignment passes,Project analysis plan,2026-07-27,,Comparative sandbox,Random-number lineage,2026072800,integer seed,Make pilot runs reproducible and permit later alignment audit,A shared seed alone does not establish CRN
