schema_version,study_id,pairing_group_id,arrival_level_id,input_sample_id,replication_id,scenario_ids,master_seed,arrival_seed,service_seed,routing_seed,tie_seed
1.0,TASK3_SERVICE_VARIABILITY_SENSITIVITY_V1,SV_CRN_BASE_R001,MLE_BASE,LOCAL_WINDOW_HPP_BASE,1,SERVICE_VARIABILITY_SCV000_ICV000|SERVICE_VARIABILITY_SCV000_ICV050|SERVICE_VARIABILITY_SCV000_ICV100|SERVICE_VARIABILITY_SCV050_ICV000|SERVICE_VARIABILITY_SCV050_ICV050|SERVICE_VARIABILITY_SCV050_ICV100|SERVICE_VARIABILITY_SCV100_ICV000|SERVICE_VARIABILITY_SCV100_ICV050|SERVICE_VARIABILITY_SCV100_ICV100,202607290000,202609290011,202609290012,202609290013,202609290014
1.0,TASK3_SERVICE_VARIABILITY_SENSITIVITY_V1,SV_CRN_BASE_R002,MLE_BASE,LOCAL_WINDOW_HPP_BASE,2,SERVICE_VARIABILITY_SCV000_ICV000|SERVICE_VARIABILITY_SCV000_ICV050|SERVICE_VARIABILITY_SCV000_ICV100|SERVICE_VARIABILITY_SCV050_ICV000|SERVICE_VARIABILITY_SCV050_ICV050|SERVICE_VARIABILITY_SCV050_ICV100|SERVICE_VARIABILITY_SCV100_ICV000|SERVICE_VARIABILITY_SCV100_ICV050|SERVICE_VARIABILITY_SCV100_ICV100,202607290000,202609290021,202609290022,202609290023,202609290024
1.0,TASK3_SERVICE_VARIABILITY_SENSITIVITY_V1,SV_CRN_BASE_R003,MLE_BASE,LOCAL_WINDOW_HPP_BASE,3,SERVICE_VARIABILITY_SCV000_ICV000|SERVICE_VARIABILITY_SCV000_ICV050|SERVICE_VARIABILITY_SCV000_ICV100|SERVICE_VARIABILITY_SCV050_ICV000|SERVICE_VARIABILITY_SCV050_ICV050|SERVICE_VARIABILITY_SCV050_ICV100|SERVICE_VARIABILITY_SCV100_ICV000|SERVICE_VARIABILITY_SCV100_ICV050|SERVICE_VARIABILITY_SCV100_ICV100,202607290000,202609290031,202609290032,202609290033,202609290034
1.0,TASK3_SERVICE_VARIABILITY_SENSITIVITY_V1,SV_CRN_BASE_R004,MLE_BASE,LOCAL_WINDOW_HPP_BASE,4,SERVICE_VARIABILITY_SCV000_ICV000|SERVICE_VARIABILITY_SCV000_ICV050|SERVICE_VARIABILITY_SCV000_ICV100|SERVICE_VARIABILITY_SCV050_ICV000|SERVICE_VARIABILITY_SCV050_ICV050|SERVICE_VARIABILITY_SCV050_ICV100|SERVICE_VARIABILITY_SCV100_ICV000|SERVICE_VARIABILITY_SCV100_ICV050|SERVICE_VARIABILITY_SCV100_ICV100,202607290000,202609290041,202609290042,202609290043,202609290044
1.0,TASK3_SERVICE_VARIABILITY_SENSITIVITY_V1,SV_CRN_BASE_R005,MLE_BASE,LOCAL_WINDOW_HPP_BASE,5,SERVICE_VARIABILITY_SCV000_ICV000|SERVICE_VARIABILITY_SCV000_ICV050|SERVICE_VARIABILITY_SCV000_ICV100|SERVICE_VARIABILITY_SCV050_ICV000|SERVICE_VARIABILITY_SCV050_ICV050|SERVICE_VARIABILITY_SCV050_ICV100|SERVICE_VARIABILITY_SCV100_ICV000|SERVICE_VARIABILITY_SCV100_ICV050|SERVICE_VARIABILITY_SCV100_ICV100,202607290000,202609290051,202609290052,202609290053,202609290054
1.0,TASK3_SERVICE_VARIABILITY_SENSITIVITY_V1,SV_CRN_BASE_R006,MLE_BASE,LOCAL_WINDOW_HPP_BASE,6,SERVICE_VARIABILITY_SCV000_ICV000|SERVICE_VARIABILITY_SCV000_ICV050|SERVICE_VARIABILITY_SCV000_ICV100|SERVICE_VARIABILITY_SCV050_ICV000|SERVICE_VARIABILITY_SCV050_ICV050|SERVICE_VARIABILITY_SCV050_ICV100|SERVICE_VARIABILITY_SCV100_ICV000|SERVICE_VARIABILITY_SCV100_ICV050|SERVICE_VARIABILITY_SCV100_ICV100,202607290000,202609290061,202609290062,202609290063,202609290064
1.0,TASK3_SERVICE_VARIABILITY_SENSITIVITY_V1,SV_CRN_BASE_R007,MLE_BASE,LOCAL_WINDOW_HPP_BASE,7,SERVICE_VARIABILITY_SCV000_ICV000|SERVICE_VARIABILITY_SCV000_ICV050|SERVICE_VARIABILITY_SCV000_ICV100|SERVICE_VARIABILITY_SCV050_ICV000|SERVICE_VARIABILITY_SCV050_ICV050|SERVICE_VARIABILITY_SCV050_ICV100|SERVICE_VARIABILITY_SCV100_ICV000|SERVICE_VARIABILITY_SCV100_ICV050|SERVICE_VARIABILITY_SCV100_ICV100,202607290000,202609290071,202609290072,202609290073,202609290074
1.0,TASK3_SERVICE_VARIABILITY_SENSITIVITY_V1,SV_CRN_BASE_R008,MLE_BASE,LOCAL_WINDOW_HPP_BASE,8,SERVICE_VARIABILITY_SCV000_ICV000|SERVICE_VARIABILITY_SCV000_ICV050|SERVICE_VARIABILITY_SCV000_ICV100|SERVICE_VARIABILITY_SCV050_ICV000|SERVICE_VARIABILITY_SCV050_ICV050|SERVICE_VARIABILITY_SCV050_ICV100|SERVICE_VARIABILITY_SCV100_ICV000|SERVICE_VARIABILITY_SCV100_ICV050|SERVICE_VARIABILITY_SCV100_ICV100,202607290000,202609290081,202609290082,202609290083,202609290084
1.0,TASK3_SERVICE_VARIABILITY_SENSITIVITY_V1,SV_CRN_BASE_R009,MLE_BASE,LOCAL_WINDOW_HPP_BASE,9,SERVICE_VARIABILITY_SCV000_ICV000|SERVICE_VARIABILITY_SCV000_ICV050|SERVICE_VARIABILITY_SCV000_ICV100|SERVICE_VARIABILITY_SCV050_ICV000|SERVICE_VARIABILITY_SCV050_ICV050|SERVICE_VARIABILITY_SCV050_ICV100|SERVICE_VARIABILITY_SCV100_ICV000|SERVICE_VARIABILITY_SCV100_ICV050|SERVICE_VARIABILITY_SCV100_ICV100,202607290000,202609290091,202609290092,202609290093,202609290094
1.0,TASK3_SERVICE_VARIABILITY_SENSITIVITY_V1,SV_CRN_BASE_R010,MLE_BASE,LOCAL_WINDOW_HPP_BASE,10,SERVICE_VARIABILITY_SCV000_ICV000|SERVICE_VARIABILITY_SCV000_ICV050|SERVICE_VARIABILITY_SCV000_ICV100|SERVICE_VARIABILITY_SCV050_ICV000|SERVICE_VARIABILITY_SCV050_ICV050|SERVICE_VARIABILITY_SCV050_ICV100|SERVICE_VARIABILITY_SCV100_ICV000|SERVICE_VARIABILITY_SCV100_ICV050|SERVICE_VARIABILITY_SCV100_ICV100,202607290000,202609290101,202609290102,202609290103,202609290104
1.0,TASK3_SERVICE_VARIABILITY_SENSITIVITY_V1,SV_CRN_BASE_R011,MLE_BASE,LOCAL_WINDOW_HPP_BASE,11,SERVICE_VARIABILITY_SCV000_ICV000|SERVICE_VARIABILITY_SCV000_ICV050|SERVICE_VARIABILITY_SCV000_ICV100|SERVICE_VARIABILITY_SCV050_ICV000|SERVICE_VARIABILITY_SCV050_ICV050|SERVICE_VARIABILITY_SCV050_ICV100|SERVICE_VARIABILITY_SCV100_ICV000|SERVICE_VARIABILITY_SCV100_ICV050|SERVICE_VARIABILITY_SCV100_ICV100,202607290000,202609290111,202609290112,202609290113,202609290114
1.0,TASK3_SERVICE_VARIABILITY_SENSITIVITY_V1,SV_CRN_BASE_R012,MLE_BASE,LOCAL_WINDOW_HPP_BASE,12,SERVICE_VARIABILITY_SCV000_ICV000|SERVICE_VARIABILITY_SCV000_ICV050|SERVICE_VARIABILITY_SCV000_ICV100|SERVICE_VARIABILITY_SCV050_ICV000|SERVICE_VARIABILITY_SCV050_ICV050|SERVICE_VARIABILITY_SCV050_ICV100|SERVICE_VARIABILITY_SCV100_ICV000|SERVICE_VARIABILITY_SCV100_ICV050|SERVICE_VARIABILITY_SCV100_ICV100,202607290000,202609290121,202609290122,202609290123,202609290124
1.0,TASK3_SERVICE_VARIABILITY_SENSITIVITY_V1,SV_CRN_BASE_R013,MLE_BASE,LOCAL_WINDOW_HPP_BASE,13,SERVICE_VARIABILITY_SCV000_ICV000|SERVICE_VARIABILITY_SCV000_ICV050|SERVICE_VARIABILITY_SCV000_ICV100|SERVICE_VARIABILITY_SCV050_ICV000|SERVICE_VARIABILITY_SCV050_ICV050|SERVICE_VARIABILITY_SCV050_ICV100|SERVICE_VARIABILITY_SCV100_ICV000|SERVICE_VARIABILITY_SCV100_ICV050|SERVICE_VARIABILITY_SCV100_ICV100,202607290000,202609290131,202609290132,202609290133,202609290134
1.0,TASK3_SERVICE_VARIABILITY_SENSITIVITY_V1,SV_CRN_BASE_R014,MLE_BASE,LOCAL_WINDOW_HPP_BASE,14,SERVICE_VARIABILITY_SCV000_ICV000|SERVICE_VARIABILITY_SCV000_ICV050|SERVICE_VARIABILITY_SCV000_ICV100|SERVICE_VARIABILITY_SCV050_ICV000|SERVICE_VARIABILITY_SCV050_ICV050|SERVICE_VARIABILITY_SCV050_ICV100|SERVICE_VARIABILITY_SCV100_ICV000|SERVICE_VARIABILITY_SCV100_ICV050|SERVICE_VARIABILITY_SCV100_ICV100,202607290000,202609290141,202609290142,202609290143,202609290144
1.0,TASK3_SERVICE_VARIABILITY_SENSITIVITY_V1,SV_CRN_BASE_R015,MLE_BASE,LOCAL_WINDOW_HPP_BASE,15,SERVICE_VARIABILITY_SCV000_ICV000|SERVICE_VARIABILITY_SCV000_ICV050|SERVICE_VARIABILITY_SCV000_ICV100|SERVICE_VARIABILITY_SCV050_ICV000|SERVICE_VARIABILITY_SCV050_ICV050|SERVICE_VARIABILITY_SCV050_ICV100|SERVICE_VARIABILITY_SCV100_ICV000|SERVICE_VARIABILITY_SCV100_ICV050|SERVICE_VARIABILITY_SCV100_ICV100,202607290000,202609290151,202609290152,202609290153,202609290154
1.0,TASK3_SERVICE_VARIABILITY_SENSITIVITY_V1,SV_CRN_BASE_R016,MLE_BASE,LOCAL_WINDOW_HPP_BASE,16,SERVICE_VARIABILITY_SCV000_ICV000|SERVICE_VARIABILITY_SCV000_ICV050|SERVICE_VARIABILITY_SCV000_ICV100|SERVICE_VARIABILITY_SCV050_ICV000|SERVICE_VARIABILITY_SCV050_ICV050|SERVICE_VARIABILITY_SCV050_ICV100|SERVICE_VARIABILITY_SCV100_ICV000|SERVICE_VARIABILITY_SCV100_ICV050|SERVICE_VARIABILITY_SCV100_ICV100,202607290000,202609290161,202609290162,202609290163,202609290164
1.0,TASK3_SERVICE_VARIABILITY_SENSITIVITY_V1,SV_CRN_BASE_R017,MLE_BASE,LOCAL_WINDOW_HPP_BASE,17,SERVICE_VARIABILITY_SCV000_ICV000|SERVICE_VARIABILITY_SCV000_ICV050|SERVICE_VARIABILITY_SCV000_ICV100|SERVICE_VARIABILITY_SCV050_ICV000|SERVICE_VARIABILITY_SCV050_ICV050|SERVICE_VARIABILITY_SCV050_ICV100|SERVICE_VARIABILITY_SCV100_ICV000|SERVICE_VARIABILITY_SCV100_ICV050|SERVICE_VARIABILITY_SCV100_ICV100,202607290000,202609290171,202609290172,202609290173,202609290174
1.0,TASK3_SERVICE_VARIABILITY_SENSITIVITY_V1,SV_CRN_BASE_R018,MLE_BASE,LOCAL_WINDOW_HPP_BASE,18,SERVICE_VARIABILITY_SCV000_ICV000|SERVICE_VARIABILITY_SCV000_ICV050|SERVICE_VARIABILITY_SCV000_ICV100|SERVICE_VARIABILITY_SCV050_ICV000|SERVICE_VARIABILITY_SCV050_ICV050|SERVICE_VARIABILITY_SCV050_ICV100|SERVICE_VARIABILITY_SCV100_ICV000|SERVICE_VARIABILITY_SCV100_ICV050|SERVICE_VARIABILITY_SCV100_ICV100,202607290000,202609290181,202609290182,202609290183,202609290184
1.0,TASK3_SERVICE_VARIABILITY_SENSITIVITY_V1,SV_CRN_BASE_R019,MLE_BASE,LOCAL_WINDOW_HPP_BASE,19,SERVICE_VARIABILITY_SCV000_ICV000|SERVICE_VARIABILITY_SCV000_ICV050|SERVICE_VARIABILITY_SCV000_ICV100|SERVICE_VARIABILITY_SCV050_ICV000|SERVICE_VARIABILITY_SCV050_ICV050|SERVICE_VARIABILITY_SCV050_ICV100|SERVICE_VARIABILITY_SCV100_ICV000|SERVICE_VARIABILITY_SCV100_ICV050|SERVICE_VARIABILITY_SCV100_ICV100,202607290000,202609290191,202609290192,202609290193,202609290194
1.0,TASK3_SERVICE_VARIABILITY_SENSITIVITY_V1,SV_CRN_BASE_R020,MLE_BASE,LOCAL_WINDOW_HPP_BASE,20,SERVICE_VARIABILITY_SCV000_ICV000|SERVICE_VARIABILITY_SCV000_ICV050|SERVICE_VARIABILITY_SCV000_ICV100|SERVICE_VARIABILITY_SCV050_ICV000|SERVICE_VARIABILITY_SCV050_ICV050|SERVICE_VARIABILITY_SCV050_ICV100|SERVICE_VARIABILITY_SCV100_ICV000|SERVICE_VARIABILITY_SCV100_ICV050|SERVICE_VARIABILITY_SCV100_ICV100,202607290000,202609290201,202609290202,202609290203,202609290204
1.0,TASK3_SERVICE_VARIABILITY_SENSITIVITY_V1,SV_CRN_BASE_R021,MLE_BASE,LOCAL_WINDOW_HPP_BASE,21,SERVICE_VARIABILITY_SCV000_ICV000|SERVICE_VARIABILITY_SCV000_ICV050|SERVICE_VARIABILITY_SCV000_ICV100|SERVICE_VARIABILITY_SCV050_ICV000|SERVICE_VARIABILITY_SCV050_ICV050|SERVICE_VARIABILITY_SCV050_ICV100|SERVICE_VARIABILITY_SCV100_ICV000|SERVICE_VARIABILITY_SCV100_ICV050|SERVICE_VARIABILITY_SCV100_ICV100,202607290000,202609290211,202609290212,202609290213,202609290214
1.0,TASK3_SERVICE_VARIABILITY_SENSITIVITY_V1,SV_CRN_BASE_R022,MLE_BASE,LOCAL_WINDOW_HPP_BASE,22,SERVICE_VARIABILITY_SCV000_ICV000|SERVICE_VARIABILITY_SCV000_ICV050|SERVICE_VARIABILITY_SCV000_ICV100|SERVICE_VARIABILITY_SCV050_ICV000|SERVICE_VARIABILITY_SCV050_ICV050|SERVICE_VARIABILITY_SCV050_ICV100|SERVICE_VARIABILITY_SCV100_ICV000|SERVICE_VARIABILITY_SCV100_ICV050|SERVICE_VARIABILITY_SCV100_ICV100,202607290000,202609290221,202609290222,202609290223,202609290224
1.0,TASK3_SERVICE_VARIABILITY_SENSITIVITY_V1,SV_CRN_BASE_R023,MLE_BASE,LOCAL_WINDOW_HPP_BASE,23,SERVICE_VARIABILITY_SCV000_ICV000|SERVICE_VARIABILITY_SCV000_ICV050|SERVICE_VARIABILITY_SCV000_ICV100|SERVICE_VARIABILITY_SCV050_ICV000|SERVICE_VARIABILITY_SCV050_ICV050|SERVICE_VARIABILITY_SCV050_ICV100|SERVICE_VARIABILITY_SCV100_ICV000|SERVICE_VARIABILITY_SCV100_ICV050|SERVICE_VARIABILITY_SCV100_ICV100,202607290000,202609290231,202609290232,202609290233,202609290234
1.0,TASK3_SERVICE_VARIABILITY_SENSITIVITY_V1,SV_CRN_BASE_R024,MLE_BASE,LOCAL_WINDOW_HPP_BASE,24,SERVICE_VARIABILITY_SCV000_ICV000|SERVICE_VARIABILITY_SCV000_ICV050|SERVICE_VARIABILITY_SCV000_ICV100|SERVICE_VARIABILITY_SCV050_ICV000|SERVICE_VARIABILITY_SCV050_ICV050|SERVICE_VARIABILITY_SCV050_ICV100|SERVICE_VARIABILITY_SCV100_ICV000|SERVICE_VARIABILITY_SCV100_ICV050|SERVICE_VARIABILITY_SCV100_ICV100,202607290000,202609290241,202609290242,202609290243,202609290244
1.0,TASK3_SERVICE_VARIABILITY_SENSITIVITY_V1,SV_CRN_BASE_R025,MLE_BASE,LOCAL_WINDOW_HPP_BASE,25,SERVICE_VARIABILITY_SCV000_ICV000|SERVICE_VARIABILITY_SCV000_ICV050|SERVICE_VARIABILITY_SCV000_ICV100|SERVICE_VARIABILITY_SCV050_ICV000|SERVICE_VARIABILITY_SCV050_ICV050|SERVICE_VARIABILITY_SCV050_ICV100|SERVICE_VARIABILITY_SCV100_ICV000|SERVICE_VARIABILITY_SCV100_ICV050|SERVICE_VARIABILITY_SCV100_ICV100,202607290000,202609290251,202609290252,202609290253,202609290254
1.0,TASK3_SERVICE_VARIABILITY_SENSITIVITY_V1,SV_CRN_BASE_R026,MLE_BASE,LOCAL_WINDOW_HPP_BASE,26,SERVICE_VARIABILITY_SCV000_ICV000|SERVICE_VARIABILITY_SCV000_ICV050|SERVICE_VARIABILITY_SCV000_ICV100|SERVICE_VARIABILITY_SCV050_ICV000|SERVICE_VARIABILITY_SCV050_ICV050|SERVICE_VARIABILITY_SCV050_ICV100|SERVICE_VARIABILITY_SCV100_ICV000|SERVICE_VARIABILITY_SCV100_ICV050|SERVICE_VARIABILITY_SCV100_ICV100,202607290000,202609290261,202609290262,202609290263,202609290264
1.0,TASK3_SERVICE_VARIABILITY_SENSITIVITY_V1,SV_CRN_BASE_R027,MLE_BASE,LOCAL_WINDOW_HPP_BASE,27,SERVICE_VARIABILITY_SCV000_ICV000|SERVICE_VARIABILITY_SCV000_ICV050|SERVICE_VARIABILITY_SCV000_ICV100|SERVICE_VARIABILITY_SCV050_ICV000|SERVICE_VARIABILITY_SCV050_ICV050|SERVICE_VARIABILITY_SCV050_ICV100|SERVICE_VARIABILITY_SCV100_ICV000|SERVICE_VARIABILITY_SCV100_ICV050|SERVICE_VARIABILITY_SCV100_ICV100,202607290000,202609290271,202609290272,202609290273,202609290274
1.0,TASK3_SERVICE_VARIABILITY_SENSITIVITY_V1,SV_CRN_BASE_R028,MLE_BASE,LOCAL_WINDOW_HPP_BASE,28,SERVICE_VARIABILITY_SCV000_ICV000|SERVICE_VARIABILITY_SCV000_ICV050|SERVICE_VARIABILITY_SCV000_ICV100|SERVICE_VARIABILITY_SCV050_ICV000|SERVICE_VARIABILITY_SCV050_ICV050|SERVICE_VARIABILITY_SCV050_ICV100|SERVICE_VARIABILITY_SCV100_ICV000|SERVICE_VARIABILITY_SCV100_ICV050|SERVICE_VARIABILITY_SCV100_ICV100,202607290000,202609290281,202609290282,202609290283,202609290284
1.0,TASK3_SERVICE_VARIABILITY_SENSITIVITY_V1,SV_CRN_BASE_R029,MLE_BASE,LOCAL_WINDOW_HPP_BASE,29,SERVICE_VARIABILITY_SCV000_ICV000|SERVICE_VARIABILITY_SCV000_ICV050|SERVICE_VARIABILITY_SCV000_ICV100|SERVICE_VARIABILITY_SCV050_ICV000|SERVICE_VARIABILITY_SCV050_ICV050|SERVICE_VARIABILITY_SCV050_ICV100|SERVICE_VARIABILITY_SCV100_ICV000|SERVICE_VARIABILITY_SCV100_ICV050|SERVICE_VARIABILITY_SCV100_ICV100,202607290000,202609290291,202609290292,202609290293,202609290294
1.0,TASK3_SERVICE_VARIABILITY_SENSITIVITY_V1,SV_CRN_BASE_R030,MLE_BASE,LOCAL_WINDOW_HPP_BASE,30,SERVICE_VARIABILITY_SCV000_ICV000|SERVICE_VARIABILITY_SCV000_ICV050|SERVICE_VARIABILITY_SCV000_ICV100|SERVICE_VARIABILITY_SCV050_ICV000|SERVICE_VARIABILITY_SCV050_ICV050|SERVICE_VARIABILITY_SCV050_ICV100|SERVICE_VARIABILITY_SCV100_ICV000|SERVICE_VARIABILITY_SCV100_ICV050|SERVICE_VARIABILITY_SCV100_ICV100,202607290000,202609290301,202609290302,202609290303,202609290304
1.0,TASK3_SERVICE_VARIABILITY_SENSITIVITY_V1,SV_CRN_BASE_R031,MLE_BASE,LOCAL_WINDOW_HPP_BASE,31,SERVICE_VARIABILITY_SCV000_ICV000|SERVICE_VARIABILITY_SCV000_ICV050|SERVICE_VARIABILITY_SCV000_ICV100|SERVICE_VARIABILITY_SCV050_ICV000|SERVICE_VARIABILITY_SCV050_ICV050|SERVICE_VARIABILITY_SCV050_ICV100|SERVICE_VARIABILITY_SCV100_ICV000|SERVICE_VARIABILITY_SCV100_ICV050|SERVICE_VARIABILITY_SCV100_ICV100,202607290000,202609290311,202609290312,202609290313,202609290314
1.0,TASK3_SERVICE_VARIABILITY_SENSITIVITY_V1,SV_CRN_BASE_R032,MLE_BASE,LOCAL_WINDOW_HPP_BASE,32,SERVICE_VARIABILITY_SCV000_ICV000|SERVICE_VARIABILITY_SCV000_ICV050|SERVICE_VARIABILITY_SCV000_ICV100|SERVICE_VARIABILITY_SCV050_ICV000|SERVICE_VARIABILITY_SCV050_ICV050|SERVICE_VARIABILITY_SCV050_ICV100|SERVICE_VARIABILITY_SCV100_ICV000|SERVICE_VARIABILITY_SCV100_ICV050|SERVICE_VARIABILITY_SCV100_ICV100,202607290000,202609290321,202609290322,202609290323,202609290324
1.0,TASK3_SERVICE_VARIABILITY_SENSITIVITY_V1,SV_CRN_BASE_R033,MLE_BASE,LOCAL_WINDOW_HPP_BASE,33,SERVICE_VARIABILITY_SCV000_ICV000|SERVICE_VARIABILITY_SCV000_ICV050|SERVICE_VARIABILITY_SCV000_ICV100|SERVICE_VARIABILITY_SCV050_ICV000|SERVICE_VARIABILITY_SCV050_ICV050|SERVICE_VARIABILITY_SCV050_ICV100|SERVICE_VARIABILITY_SCV100_ICV000|SERVICE_VARIABILITY_SCV100_ICV050|SERVICE_VARIABILITY_SCV100_ICV100,202607290000,202609290331,202609290332,202609290333,202609290334
1.0,TASK3_SERVICE_VARIABILITY_SENSITIVITY_V1,SV_CRN_BASE_R034,MLE_BASE,LOCAL_WINDOW_HPP_BASE,34,SERVICE_VARIABILITY_SCV000_ICV000|SERVICE_VARIABILITY_SCV000_ICV050|SERVICE_VARIABILITY_SCV000_ICV100|SERVICE_VARIABILITY_SCV050_ICV000|SERVICE_VARIABILITY_SCV050_ICV050|SERVICE_VARIABILITY_SCV050_ICV100|SERVICE_VARIABILITY_SCV100_ICV000|SERVICE_VARIABILITY_SCV100_ICV050|SERVICE_VARIABILITY_SCV100_ICV100,202607290000,202609290341,202609290342,202609290343,202609290344
1.0,TASK3_SERVICE_VARIABILITY_SENSITIVITY_V1,SV_CRN_BASE_R035,MLE_BASE,LOCAL_WINDOW_HPP_BASE,35,SERVICE_VARIABILITY_SCV000_ICV000|SERVICE_VARIABILITY_SCV000_ICV050|SERVICE_VARIABILITY_SCV000_ICV100|SERVICE_VARIABILITY_SCV050_ICV000|SERVICE_VARIABILITY_SCV050_ICV050|SERVICE_VARIABILITY_SCV050_ICV100|SERVICE_VARIABILITY_SCV100_ICV000|SERVICE_VARIABILITY_SCV100_ICV050|SERVICE_VARIABILITY_SCV100_ICV100,202607290000,202609290351,202609290352,202609290353,202609290354
1.0,TASK3_SERVICE_VARIABILITY_SENSITIVITY_V1,SV_CRN_BASE_R036,MLE_BASE,LOCAL_WINDOW_HPP_BASE,36,SERVICE_VARIABILITY_SCV000_ICV000|SERVICE_VARIABILITY_SCV000_ICV050|SERVICE_VARIABILITY_SCV000_ICV100|SERVICE_VARIABILITY_SCV050_ICV000|SERVICE_VARIABILITY_SCV050_ICV050|SERVICE_VARIABILITY_SCV050_ICV100|SERVICE_VARIABILITY_SCV100_ICV000|SERVICE_VARIABILITY_SCV100_ICV050|SERVICE_VARIABILITY_SCV100_ICV100,202607290000,202609290361,202609290362,202609290363,202609290364
1.0,TASK3_SERVICE_VARIABILITY_SENSITIVITY_V1,SV_CRN_BASE_R037,MLE_BASE,LOCAL_WINDOW_HPP_BASE,37,SERVICE_VARIABILITY_SCV000_ICV000|SERVICE_VARIABILITY_SCV000_ICV050|SERVICE_VARIABILITY_SCV000_ICV100|SERVICE_VARIABILITY_SCV050_ICV000|SERVICE_VARIABILITY_SCV050_ICV050|SERVICE_VARIABILITY_SCV050_ICV100|SERVICE_VARIABILITY_SCV100_ICV000|SERVICE_VARIABILITY_SCV100_ICV050|SERVICE_VARIABILITY_SCV100_ICV100,202607290000,202609290371,202609290372,202609290373,202609290374
1.0,TASK3_SERVICE_VARIABILITY_SENSITIVITY_V1,SV_CRN_BASE_R038,MLE_BASE,LOCAL_WINDOW_HPP_BASE,38,SERVICE_VARIABILITY_SCV000_ICV000|SERVICE_VARIABILITY_SCV000_ICV050|SERVICE_VARIABILITY_SCV000_ICV100|SERVICE_VARIABILITY_SCV050_ICV000|SERVICE_VARIABILITY_SCV050_ICV050|SERVICE_VARIABILITY_SCV050_ICV100|SERVICE_VARIABILITY_SCV100_ICV000|SERVICE_VARIABILITY_SCV100_ICV050|SERVICE_VARIABILITY_SCV100_ICV100,202607290000,202609290381,202609290382,202609290383,202609290384
1.0,TASK3_SERVICE_VARIABILITY_SENSITIVITY_V1,SV_CRN_BASE_R039,MLE_BASE,LOCAL_WINDOW_HPP_BASE,39,SERVICE_VARIABILITY_SCV000_ICV000|SERVICE_VARIABILITY_SCV000_ICV050|SERVICE_VARIABILITY_SCV000_ICV100|SERVICE_VARIABILITY_SCV050_ICV000|SERVICE_VARIABILITY_SCV050_ICV050|SERVICE_VARIABILITY_SCV050_ICV100|SERVICE_VARIABILITY_SCV100_ICV000|SERVICE_VARIABILITY_SCV100_ICV050|SERVICE_VARIABILITY_SCV100_ICV100,202607290000,202609290391,202609290392,202609290393,202609290394
1.0,TASK3_SERVICE_VARIABILITY_SENSITIVITY_V1,SV_CRN_BASE_R040,MLE_BASE,LOCAL_WINDOW_HPP_BASE,40,SERVICE_VARIABILITY_SCV000_ICV000|SERVICE_VARIABILITY_SCV000_ICV050|SERVICE_VARIABILITY_SCV000_ICV100|SERVICE_VARIABILITY_SCV050_ICV000|SERVICE_VARIABILITY_SCV050_ICV050|SERVICE_VARIABILITY_SCV050_ICV100|SERVICE_VARIABILITY_SCV100_ICV000|SERVICE_VARIABILITY_SCV100_ICV050|SERVICE_VARIABILITY_SCV100_ICV100,202607290000,202609290401,202609290402,202609290403,202609290404
1.0,TASK3_SERVICE_VARIABILITY_SENSITIVITY_V1,SV_CRN_BASE_R041,MLE_BASE,LOCAL_WINDOW_HPP_BASE,41,SERVICE_VARIABILITY_SCV000_ICV000|SERVICE_VARIABILITY_SCV000_ICV050|SERVICE_VARIABILITY_SCV000_ICV100|SERVICE_VARIABILITY_SCV050_ICV000|SERVICE_VARIABILITY_SCV050_ICV050|SERVICE_VARIABILITY_SCV050_ICV100|SERVICE_VARIABILITY_SCV100_ICV000|SERVICE_VARIABILITY_SCV100_ICV050|SERVICE_VARIABILITY_SCV100_ICV100,202607290000,202609290411,202609290412,202609290413,202609290414
1.0,TASK3_SERVICE_VARIABILITY_SENSITIVITY_V1,SV_CRN_BASE_R042,MLE_BASE,LOCAL_WINDOW_HPP_BASE,42,SERVICE_VARIABILITY_SCV000_ICV000|SERVICE_VARIABILITY_SCV000_ICV050|SERVICE_VARIABILITY_SCV000_ICV100|SERVICE_VARIABILITY_SCV050_ICV000|SERVICE_VARIABILITY_SCV050_ICV050|SERVICE_VARIABILITY_SCV050_ICV100|SERVICE_VARIABILITY_SCV100_ICV000|SERVICE_VARIABILITY_SCV100_ICV050|SERVICE_VARIABILITY_SCV100_ICV100,202607290000,202609290421,202609290422,202609290423,202609290424
1.0,TASK3_SERVICE_VARIABILITY_SENSITIVITY_V1,SV_CRN_BASE_R043,MLE_BASE,LOCAL_WINDOW_HPP_BASE,43,SERVICE_VARIABILITY_SCV000_ICV000|SERVICE_VARIABILITY_SCV000_ICV050|SERVICE_VARIABILITY_SCV000_ICV100|SERVICE_VARIABILITY_SCV050_ICV000|SERVICE_VARIABILITY_SCV050_ICV050|SERVICE_VARIABILITY_SCV050_ICV100|SERVICE_VARIABILITY_SCV100_ICV000|SERVICE_VARIABILITY_SCV100_ICV050|SERVICE_VARIABILITY_SCV100_ICV100,202607290000,202609290431,202609290432,202609290433,202609290434
1.0,TASK3_SERVICE_VARIABILITY_SENSITIVITY_V1,SV_CRN_BASE_R044,MLE_BASE,LOCAL_WINDOW_HPP_BASE,44,SERVICE_VARIABILITY_SCV000_ICV000|SERVICE_VARIABILITY_SCV000_ICV050|SERVICE_VARIABILITY_SCV000_ICV100|SERVICE_VARIABILITY_SCV050_ICV000|SERVICE_VARIABILITY_SCV050_ICV050|SERVICE_VARIABILITY_SCV050_ICV100|SERVICE_VARIABILITY_SCV100_ICV000|SERVICE_VARIABILITY_SCV100_ICV050|SERVICE_VARIABILITY_SCV100_ICV100,202607290000,202609290441,202609290442,202609290443,202609290444
1.0,TASK3_SERVICE_VARIABILITY_SENSITIVITY_V1,SV_CRN_BASE_R045,MLE_BASE,LOCAL_WINDOW_HPP_BASE,45,SERVICE_VARIABILITY_SCV000_ICV000|SERVICE_VARIABILITY_SCV000_ICV050|SERVICE_VARIABILITY_SCV000_ICV100|SERVICE_VARIABILITY_SCV050_ICV000|SERVICE_VARIABILITY_SCV050_ICV050|SERVICE_VARIABILITY_SCV050_ICV100|SERVICE_VARIABILITY_SCV100_ICV000|SERVICE_VARIABILITY_SCV100_ICV050|SERVICE_VARIABILITY_SCV100_ICV100,202607290000,202609290451,202609290452,202609290453,202609290454
1.0,TASK3_SERVICE_VARIABILITY_SENSITIVITY_V1,SV_CRN_BASE_R046,MLE_BASE,LOCAL_WINDOW_HPP_BASE,46,SERVICE_VARIABILITY_SCV000_ICV000|SERVICE_VARIABILITY_SCV000_ICV050|SERVICE_VARIABILITY_SCV000_ICV100|SERVICE_VARIABILITY_SCV050_ICV000|SERVICE_VARIABILITY_SCV050_ICV050|SERVICE_VARIABILITY_SCV050_ICV100|SERVICE_VARIABILITY_SCV100_ICV000|SERVICE_VARIABILITY_SCV100_ICV050|SERVICE_VARIABILITY_SCV100_ICV100,202607290000,202609290461,202609290462,202609290463,202609290464
1.0,TASK3_SERVICE_VARIABILITY_SENSITIVITY_V1,SV_CRN_BASE_R047,MLE_BASE,LOCAL_WINDOW_HPP_BASE,47,SERVICE_VARIABILITY_SCV000_ICV000|SERVICE_VARIABILITY_SCV000_ICV050|SERVICE_VARIABILITY_SCV000_ICV100|SERVICE_VARIABILITY_SCV050_ICV000|SERVICE_VARIABILITY_SCV050_ICV050|SERVICE_VARIABILITY_SCV050_ICV100|SERVICE_VARIABILITY_SCV100_ICV000|SERVICE_VARIABILITY_SCV100_ICV050|SERVICE_VARIABILITY_SCV100_ICV100,202607290000,202609290471,202609290472,202609290473,202609290474
1.0,TASK3_SERVICE_VARIABILITY_SENSITIVITY_V1,SV_CRN_BASE_R048,MLE_BASE,LOCAL_WINDOW_HPP_BASE,48,SERVICE_VARIABILITY_SCV000_ICV000|SERVICE_VARIABILITY_SCV000_ICV050|SERVICE_VARIABILITY_SCV000_ICV100|SERVICE_VARIABILITY_SCV050_ICV000|SERVICE_VARIABILITY_SCV050_ICV050|SERVICE_VARIABILITY_SCV050_ICV100|SERVICE_VARIABILITY_SCV100_ICV000|SERVICE_VARIABILITY_SCV100_ICV050|SERVICE_VARIABILITY_SCV100_ICV100,202607290000,202609290481,202609290482,202609290483,202609290484
1.0,TASK3_SERVICE_VARIABILITY_SENSITIVITY_V1,SV_CRN_BASE_R049,MLE_BASE,LOCAL_WINDOW_HPP_BASE,49,SERVICE_VARIABILITY_SCV000_ICV000|SERVICE_VARIABILITY_SCV000_ICV050|SERVICE_VARIABILITY_SCV000_ICV100|SERVICE_VARIABILITY_SCV050_ICV000|SERVICE_VARIABILITY_SCV050_ICV050|SERVICE_VARIABILITY_SCV050_ICV100|SERVICE_VARIABILITY_SCV100_ICV000|SERVICE_VARIABILITY_SCV100_ICV050|SERVICE_VARIABILITY_SCV100_ICV100,202607290000,202609290491,202609290492,202609290493,202609290494
1.0,TASK3_SERVICE_VARIABILITY_SENSITIVITY_V1,SV_CRN_BASE_R050,MLE_BASE,LOCAL_WINDOW_HPP_BASE,50,SERVICE_VARIABILITY_SCV000_ICV000|SERVICE_VARIABILITY_SCV000_ICV050|SERVICE_VARIABILITY_SCV000_ICV100|SERVICE_VARIABILITY_SCV050_ICV000|SERVICE_VARIABILITY_SCV050_ICV050|SERVICE_VARIABILITY_SCV050_ICV100|SERVICE_VARIABILITY_SCV100_ICV000|SERVICE_VARIABILITY_SCV100_ICV050|SERVICE_VARIABILITY_SCV100_ICV100,202607290000,202609290501,202609290502,202609290503,202609290504
