schema_version,study_id,analysis_role,scenario_id,arrival_level_id,input_sample_id,metric,n_replications,mean,standard_deviation,standard_error,ci_level,ci_low,ci_high
1.0,TASK3_CAPACITY_MECHANISM_CONFIRMATORY_V1,POST_HOC_SUPPORTING_LOAD_DIAGNOSTIC,CAPACITY_BOTH_PLUS,MLE_BASE,LOCAL_WINDOW_HPP_BASE,security_nominal_offered_load,50,0.744116343797,3.89144086681e-17,5.50332845101e-18,0.95,0.744116343797,0.744116343797
1.0,TASK3_CAPACITY_MECHANISM_CONFIRMATORY_V1,POST_HOC_SUPPORTING_LOAD_DIAGNOSTIC,CAPACITY_BOTH_PLUS,MLE_BASE,LOCAL_WINDOW_HPP_BASE,immigration_nominal_offered_load,50,0.738948869193,0,0,0.95,0.738948869193,0.738948869193
1.0,TASK3_CAPACITY_MECHANISM_CONFIRMATORY_V1,POST_HOC_SUPPORTING_LOAD_DIAGNOSTIC,CAPACITY_BOTH_PLUS,MLE_BASE,LOCAL_WINDOW_HPP_BASE,security_arrival_window_utilization,50,0.721899797036,0.0347272504814,0.00491117486147,0.95,0.712030421649,0.731769172423
1.0,TASK3_CAPACITY_MECHANISM_CONFIRMATORY_V1,POST_HOC_SUPPORTING_LOAD_DIAGNOSTIC,CAPACITY_BOTH_PLUS,MLE_BASE,LOCAL_WINDOW_HPP_BASE,immigration_arrival_window_utilization,50,0.672225044186,0.0325492523934,0.00460315941799,0.95,0.662974649007,0.681475439365
1.0,TASK3_CAPACITY_MECHANISM_CONFIRMATORY_V1,POST_HOC_SUPPORTING_LOAD_DIAGNOSTIC,CAPACITY_BOTH_PLUS,MLE_BASE,LOCAL_WINDOW_HPP_BASE,total_queue_wait_exceed_15_rate,50,0,0,0,0.95,0,0
1.0,TASK3_CAPACITY_MECHANISM_CONFIRMATORY_V1,POST_HOC_SUPPORTING_LOAD_DIAGNOSTIC,CAPACITY_BOTH_PLUS,MLE_BASE,LOCAL_WINDOW_HPP_BASE,total_queue_wait_exceed_30_rate,50,0,0,0,0.95,0,0
1.0,TASK3_CAPACITY_MECHANISM_CONFIRMATORY_V1,POST_HOC_SUPPORTING_LOAD_DIAGNOSTIC,CAPACITY_BOTH_PLUS,MLE_BASE,LOCAL_WINDOW_HPP_BASE,total_queue_wait_exceed_60_rate,50,0,0,0,0.95,0,0
1.0,TASK3_CAPACITY_MECHANISM_CONFIRMATORY_V1,POST_HOC_SUPPORTING_LOAD_DIAGNOSTIC,CAPACITY_BOTH_PLUS,EXACT95_HIGH,LOCAL_WINDOW_HPP_EXACT95_HIGH,security_nominal_offered_load,50,1.03982800582,3.14018491737e-17,4.4408920985e-18,0.95,1.03982800582,1.03982800582
1.0,TASK3_CAPACITY_MECHANISM_CONFIRMATORY_V1,POST_HOC_SUPPORTING_LOAD_DIAGNOSTIC,CAPACITY_BOTH_PLUS,EXACT95_HIGH,LOCAL_WINDOW_HPP_EXACT95_HIGH,immigration_nominal_offered_load,50,1.03260697801,0,0,0.95,1.03260697801,1.03260697801
1.0,TASK3_CAPACITY_MECHANISM_CONFIRMATORY_V1,POST_HOC_SUPPORTING_LOAD_DIAGNOSTIC,CAPACITY_BOTH_PLUS,EXACT95_HIGH,LOCAL_WINDOW_HPP_EXACT95_HIGH,security_arrival_window_utilization,50,0.948461569093,0.0160871485613,0.00227506636752,0.95,0.943889652058,0.953033486128
1.0,TASK3_CAPACITY_MECHANISM_CONFIRMATORY_V1,POST_HOC_SUPPORTING_LOAD_DIAGNOSTIC,CAPACITY_BOTH_PLUS,EXACT95_HIGH,LOCAL_WINDOW_HPP_EXACT95_HIGH,immigration_arrival_window_utilization,50,0.881097685154,0.0150789956467,0.00213249201506,0.95,0.876812282008,0.885383088301
1.0,TASK3_CAPACITY_MECHANISM_CONFIRMATORY_V1,POST_HOC_SUPPORTING_LOAD_DIAGNOSTIC,CAPACITY_BOTH_PLUS,EXACT95_HIGH,LOCAL_WINDOW_HPP_EXACT95_HIGH,total_queue_wait_exceed_15_rate,50,0.202351986414,0.211888960748,0.0299656242007,0.95,0.142133810055,0.262570162772
1.0,TASK3_CAPACITY_MECHANISM_CONFIRMATORY_V1,POST_HOC_SUPPORTING_LOAD_DIAGNOSTIC,CAPACITY_BOTH_PLUS,EXACT95_HIGH,LOCAL_WINDOW_HPP_EXACT95_HIGH,total_queue_wait_exceed_30_rate,50,0.0136500365514,0.0448333873061,0.00634039843754,0.95,0.000908528857824,0.0263915442451
1.0,TASK3_CAPACITY_MECHANISM_CONFIRMATORY_V1,POST_HOC_SUPPORTING_LOAD_DIAGNOSTIC,CAPACITY_BOTH_PLUS,EXACT95_HIGH,LOCAL_WINDOW_HPP_EXACT95_HIGH,total_queue_wait_exceed_60_rate,50,0,0,0,0.95,0,0
1.0,TASK3_CAPACITY_MECHANISM_CONFIRMATORY_V1,POST_HOC_SUPPORTING_LOAD_DIAGNOSTIC,CAPACITY_BOTH_PLUS,EXACT95_LOW,LOCAL_WINDOW_HPP_EXACT95_LOW,security_nominal_offered_load,50,0.515322199641,5.49417910395e-17,7.76994260292e-18,0.95,0.515322199641,0.515322199641
1.0,TASK3_CAPACITY_MECHANISM_CONFIRMATORY_V1,POST_HOC_SUPPORTING_LOAD_DIAGNOSTIC,CAPACITY_BOTH_PLUS,EXACT95_LOW,LOCAL_WINDOW_HPP_EXACT95_LOW,immigration_nominal_offered_load,50,0.511743573259,0,0,0.95,0.511743573259,0.511743573259
1.0,TASK3_CAPACITY_MECHANISM_CONFIRMATORY_V1,POST_HOC_SUPPORTING_LOAD_DIAGNOSTIC,CAPACITY_BOTH_PLUS,EXACT95_LOW,LOCAL_WINDOW_HPP_EXACT95_LOW,security_arrival_window_utilization,50,0.500350510069,0.0327177735631,0.00462699191035,0.95,0.491052221704,0.509648798435
1.0,TASK3_CAPACITY_MECHANISM_CONFIRMATORY_V1,POST_HOC_SUPPORTING_LOAD_DIAGNOSTIC,CAPACITY_BOTH_PLUS,EXACT95_LOW,LOCAL_WINDOW_HPP_EXACT95_LOW,immigration_arrival_window_utilization,50,0.466642330752,0.0305720128598,0.00432353552153,0.95,0.457953860831,0.475330800673
1.0,TASK3_CAPACITY_MECHANISM_CONFIRMATORY_V1,POST_HOC_SUPPORTING_LOAD_DIAGNOSTIC,CAPACITY_BOTH_PLUS,EXACT95_LOW,LOCAL_WINDOW_HPP_EXACT95_LOW,total_queue_wait_exceed_15_rate,50,0,0,0,0.95,0,0
1.0,TASK3_CAPACITY_MECHANISM_CONFIRMATORY_V1,POST_HOC_SUPPORTING_LOAD_DIAGNOSTIC,CAPACITY_BOTH_PLUS,EXACT95_LOW,LOCAL_WINDOW_HPP_EXACT95_LOW,total_queue_wait_exceed_30_rate,50,0,0,0,0.95,0,0
1.0,TASK3_CAPACITY_MECHANISM_CONFIRMATORY_V1,POST_HOC_SUPPORTING_LOAD_DIAGNOSTIC,CAPACITY_BOTH_PLUS,EXACT95_LOW,LOCAL_WINDOW_HPP_EXACT95_LOW,total_queue_wait_exceed_60_rate,50,0,0,0,0.95,0,0
1.0,TASK3_CAPACITY_MECHANISM_CONFIRMATORY_V1,POST_HOC_SUPPORTING_LOAD_DIAGNOSTIC,CAPACITY_IMMIGRATION_PLUS_3,MLE_BASE,LOCAL_WINDOW_HPP_BASE,security_nominal_offered_load,50,0.826795937552,3.89144086681e-17,5.50332845101e-18,0.95,0.826795937552,0.826795937552
1.0,TASK3_CAPACITY_MECHANISM_CONFIRMATORY_V1,POST_HOC_SUPPORTING_LOAD_DIAGNOSTIC,CAPACITY_IMMIGRATION_PLUS_3,MLE_BASE,LOCAL_WINDOW_HPP_BASE,immigration_nominal_offered_load,50,0.738948869193,0,0,0.95,0.738948869193,0.738948869193
1.0,TASK3_CAPACITY_MECHANISM_CONFIRMATORY_V1,POST_HOC_SUPPORTING_LOAD_DIAGNOSTIC,CAPACITY_IMMIGRATION_PLUS_3,MLE_BASE,LOCAL_WINDOW_HPP_BASE,security_arrival_window_utilization,50,0.800803545533,0.0379247062358,0.00536336339077,0.95,0.790025463275,0.811581627791
1.0,TASK3_CAPACITY_MECHANISM_CONFIRMATORY_V1,POST_HOC_SUPPORTING_LOAD_DIAGNOSTIC,CAPACITY_IMMIGRATION_PLUS_3,MLE_BASE,LOCAL_WINDOW_HPP_BASE,immigration_arrival_window_utilization,50,0.671339222718,0.0323390818641,0.00457343681669,0.95,0.662148557342,0.680529888093
1.0,TASK3_CAPACITY_MECHANISM_CONFIRMATORY_V1,POST_HOC_SUPPORTING_LOAD_DIAGNOSTIC,CAPACITY_IMMIGRATION_PLUS_3,MLE_BASE,LOCAL_WINDOW_HPP_BASE,total_queue_wait_exceed_15_rate,50,0.00184615384615,0.0130542790373,0.00184615384615,0.95,-0.00186383120701,0.00555613889932
1.0,TASK3_CAPACITY_MECHANISM_CONFIRMATORY_V1,POST_HOC_SUPPORTING_LOAD_DIAGNOSTIC,CAPACITY_IMMIGRATION_PLUS_3,MLE_BASE,LOCAL_WINDOW_HPP_BASE,total_queue_wait_exceed_30_rate,50,0,0,0,0.95,0,0
1.0,TASK3_CAPACITY_MECHANISM_CONFIRMATORY_V1,POST_HOC_SUPPORTING_LOAD_DIAGNOSTIC,CAPACITY_IMMIGRATION_PLUS_3,MLE_BASE,LOCAL_WINDOW_HPP_BASE,total_queue_wait_exceed_60_rate,50,0,0,0,0.95,0,0
1.0,TASK3_CAPACITY_MECHANISM_CONFIRMATORY_V1,POST_HOC_SUPPORTING_LOAD_DIAGNOSTIC,CAPACITY_IMMIGRATION_PLUS_3,EXACT95_HIGH,LOCAL_WINDOW_HPP_EXACT95_HIGH,security_nominal_offered_load,50,1.15536445091,0,0,0.95,1.15536445091,1.15536445091
1.0,TASK3_CAPACITY_MECHANISM_CONFIRMATORY_V1,POST_HOC_SUPPORTING_LOAD_DIAGNOSTIC,CAPACITY_IMMIGRATION_PLUS_3,EXACT95_HIGH,LOCAL_WINDOW_HPP_EXACT95_HIGH,immigration_nominal_offered_load,50,1.03260697801,0,0,0.95,1.03260697801,1.03260697801
1.0,TASK3_CAPACITY_MECHANISM_CONFIRMATORY_V1,POST_HOC_SUPPORTING_LOAD_DIAGNOSTIC,CAPACITY_IMMIGRATION_PLUS_3,EXACT95_HIGH,LOCAL_WINDOW_HPP_EXACT95_HIGH,security_arrival_window_utilization,50,0.963813312076,0.00789962179282,0.0011171752277,0.95,0.961568264402,0.966058359749
1.0,TASK3_CAPACITY_MECHANISM_CONFIRMATORY_V1,POST_HOC_SUPPORTING_LOAD_DIAGNOSTIC,CAPACITY_IMMIGRATION_PLUS_3,EXACT95_HIGH,LOCAL_WINDOW_HPP_EXACT95_HIGH,immigration_arrival_window_utilization,50,0.808319689762,0.00637917613947,0.00090215174132,0.95,0.806506747962,0.810132631561
1.0,TASK3_CAPACITY_MECHANISM_CONFIRMATORY_V1,POST_HOC_SUPPORTING_LOAD_DIAGNOSTIC,CAPACITY_IMMIGRATION_PLUS_3,EXACT95_HIGH,LOCAL_WINDOW_HPP_EXACT95_HIGH,total_queue_wait_exceed_15_rate,50,0.615820808352,0.154909896144,0.0219075676073,0.95,0.571795902982,0.659845713721
1.0,TASK3_CAPACITY_MECHANISM_CONFIRMATORY_V1,POST_HOC_SUPPORTING_LOAD_DIAGNOSTIC,CAPACITY_IMMIGRATION_PLUS_3,EXACT95_HIGH,LOCAL_WINDOW_HPP_EXACT95_HIGH,total_queue_wait_exceed_30_rate,50,0.316542481477,0.176871999128,0.0250134779971,0.95,0.2662760155,0.366808947455
1.0,TASK3_CAPACITY_MECHANISM_CONFIRMATORY_V1,POST_HOC_SUPPORTING_LOAD_DIAGNOSTIC,CAPACITY_IMMIGRATION_PLUS_3,EXACT95_HIGH,LOCAL_WINDOW_HPP_EXACT95_HIGH,total_queue_wait_exceed_60_rate,50,0.014446617717,0.0383011407433,0.00541659926935,0.95,0.00356155395583,0.0253316814781
1.0,TASK3_CAPACITY_MECHANISM_CONFIRMATORY_V1,POST_HOC_SUPPORTING_LOAD_DIAGNOSTIC,CAPACITY_IMMIGRATION_PLUS_3,EXACT95_LOW,LOCAL_WINDOW_HPP_EXACT95_LOW,security_nominal_offered_load,50,0.572580221824,0,0,0.95,0.572580221824,0.572580221824
1.0,TASK3_CAPACITY_MECHANISM_CONFIRMATORY_V1,POST_HOC_SUPPORTING_LOAD_DIAGNOSTIC,CAPACITY_IMMIGRATION_PLUS_3,EXACT95_LOW,LOCAL_WINDOW_HPP_EXACT95_LOW,immigration_nominal_offered_load,50,0.511743573259,0,0,0.95,0.511743573259,0.511743573259
1.0,TASK3_CAPACITY_MECHANISM_CONFIRMATORY_V1,POST_HOC_SUPPORTING_LOAD_DIAGNOSTIC,CAPACITY_IMMIGRATION_PLUS_3,EXACT95_LOW,LOCAL_WINDOW_HPP_EXACT95_LOW,security_arrival_window_utilization,50,0.555945011188,0.0363530817367,0.00514110212261,0.95,0.545613579671,0.566276442705
1.0,TASK3_CAPACITY_MECHANISM_CONFIRMATORY_V1,POST_HOC_SUPPORTING_LOAD_DIAGNOSTIC,CAPACITY_IMMIGRATION_PLUS_3,EXACT95_LOW,LOCAL_WINDOW_HPP_EXACT95_LOW,immigration_arrival_window_utilization,50,0.466642330752,0.0305720128598,0.00432353552153,0.95,0.457953860831,0.475330800673
1.0,TASK3_CAPACITY_MECHANISM_CONFIRMATORY_V1,POST_HOC_SUPPORTING_LOAD_DIAGNOSTIC,CAPACITY_IMMIGRATION_PLUS_3,EXACT95_LOW,LOCAL_WINDOW_HPP_EXACT95_LOW,total_queue_wait_exceed_15_rate,50,0,0,0,0.95,0,0
1.0,TASK3_CAPACITY_MECHANISM_CONFIRMATORY_V1,POST_HOC_SUPPORTING_LOAD_DIAGNOSTIC,CAPACITY_IMMIGRATION_PLUS_3,EXACT95_LOW,LOCAL_WINDOW_HPP_EXACT95_LOW,total_queue_wait_exceed_30_rate,50,0,0,0,0.95,0,0
1.0,TASK3_CAPACITY_MECHANISM_CONFIRMATORY_V1,POST_HOC_SUPPORTING_LOAD_DIAGNOSTIC,CAPACITY_IMMIGRATION_PLUS_3,EXACT95_LOW,LOCAL_WINDOW_HPP_EXACT95_LOW,total_queue_wait_exceed_60_rate,50,0,0,0,0.95,0,0
1.0,TASK3_CAPACITY_MECHANISM_CONFIRMATORY_V1,POST_HOC_SUPPORTING_LOAD_DIAGNOSTIC,CAPACITY_SECURITY_PLUS_4,MLE_BASE,LOCAL_WINDOW_HPP_BASE,security_nominal_offered_load,50,0.744116343797,3.89144086681e-17,5.50332845101e-18,0.95,0.744116343797,0.744116343797
1.0,TASK3_CAPACITY_MECHANISM_CONFIRMATORY_V1,POST_HOC_SUPPORTING_LOAD_DIAGNOSTIC,CAPACITY_SECURITY_PLUS_4,MLE_BASE,LOCAL_WINDOW_HPP_BASE,immigration_nominal_offered_load,50,0.844512993364,0,0,0.95,0.844512993364,0.844512993364
1.0,TASK3_CAPACITY_MECHANISM_CONFIRMATORY_V1,POST_HOC_SUPPORTING_LOAD_DIAGNOSTIC,CAPACITY_SECURITY_PLUS_4,MLE_BASE,LOCAL_WINDOW_HPP_BASE,security_arrival_window_utilization,50,0.721899797036,0.0347272504814,0.00491117486147,0.95,0.712030421649,0.731769172423
1.0,TASK3_CAPACITY_MECHANISM_CONFIRMATORY_V1,POST_HOC_SUPPORTING_LOAD_DIAGNOSTIC,CAPACITY_SECURITY_PLUS_4,MLE_BASE,LOCAL_WINDOW_HPP_BASE,immigration_arrival_window_utilization,50,0.766263296759,0.0366668962052,0.00518548219036,0.95,0.755842680157,0.776683913362
1.0,TASK3_CAPACITY_MECHANISM_CONFIRMATORY_V1,POST_HOC_SUPPORTING_LOAD_DIAGNOSTIC,CAPACITY_SECURITY_PLUS_4,MLE_BASE,LOCAL_WINDOW_HPP_BASE,total_queue_wait_exceed_15_rate,50,0.0047032967033,0.0332573299283,0.0047032967033,0.95,-0.00474833188452,0.0141549252911
1.0,TASK3_CAPACITY_MECHANISM_CONFIRMATORY_V1,POST_HOC_SUPPORTING_LOAD_DIAGNOSTIC,CAPACITY_SECURITY_PLUS_4,MLE_BASE,LOCAL_WINDOW_HPP_BASE,total_queue_wait_exceed_30_rate,50,0,0,0,0.95,0,0
1.0,TASK3_CAPACITY_MECHANISM_CONFIRMATORY_V1,POST_HOC_SUPPORTING_LOAD_DIAGNOSTIC,CAPACITY_SECURITY_PLUS_4,MLE_BASE,LOCAL_WINDOW_HPP_BASE,total_queue_wait_exceed_60_rate,50,0,0,0,0.95,0,0
1.0,TASK3_CAPACITY_MECHANISM_CONFIRMATORY_V1,POST_HOC_SUPPORTING_LOAD_DIAGNOSTIC,CAPACITY_SECURITY_PLUS_4,EXACT95_HIGH,LOCAL_WINDOW_HPP_EXACT95_HIGH,security_nominal_offered_load,50,1.03982800582,3.14018491737e-17,4.4408920985e-18,0.95,1.03982800582,1.03982800582
1.0,TASK3_CAPACITY_MECHANISM_CONFIRMATORY_V1,POST_HOC_SUPPORTING_LOAD_DIAGNOSTIC,CAPACITY_SECURITY_PLUS_4,EXACT95_HIGH,LOCAL_WINDOW_HPP_EXACT95_HIGH,immigration_nominal_offered_load,50,1.18012226058,0,0,0.95,1.18012226058,1.18012226058
1.0,TASK3_CAPACITY_MECHANISM_CONFIRMATORY_V1,POST_HOC_SUPPORTING_LOAD_DIAGNOSTIC,CAPACITY_SECURITY_PLUS_4,EXACT95_HIGH,LOCAL_WINDOW_HPP_EXACT95_HIGH,security_arrival_window_utilization,50,0.948461569093,0.0160871485613,0.00227506636752,0.95,0.943889652058,0.953033486128
1.0,TASK3_CAPACITY_MECHANISM_CONFIRMATORY_V1,POST_HOC_SUPPORTING_LOAD_DIAGNOSTIC,CAPACITY_SECURITY_PLUS_4,EXACT95_HIGH,LOCAL_WINDOW_HPP_EXACT95_HIGH,immigration_arrival_window_utilization,50,0.904100562127,0.00608125311461,0.000860019063091,0.95,0.902372289115,0.90582883514
1.0,TASK3_CAPACITY_MECHANISM_CONFIRMATORY_V1,POST_HOC_SUPPORTING_LOAD_DIAGNOSTIC,CAPACITY_SECURITY_PLUS_4,EXACT95_HIGH,LOCAL_WINDOW_HPP_EXACT95_HIGH,total_queue_wait_exceed_15_rate,50,0.676356135209,0.116835325385,0.0165230101724,0.95,0.643151903123,0.709560367294
1.0,TASK3_CAPACITY_MECHANISM_CONFIRMATORY_V1,POST_HOC_SUPPORTING_LOAD_DIAGNOSTIC,CAPACITY_SECURITY_PLUS_4,EXACT95_HIGH,LOCAL_WINDOW_HPP_EXACT95_HIGH,total_queue_wait_exceed_30_rate,50,0.400475951249,0.167905378417,0.0237454063353,0.95,0.352757770682,0.448194131816
1.0,TASK3_CAPACITY_MECHANISM_CONFIRMATORY_V1,POST_HOC_SUPPORTING_LOAD_DIAGNOSTIC,CAPACITY_SECURITY_PLUS_4,EXACT95_HIGH,LOCAL_WINDOW_HPP_EXACT95_HIGH,total_queue_wait_exceed_60_rate,50,0.0416133408424,0.0713343681088,0.0100882030843,0.95,0.0213403377371,0.0618863439477
1.0,TASK3_CAPACITY_MECHANISM_CONFIRMATORY_V1,POST_HOC_SUPPORTING_LOAD_DIAGNOSTIC,CAPACITY_SECURITY_PLUS_4,EXACT95_LOW,LOCAL_WINDOW_HPP_EXACT95_LOW,security_nominal_offered_load,50,0.515322199641,5.49417910395e-17,7.76994260292e-18,0.95,0.515322199641,0.515322199641
1.0,TASK3_CAPACITY_MECHANISM_CONFIRMATORY_V1,POST_HOC_SUPPORTING_LOAD_DIAGNOSTIC,CAPACITY_SECURITY_PLUS_4,EXACT95_LOW,LOCAL_WINDOW_HPP_EXACT95_LOW,immigration_nominal_offered_load,50,0.584849798011,0,0,0.95,0.584849798011,0.584849798011
1.0,TASK3_CAPACITY_MECHANISM_CONFIRMATORY_V1,POST_HOC_SUPPORTING_LOAD_DIAGNOSTIC,CAPACITY_SECURITY_PLUS_4,EXACT95_LOW,LOCAL_WINDOW_HPP_EXACT95_LOW,security_arrival_window_utilization,50,0.500350510069,0.0327177735631,0.00462699191035,0.95,0.491052221704,0.509648798435
1.0,TASK3_CAPACITY_MECHANISM_CONFIRMATORY_V1,POST_HOC_SUPPORTING_LOAD_DIAGNOSTIC,CAPACITY_SECURITY_PLUS_4,EXACT95_LOW,LOCAL_WINDOW_HPP_EXACT95_LOW,immigration_arrival_window_utilization,50,0.533268197759,0.0349566504346,0.00494361691397,0.95,0.523333627626,0.543202767891
1.0,TASK3_CAPACITY_MECHANISM_CONFIRMATORY_V1,POST_HOC_SUPPORTING_LOAD_DIAGNOSTIC,CAPACITY_SECURITY_PLUS_4,EXACT95_LOW,LOCAL_WINDOW_HPP_EXACT95_LOW,total_queue_wait_exceed_15_rate,50,0,0,0,0.95,0,0
1.0,TASK3_CAPACITY_MECHANISM_CONFIRMATORY_V1,POST_HOC_SUPPORTING_LOAD_DIAGNOSTIC,CAPACITY_SECURITY_PLUS_4,EXACT95_LOW,LOCAL_WINDOW_HPP_EXACT95_LOW,total_queue_wait_exceed_30_rate,50,0,0,0,0.95,0,0
1.0,TASK3_CAPACITY_MECHANISM_CONFIRMATORY_V1,POST_HOC_SUPPORTING_LOAD_DIAGNOSTIC,CAPACITY_SECURITY_PLUS_4,EXACT95_LOW,LOCAL_WINDOW_HPP_EXACT95_LOW,total_queue_wait_exceed_60_rate,50,0,0,0,0.95,0,0
1.0,TASK3_CAPACITY_MECHANISM_CONFIRMATORY_V1,POST_HOC_SUPPORTING_LOAD_DIAGNOSTIC,REFERENCE_ASSUMPTION_SANDBOX_V1,MLE_BASE,LOCAL_WINDOW_HPP_BASE,security_nominal_offered_load,50,0.826795937552,3.89144086681e-17,5.50332845101e-18,0.95,0.826795937552,0.826795937552
1.0,TASK3_CAPACITY_MECHANISM_CONFIRMATORY_V1,POST_HOC_SUPPORTING_LOAD_DIAGNOSTIC,REFERENCE_ASSUMPTION_SANDBOX_V1,MLE_BASE,LOCAL_WINDOW_HPP_BASE,immigration_nominal_offered_load,50,0.844512993364,0,0,0.95,0.844512993364,0.844512993364
1.0,TASK3_CAPACITY_MECHANISM_CONFIRMATORY_V1,POST_HOC_SUPPORTING_LOAD_DIAGNOSTIC,REFERENCE_ASSUMPTION_SANDBOX_V1,MLE_BASE,LOCAL_WINDOW_HPP_BASE,security_arrival_window_utilization,50,0.800803545533,0.0379247062358,0.00536336339077,0.95,0.790025463275,0.811581627791
1.0,TASK3_CAPACITY_MECHANISM_CONFIRMATORY_V1,POST_HOC_SUPPORTING_LOAD_DIAGNOSTIC,REFERENCE_ASSUMPTION_SANDBOX_V1,MLE_BASE,LOCAL_WINDOW_HPP_BASE,immigration_arrival_window_utilization,50,0.765963072924,0.0366085834456,0.0051772355208,0.95,0.755559028624,0.776367117223
1.0,TASK3_CAPACITY_MECHANISM_CONFIRMATORY_V1,POST_HOC_SUPPORTING_LOAD_DIAGNOSTIC,REFERENCE_ASSUMPTION_SANDBOX_V1,MLE_BASE,LOCAL_WINDOW_HPP_BASE,total_queue_wait_exceed_15_rate,50,0.00518681318681,0.0366763077714,0.00518681318681,0.95,-0.00523647815302,0.0156101045266
1.0,TASK3_CAPACITY_MECHANISM_CONFIRMATORY_V1,POST_HOC_SUPPORTING_LOAD_DIAGNOSTIC,REFERENCE_ASSUMPTION_SANDBOX_V1,MLE_BASE,LOCAL_WINDOW_HPP_BASE,total_queue_wait_exceed_30_rate,50,0,0,0,0.95,0,0
1.0,TASK3_CAPACITY_MECHANISM_CONFIRMATORY_V1,POST_HOC_SUPPORTING_LOAD_DIAGNOSTIC,REFERENCE_ASSUMPTION_SANDBOX_V1,MLE_BASE,LOCAL_WINDOW_HPP_BASE,total_queue_wait_exceed_60_rate,50,0,0,0,0.95,0,0
1.0,TASK3_CAPACITY_MECHANISM_CONFIRMATORY_V1,POST_HOC_SUPPORTING_LOAD_DIAGNOSTIC,REFERENCE_ASSUMPTION_SANDBOX_V1,EXACT95_HIGH,LOCAL_WINDOW_HPP_EXACT95_HIGH,security_nominal_offered_load,50,1.15536445091,0,0,0.95,1.15536445091,1.15536445091
1.0,TASK3_CAPACITY_MECHANISM_CONFIRMATORY_V1,POST_HOC_SUPPORTING_LOAD_DIAGNOSTIC,REFERENCE_ASSUMPTION_SANDBOX_V1,EXACT95_HIGH,LOCAL_WINDOW_HPP_EXACT95_HIGH,immigration_nominal_offered_load,50,1.18012226058,0,0,0.95,1.18012226058,1.18012226058
1.0,TASK3_CAPACITY_MECHANISM_CONFIRMATORY_V1,POST_HOC_SUPPORTING_LOAD_DIAGNOSTIC,REFERENCE_ASSUMPTION_SANDBOX_V1,EXACT95_HIGH,LOCAL_WINDOW_HPP_EXACT95_HIGH,security_arrival_window_utilization,50,0.963813312076,0.00789962179282,0.0011171752277,0.95,0.961568264402,0.966058359749
1.0,TASK3_CAPACITY_MECHANISM_CONFIRMATORY_V1,POST_HOC_SUPPORTING_LOAD_DIAGNOSTIC,REFERENCE_ASSUMPTION_SANDBOX_V1,EXACT95_HIGH,LOCAL_WINDOW_HPP_EXACT95_HIGH,immigration_arrival_window_utilization,50,0.902307235711,0.0052968189058,0.000749083313402,0.95,0.900801896434,0.903812574988
1.0,TASK3_CAPACITY_MECHANISM_CONFIRMATORY_V1,POST_HOC_SUPPORTING_LOAD_DIAGNOSTIC,REFERENCE_ASSUMPTION_SANDBOX_V1,EXACT95_HIGH,LOCAL_WINDOW_HPP_EXACT95_HIGH,total_queue_wait_exceed_15_rate,50,0.687204216407,0.118452229802,0.0167516749879,0.95,0.653540465171,0.720867967643
1.0,TASK3_CAPACITY_MECHANISM_CONFIRMATORY_V1,POST_HOC_SUPPORTING_LOAD_DIAGNOSTIC,REFERENCE_ASSUMPTION_SANDBOX_V1,EXACT95_HIGH,LOCAL_WINDOW_HPP_EXACT95_HIGH,total_queue_wait_exceed_30_rate,50,0.4099686639,0.167946020203,0.0237511539518,0.95,0.362238933065,0.457698394735
1.0,TASK3_CAPACITY_MECHANISM_CONFIRMATORY_V1,POST_HOC_SUPPORTING_LOAD_DIAGNOSTIC,REFERENCE_ASSUMPTION_SANDBOX_V1,EXACT95_HIGH,LOCAL_WINDOW_HPP_EXACT95_HIGH,total_queue_wait_exceed_60_rate,50,0.0445928318625,0.0756560464661,0.0106993806988,0.95,0.0230916213576,0.0660940423674
1.0,TASK3_CAPACITY_MECHANISM_CONFIRMATORY_V1,POST_HOC_SUPPORTING_LOAD_DIAGNOSTIC,REFERENCE_ASSUMPTION_SANDBOX_V1,EXACT95_LOW,LOCAL_WINDOW_HPP_EXACT95_LOW,security_nominal_offered_load,50,0.572580221824,0,0,0.95,0.572580221824,0.572580221824
1.0,TASK3_CAPACITY_MECHANISM_CONFIRMATORY_V1,POST_HOC_SUPPORTING_LOAD_DIAGNOSTIC,REFERENCE_ASSUMPTION_SANDBOX_V1,EXACT95_LOW,LOCAL_WINDOW_HPP_EXACT95_LOW,immigration_nominal_offered_load,50,0.584849798011,0,0,0.95,0.584849798011,0.584849798011
1.0,TASK3_CAPACITY_MECHANISM_CONFIRMATORY_V1,POST_HOC_SUPPORTING_LOAD_DIAGNOSTIC,REFERENCE_ASSUMPTION_SANDBOX_V1,EXACT95_LOW,LOCAL_WINDOW_HPP_EXACT95_LOW,security_arrival_window_utilization,50,0.555945011188,0.0363530817367,0.00514110212261,0.95,0.545613579671,0.566276442705
1.0,TASK3_CAPACITY_MECHANISM_CONFIRMATORY_V1,POST_HOC_SUPPORTING_LOAD_DIAGNOSTIC,REFERENCE_ASSUMPTION_SANDBOX_V1,EXACT95_LOW,LOCAL_WINDOW_HPP_EXACT95_LOW,immigration_arrival_window_utilization,50,0.533268197759,0.0349566504346,0.00494361691397,0.95,0.523333627626,0.543202767891
1.0,TASK3_CAPACITY_MECHANISM_CONFIRMATORY_V1,POST_HOC_SUPPORTING_LOAD_DIAGNOSTIC,REFERENCE_ASSUMPTION_SANDBOX_V1,EXACT95_LOW,LOCAL_WINDOW_HPP_EXACT95_LOW,total_queue_wait_exceed_15_rate,50,0,0,0,0.95,0,0
1.0,TASK3_CAPACITY_MECHANISM_CONFIRMATORY_V1,POST_HOC_SUPPORTING_LOAD_DIAGNOSTIC,REFERENCE_ASSUMPTION_SANDBOX_V1,EXACT95_LOW,LOCAL_WINDOW_HPP_EXACT95_LOW,total_queue_wait_exceed_30_rate,50,0,0,0,0.95,0,0
1.0,TASK3_CAPACITY_MECHANISM_CONFIRMATORY_V1,POST_HOC_SUPPORTING_LOAD_DIAGNOSTIC,REFERENCE_ASSUMPTION_SANDBOX_V1,EXACT95_LOW,LOCAL_WINDOW_HPP_EXACT95_LOW,total_queue_wait_exceed_60_rate,50,0,0,0,0.95,0,0
